scenario,min_method,max_method,min_el_plus_ul,max_el_plus_ul,abs_diff,rel_diff
0,Изотоническая регрессия,Бета-калибровка,558515030.5182903,565450998.9683902,6935968.450099945,0.012418588705953913
1,Изотоническая регрессия,Бета-калибровка,570901766.6194533,578729626.6101772,7827859.990723848,0.013711395634796966
2,Изотоническая регрессия,Бета-калибровка,568145600.4158019,575382005.1265512,7236404.7107492685,0.012736884181542984
3,Изотоническая регрессия,Бета-калибровка,565132595.8951528,572506492.1491518,7373896.253998995,0.013048081649438338
4,Изотоническая регрессия,Бета-калибровка,571243915.8121164,578853621.8985087,7609706.086392283,0.013321290390592336
5,Изотоническая регрессия,Бета-калибровка,561134028.2675493,569239814.5039659,8105786.236416578,0.014445365684634138
6,Изотоническая регрессия,Бета-калибровка,562595104.6124231,569880757.1521342,7285652.539711118,0.012950081648382402
7,Изотоническая регрессия,Бета-калибровка,565377550.3364816,573295760.5174534,7918210.180971861,0.0140051726076838
8,Изотоническая регрессия,Бета-калибровка,563630520.679102,570848228.6793805,7217708.000278592,0.012805743719453281
9,Изотоническая регрессия,Бета-калибровка,570151392.1848794,576997692.5167005,6846300.331821084,0.012007863921168989
10,Изотоническая регрессия,Бета-калибровка,568236885.1924744,575845101.3437929,7608216.15131855,0.013389162776262719
11,Изотоническая регрессия,Бета-калибровка,569818594.7468363,577104406.03393,7285811.287093639,0.012786194333181842
12,Изотоническая регрессия,Бета-калибровка,569790825.6296262,576793425.5989678,7002599.969341636,0.01228977311385046
13,Изотоническая регрессия,Бета-калибровка,562559627.5771551,569158025.0564181,6598397.479262948,0.011729241054288022
14,Изотоническая регрессия,Бета-калибровка,565131702.5651819,571822007.727022,6690305.1618402,0.011838488500065249
15,Изотоническая регрессия,Бета-калибровка,565349492.1775974,572818278.8507671,7468786.673169732,0.0132109195754323
16,Изотоническая регрессия,Бета-калибровка,564914443.6488582,572084622.0857861,7170178.436927915,0.012692503294153305
17,Изотоническая регрессия,Бета-калибровка,561870896.4042865,569161710.2584248,7290813.854138255,0.012975959247571082
18,Изотоническая регрессия,Бета-калибровка,562802762.492468,570007477.1373423,7204714.644874334,0.012801491259508087
19,Изотоническая регрессия,Бета-калибровка,564690264.0508859,572095640.1044862,7405376.053600311,0.013114049462225172
20,Изотоническая регрессия,Бета-калибровка,571626937.7782903,579068295.5931822,7441357.814891934,0.013017857142656422
21,Изотоническая регрессия,Бета-калибровка,564601473.541667,572123754.4969038,7522280.955236793,0.01332316918702065
22,Изотоническая регрессия,Бета-калибровка,565365203.2847286,572576241.8843198,7211038.599591136,0.012754655853765942
23,Изотоническая регрессия,Бета-калибровка,569680462.6797625,576929209.5426433,7248746.862880826,0.012724232859913967
24,Изотоническая регрессия,Бета-калибровка,572213518.3739419,579517396.3240094,7303877.95006752,0.012764252705568607
25,Изотоническая регрессия,Бета-калибровка,563113726.4219565,570230732.5726988,7117006.150742292,0.01263866572026931
26,Изотоническая регрессия,Бета-калибровка,564887848.9447225,572234737.8483553,7346888.90363276,0.013005924835093585
27,Изотоническая регрессия,Бета-калибровка,566931458.094867,574466037.534641,7534579.439774036,0.013290106470883547
28,Изотоническая регрессия,Бета-калибровка,569315740.2553029,576729303.4842405,7413563.228937626,0.013021883472979513
29,Изотоническая регрессия,Бета-калибровка,563863760.5880473,570688143.8865163,6824383.298469067,0.012102893953234365
30,Изотоническая регрессия,Бета-калибровка,557136279.0079346,564236804.3279326,7100525.319998026,0.012744683100948992
31,Изотоническая регрессия,Бета-калибровка,565693766.0840092,573176910.6331346,7483144.549125433,0.013228260585099214
32,Изотоническая регрессия,Бета-калибровка,565168150.1713443,572592524.5608757,7424374.389531374,0.013136576056666493
33,Изотоническая регрессия,Бета-калибровка,565890135.2082653,573259793.3406397,7369658.132374406,0.013023125292088968
34,Изотоническая регрессия,Бета-калибровка,571153761.2856278,578107905.487176,6954144.2015480995,0.012175607818628033
35,Изотоническая регрессия,Бета-калибровка,568178145.4996921,575328942.0100169,7150796.510324836,0.012585483209735161
36,Изотоническая регрессия,Бета-калибровка,568811641.1350414,575850896.0717039,7039254.936662555,0.012375370733650946
37,Изотоническая регрессия,Бета-калибровка,569436829.5268513,576728033.3523501,7291203.825498819,0.012804236479676117
38,Изотоническая регрессия,Бета-калибровка,566374144.3865906,573613369.0632184,7239224.676627755,0.012781700486112709
39,Изотоническая регрессия,Бета-калибровка,568313486.5778114,575537118.1726999,7223631.594888568,0.012710646087930794
40,Изотоническая регрессия,Бета-калибровка,568633151.0423645,575944674.4872833,7311523.444918871,0.012858067510689587
41,Изотоническая регрессия,Бета-калибровка,565881774.1588032,573607030.5219142,7725256.363111019,0.013651714396694959
42,Изотоническая регрессия,Бета-калибровка,564595165.7433015,572032435.1080534,7437269.364751935,0.013172747157621536
43,Изотоническая регрессия,Бета-калибровка,567557409.7139549,574858854.1980625,7301444.484107614,0.012864680046706626
44,Изотоническая регрессия,Бета-калибровка,563735395.514529,571011809.5056232,7276413.991094232,0.012907498888646063
45,Изотоническая регрессия,Бета-калибровка,567567603.6471606,574813092.2236704,7245488.576509714,0.01276586001376853
46,Изотоническая регрессия,Бета-калибровка,564158362.6185639,571728821.6259887,7570459.007424831,0.013419031798600378
47,Изотоническая регрессия,Бета-калибровка,564048492.0969365,571269710.5702391,7221218.473302603,0.01280247811044866
48,Изотоническая регрессия,Бета-калибровка,566325567.3932732,573798422.0782386,7472854.684965372,0.013195333418129082
49,Изотоническая регрессия,Бета-калибровка,565918700.0724597,573085393.0971338,7166693.024674058,0.012663820834611829
50,Изотоническая регрессия,Бета-калибровка,558228062.0241272,565550718.2425491,7322656.218421817,0.01311767844824921
51,Изотоническая регрессия,Бета-калибровка,561968650.4944371,569655743.5159093,7687093.021472216,0.013678864496638517
52,Изотоническая регрессия,Бета-калибровка,572047480.793781,579169760.5881004,7122279.794319391,0.012450504605730309
53,Изотоническая регрессия,Бета-калибровка,569879467.0178744,576445317.4908183,6565850.472943902,0.011521472263779533
54,Изотоническая регрессия,Бета-калибровка,564136214.1060072,572082499.5679855,7946285.461978316,0.014085756707838517
55,Изотоническая регрессия,Бета-калибровка,565148871.9358437,572601302.5077841,7452430.571940422,0.013186668048036783
56,Изотоническая регрессия,Бета-калибровка,567893308.7934718,574848693.669511,6955384.876039147,0.01224769647456551
57,Изотоническая регрессия,Бета-калибровка,565543719.1035371,572914029.5357233,7370310.432186246,0.013032255833146163
58,Изотоническая регрессия,Бета-калибровка,562254740.753124,569915697.0608922,7660956.307768226,0.01362541878705477
59,Изотоническая регрессия,Бета-калибровка,570422474.6012139,577612543.251964,7190068.650750041,0.012604813048042444
60,Изотоническая регрессия,Бета-калибровка,566879212.646652,574150943.1062136,7271730.459561586,0.012827654105733124
61,Изотоническая регрессия,Бета-калибровка,563492054.6375118,571005344.7091453,7513290.071633458,0.013333444561994177
62,Изотоническая регрессия,Бета-калибровка,569369700.7208059,576966277.657436,7596576.93663013,0.013342081475380721
63,Изотоническая регрессия,Бета-калибровка,564836389.834862,571974123.244025,7137733.409162998,0.012636815788815974
64,Изотоническая регрессия,Бета-калибровка,567063946.0721753,574306237.4945464,7242291.422371149,0.012771560372574558
65,Изотоническая регрессия,Бета-калибровка,562317784.3565589,569713984.2955581,7396199.938999176,0.01315306067984742
66,Изотоническая регрессия,Бета-калибровка,567794443.5529141,574642734.8057656,6848291.252851486,0.012061215692776107
67,Изотоническая регрессия,Бета-калибровка,561531953.3279033,568779128.4396837,7247175.111780405,0.012906077862230683
68,Изотоническая регрессия,Бета-калибровка,566530001.7823563,573525832.4747609,6995830.692404628,0.012348561718523452
69,Изотоническая регрессия,Бета-калибровка,563317548.3059385,570425978.1042852,7108429.798346758,0.012618868025190936
70,Изотоническая регрессия,Бета-калибровка,567728935.6369007,574714689.0887885,6985753.451887846,0.01230473384988023
71,Изотоническая регрессия,Бета-калибровка,565374355.4231297,572741621.1243708,7367265.701241136,0.013030774442762669
72,Изотоническая регрессия,Бета-калибровка,566122925.2310135,573650967.5375333,7528042.306519747,0.01329754011188972
73,Изотоническая регрессия,Бета-калибровка,564305126.7951467,571362193.3691037,7057066.573956966,0.012505763706305673
74,Изотоническая регрессия,Бета-калибровка,570197492.982919,577762987.7544868,7565494.7715678215,0.013268200693043833
75,Изотоническая регрессия,Бета-калибровка,567966745.7643602,575137503.6451426,7170757.880782366,0.012625312897733262
76,Изотоническая регрессия,Бета-калибровка,566650830.5605855,574399942.9559788,7749112.395393252,0.013675286397669417
77,Изотоническая регрессия,Бета-калибровка,567819328.5022957,575254010.5630827,7434682.0607869625,0.013093393774384177
78,Изотоническая регрессия,Бета-калибровка,563854902.4886849,571280654.4982316,7425752.009546757,0.013169615049495419
79,Изотоническая регрессия,Бета-калибровка,563496724.380399,571392838.8530598,7896114.47266078,0.014012706961771725
80,Изотоническая регрессия,Бета-калибровка,565357361.8486011,572878721.0144564,7521359.1658552885,0.013303725525501263
81,Изотоническая регрессия,Бета-калибровка,568456168.9903384,575520944.0983903,7064775.108051896,0.012428003236555553
82,Изотоническая регрессия,Бета-калибровка,563713038.6005114,570966468.336633,7253429.736121535,0.012867237831023188
83,Изотоническая регрессия,Бета-калибровка,567995581.0790442,574756788.8653992,6761207.786355019,0.01190362744285876
84,Изотоническая регрессия,Бета-калибровка,559687575.2227098,566787144.6247419,7099569.402032137,0.012684879415461547
85,Изотоническая регрессия,Бета-калибровка,563804139.8248885,571396720.7817581,7592580.956869602,0.01346669955142184
86,Изотоническая регрессия,Бета-калибровка,570299452.9754785,577156644.202465,6857191.226986527,0.012023843247981109
87,Изотоническая регрессия,Бета-калибровка,567580700.5126853,575138301.4070699,7557600.894384623,0.013315464897869113
88,Изотоническая регрессия,Бета-калибровка,569060461.4758325,576278714.2918799,7218252.81604743,0.012684509476070818
89,Изотоническая регрессия,Бета-калибровка,570362353.909591,577852826.9682428,7490473.058651805,0.013132832150137195
90,Изотоническая регрессия,Бета-калибровка,568234141.7589747,575547613.8904433,7313472.131468654,0.012870525711161467
91,Изотоническая регрессия,Бета-калибровка,567646981.8466859,574850685.7311835,7203703.8844976425,0.012690464522619923
92,Изотоническая регрессия,Бета-калибровка,560254762.8953228,567949853.0413717,7695090.146048903,0.013734983896043456
93,Изотоническая регрессия,Бета-калибровка,560817362.604218,568256620.3290591,7439257.724841118,0.013265027477566126
94,Изотоническая регрессия,Бета-калибровка,570845706.258682,578565513.8849975,7719807.6263154745,0.013523457462632118
95,Изотоническая регрессия,Бета-калибровка,563870284.6687065,571361527.0993245,7491242.4306179285,0.013285400267225102
96,Изотоническая регрессия,Бета-калибровка,563053427.4367839,570312805.9655664,7259378.528782487,0.012892876901273324
97,Изотоническая регрессия,Бета-калибровка,561816540.5401721,568837838.5799534,7021298.039781332,0.0124974925676459
98,Изотоническая регрессия,Бета-калибровка,564256370.0145957,571269968.8943232,7013598.879727483,0.01242980895288087
99,Изотоническая регрессия,Бета-калибровка,563524986.2092354,571040054.0160282,7515067.806792736,0.013335820044725418
100,Изотоническая регрессия,Бета-калибровка,561783334.7622505,569075335.5192695,7292000.757018924,0.012980094470237239
101,Изотоническая регрессия,Бета-калибровка,557707777.6449178,565079799.8431658,7372022.19824791,0.013218431755387028
102,Изотоническая регрессия,Бета-калибровка,564612247.6911216,572185145.5006251,7572897.809503555,0.013412563826717423
103,Изотоническая регрессия,Бета-калибровка,561197002.0574449,568293197.9696748,7096195.912229896,0.012644750214655493
104,Изотоническая регрессия,Бета-калибровка,565608745.5197043,573246370.1968784,7637624.677174091,0.013503370903779663
105,Изотоническая регрессия,Бета-калибровка,565832620.688117,573203400.6703174,7370779.982200384,0.013026431691472072
106,Изотоническая регрессия,Бета-калибровка,562517467.6997305,569831277.6474526,7313809.947722077,0.013001925038221495
107,Изотоническая регрессия,Бета-калибровка,564609943.8906131,572760842.8421184,8150898.951505303,0.014436336163934884
108,Изотоническая регрессия,Бета-калибровка,565411955.3665067,572432494.0977436,7020538.731236935,0.012416678962308355
109,Изотоническая регрессия,Бета-калибровка,570139141.1590571,577268757.1339531,7129615.974895954,0.012505045628689676
110,Изотоническая регрессия,Бета-калибровка,566186136.4962249,573714844.0364106,7528707.54018569,0.01329723045989115
111,Изотоническая регрессия,Бета-калибровка,574096148.3371986,581520967.6476655,7424819.310466886,0.012933058916998474
112,Изотоническая регрессия,Бета-калибровка,570939582.2715775,577994762.7487983,7055180.477220774,0.012357140223402575
113,Изотоническая регрессия,Бета-калибровка,562414739.5793841,569656409.9363837,7241670.356999636,0.012876032307431166
114,Изотоническая регрессия,Бета-калибровка,569468043.5719668,576427420.3601063,6959376.788139582,0.012220838143062698
115,Изотоническая регрессия,Бета-калибровка,565062294.2503134,572716513.1414524,7654218.89113903,0.013545796576807753
116,Изотоническая регрессия,Бета-калибровка,565061705.5081732,572878532.5390744,7816827.030901194,0.013833581279183197
117,Изотоническая регрессия,Бета-калибровка,565608426.2005593,573167780.8330989,7559354.63253963,0.013364996492925578
118,Изотоническая регрессия,Бета-калибровка,569509854.802988,577032464.5260489,7522609.723060846,0.013208919318284952
119,Изотоническая регрессия,Бета-калибровка,564104676.2982651,571425835.9167967,7321159.618531585,0.012978370728238015
120,Изотоническая регрессия,Бета-калибровка,564418651.6725209,571640547.9740379,7221896.30151701,0.012795282863379217
121,Изотоническая регрессия,Бета-калибровка,567021951.7476218,574444440.0584694,7422488.31084764,0.013090301509440233
122,Изотоническая регрессия,Бета-калибровка,571384684.010472,578640413.754417,7255729.743944883,0.012698502334745647
123,Изотоническая регрессия,Бета-калибровка,565249353.7979581,573233019.4650314,7983665.66707325,0.014124148242594753
124,Изотоническая регрессия,Бета-калибровка,568605843.172653,576047374.7706745,7441531.598021507,0.013087328748681081
125,Изотоническая регрессия,Бета-калибровка,570161127.9629087,577564836.3155875,7403708.352678776,0.012985291331822286
126,Изотоническая регрессия,Бета-калибровка,566406397.6778936,573935686.5869756,7529288.909081936,0.013293085918432234
127,Изотоническая регрессия,Бета-калибровка,562434825.9841584,569910448.8954058,7475622.911247373,0.013291536309413977
128,Изотоническая регрессия,Бета-калибровка,567036460.5132623,574728091.2786376,7691630.765375376,0.013564614096266704
129,Изотоническая регрессия,Бета-калибровка,566392615.0245924,573495348.5924933,7102733.567900896,0.012540300454998871
130,Изотоническая регрессия,Бета-калибровка,564616788.3459051,571737803.4319859,7121015.08608079,0.012612120703924576
131,Изотоническая регрессия,Бета-калибровка,565760596.777595,573205108.5693815,7444511.791786432,0.013158413353966622
132,Изотоническая регрессия,Бета-калибровка,567499426.6207952,574479827.7406029,6980401.119807601,0.01230027871811741
133,Изотоническая регрессия,Бета-калибровка,571183486.3282199,578009459.953332,6825973.625112057,0.01195057943462609
134,Изотоническая регрессия,Бета-калибровка,567233361.4460039,574616767.0877659,7383405.641762018,0.013016522199858055
135,Изотоническая регрессия,Бета-калибровка,565941874.5610411,573730043.16153,7788168.600488901,0.013761428426778992
136,Изотоническая регрессия,Бета-калибровка,559930561.7640889,567496271.8496928,7565710.085603952,0.013511872011000452
137,Изотоническая регрессия,Бета-калибровка,571286341.9021022,578720471.3487966,7434129.446694374,0.013012965480572113
138,Изотоническая регрессия,Бета-калибровка,562715815.7043674,570274502.6514647,7558686.9470973015,0.013432512000104134
139,Изотоническая регрессия,Бета-калибровка,565916235.2466916,573200796.4201347,7284561.173443079,0.012872154428062357
140,Изотоническая регрессия,Бета-калибровка,565368612.7400876,572597695.2164009,7229082.476313233,0.012786494179924703
141,Изотоническая регрессия,Бета-калибровка,567463924.8672613,574667357.2548201,7203432.387558818,0.01269407987343656
142,Изотоническая регрессия,Бета-калибровка,563872513.3895966,571473951.8240337,7601438.434437156,0.01348077491620006
143,Изотоническая регрессия,Бета-калибровка,567342870.9615116,575126946.6443464,7784075.682834744,0.013720231770327143
144,Изотоническая регрессия,Бета-калибровка,568718252.297229,575915606.8979595,7197354.600730419,0.012655395833803604
145,Изотоническая регрессия,Бета-калибровка,567819017.2665796,575021896.6073165,7202879.340736866,0.012685167494760499
146,Изотоническая регрессия,Бета-калибровка,572044981.8400443,579382486.6095742,7337504.769529939,0.012826796847213072
147,Изотоническая регрессия,Бета-калибровка,564962354.5719038,572423998.1727898,7461643.600885987,0.013207328843246546
148,Изотоническая регрессия,Бета-калибровка,563100490.5921113,570633449.6917489,7532959.099637508,0.01337764613153942
149,Изотоническая регрессия,Бета-калибровка,570781453.592816,578127569.0840628,7346115.4912468195,0.012870277134980967
150,Изотоническая регрессия,Бета-калибровка,562854465.5595341,569983538.7083119,7129073.1487778425,0.012665926247366316
151,Изотоническая регрессия,Бета-калибровка,569951854.523799,577244925.7082083,7293071.18440938,0.012795942545888936
152,Изотоническая регрессия,Бета-калибровка,567247773.4460485,574249118.9621261,7001345.516077638,0.012342658435738299
153,Изотоническая регрессия,Бета-калибровка,568919265.478374,576308994.6749271,7389729.196553111,0.01298906478468343
154,Изотоническая регрессия,Бета-калибровка,563217887.7076051,570352969.5949087,7135081.887303591,0.01266842201398222
155,Изотоническая регрессия,Бета-калибровка,564704077.8260715,572331386.3674759,7627308.5414043665,0.013506735369730362
156,Изотоническая регрессия,Бета-калибровка,560362372.2448603,567274317.0389098,6911944.794049501,0.012334776809441452
157,Изотоническая регрессия,Бета-калибровка,562478176.8245776,569919722.9197,7441546.095122457,0.01322992855853194
158,Изотоническая регрессия,Бета-калибровка,563349378.3591694,570899028.781986,7549650.422816634,0.013401364611080257
159,Изотоническая регрессия,Бета-калибровка,560968989.6220102,569006203.3696504,8037213.747640133,0.014327376194280783
160,Изотоническая регрессия,Бета-калибровка,566901378.787926,574548401.9351677,7647023.147241712,0.013489159549393885
161,Изотоническая регрессия,Бета-калибровка,561192224.0333903,568161864.8857601,6969640.852369785,0.012419346801132975
162,Изотоническая регрессия,Бета-калибровка,565544515.0676129,573064791.6108,7520276.543187141,0.013297408679293911
163,Изотоническая регрессия,Бета-калибровка,565311736.2593374,572274545.0450869,6962808.785749435,0.012316759655163498
164,Изотоническая регрессия,Бета-калибровка,569836847.5376976,577147201.6822609,7310354.144563317,0.012828854743514459
165,Изотоническая регрессия,Бета-калибровка,567796815.1297927,574960538.6566768,7163723.526884079,0.01261670255273715
166,Изотоническая регрессия,Бета-калибровка,565680615.096972,573450883.6297485,7770268.532776475,0.013736140722171386
167,Изотоническая регрессия,Бета-калибровка,568759214.7857738,576018946.74021,7259731.954436302,0.012764157073342046
168,Изотоническая регрессия,Бета-калибровка,560406187.0310159,568114460.561357,7708273.530341148,0.013754797339370793
169,Изотоническая регрессия,Бета-калибровка,567138923.2857149,573759026.1281867,6620102.842471838,0.011672806380698267
170,Изотоническая регрессия,Бета-калибровка,558428059.772706,565510436.2372913,7082376.464585304,0.012682701631196695
171,Изотоническая регрессия,Бета-калибровка,568632272.9010524,575450012.1523724,6817739.251320004,0.011989715632102996
172,Изотоническая регрессия,Бета-калибровка,560784595.8525221,568028732.6437808,7244136.791258693,0.012917859807197327
173,Изотоническая регрессия,Бета-калибровка,565963772.835125,573209310.9813459,7245538.1462209225,0.012802123552759044
174,Изотоническая регрессия,Бета-калибровка,564663800.1201979,572304417.7197311,7640617.5995332,0.013531268691045486
175,Изотоническая регрессия,Бета-калибровка,569801264.0969543,577061568.4574307,7260304.360476375,0.012741818626855486
176,Изотоническая регрессия,Бета-калибровка,565255269.0516411,572741714.8327159,7486445.781074762,0.013244362664031725
177,Изотоническая регрессия,Бета-калибровка,563862522.6851648,571198036.3954972,7335513.710332394,0.013009401077766275
178,Изотоническая регрессия,Бета-калибровка,574648175.0149308,582077125.057927,7428950.042996168,0.01292782325951552
179,Изотоническая регрессия,Бета-калибровка,564675502.4934351,572205042.910055,7529540.416619897,0.013334278507517571
180,Изотоническая регрессия,Бета-калибровка,567451208.0901951,574742880.6318266,7291672.541631579,0.012849866980056874
181,Изотоническая регрессия,Бета-калибровка,566250447.5240605,573222321.6591334,6971874.135072947,0.012312350772626462
182,Изотоническая регрессия,Бета-калибровка,561942483.8578405,569175695.7327006,7233211.874860048,0.012871801087546705
183,Изотоническая регрессия,Бета-калибровка,571241087.2747834,578365155.4165797,7124068.1417963505,0.01247121101842149
184,Изотоническая регрессия,Бета-калибровка,572211453.5248764,579281301.849293,7069848.324416637,0.012355307257248534
185,Изотоническая регрессия,Бета-калибровка,567426192.559767,575203539.1975995,7777346.637832522,0.013706358183339122
186,Изотоническая регрессия,Бета-калибровка,564020664.4798977,571571526.4346552,7550861.954757452,0.013387562602374425
187,Изотоническая регрессия,Бета-калибровка,565003518.6144216,572587303.5080202,7583784.8935985565,0.013422544539539408
188,Изотоническая регрессия,Бета-калибровка,561124924.3390219,568347875.4938123,7222951.154790401,0.012872269331644266
189,Изотоническая регрессия,Бета-калибровка,562877258.3245962,570157937.9056776,7280679.58108139,0.0129347552657436
190,Изотоническая регрессия,Бета-калибровка,564517539.7305138,571958688.5623186,7441148.831804752,0.013181430705159251
191,Изотоническая регрессия,Бета-калибровка,566514968.1681097,574081338.8673111,7566370.699201465,0.013355994323800802
192,Изотоническая регрессия,Бета-калибровка,566438847.266115,573822776.5570138,7383929.2908988,0.013035704253931236
193,Изотоническая регрессия,Бета-калибровка,560958889.4982756,568306597.5204012,7347708.022125602,0.013098478622377173
194,Изотоническая регрессия,Бета-калибровка,561106402.3392406,568366737.7785354,7260335.439294815,0.012939320259092807
195,Изотоническая регрессия,Бета-калибровка,564792793.6079203,572418070.8547971,7625277.246876836,0.013501017245928797
196,Изотоническая регрессия,Бета-калибровка,565393374.6542752,572823454.1153853,7430079.461110115,0.01314143354731285
197,Изотоническая регрессия,Бета-калибровка,568820310.1205021,575995527.1257937,7175217.005291581,0.012614206767285687
198,Изотоническая регрессия,Бета-калибровка,564179836.2721875,571662877.0823075,7483040.8101199865,0.013263573649785329
199,Изотоническая регрессия,Бета-калибровка,567133579.579365,574336054.6620122,7202475.082647204,0.012699785979855362
200,Изотоническая регрессия,Бета-калибровка,564069602.469135,571034432.1681461,6964829.699011087,0.012347465044249023
201,Изотоническая регрессия,Бета-калибровка,565826063.7115359,573055982.9516908,7229919.240154862,0.012777635573607565
202,Изотоническая регрессия,Бета-калибровка,564666485.6933513,572026552.7986887,7360067.105337381,0.013034361506863632
203,Изотоническая регрессия,Бета-калибровка,574275654.4997182,581725447.445043,7449792.945324779,0.012972503512820312
204,Изотоническая регрессия,Бета-калибровка,567743403.5851529,574849062.2355837,7105658.6504307985,0.012515616395647048
205,Изотоническая регрессия,Бета-калибровка,562321291.7209904,569480885.2480997,7159593.527109265,0.012732211339885871
206,Изотоническая регрессия,Бета-калибровка,565200931.8687416,572857353.4170933,7656421.5483516455,0.013546371063184516
207,Изотоническая регрессия,Бета-калибровка,561212985.5634476,568790496.5578667,7577510.994419098,0.013502023633347356
208,Изотоническая регрессия,Бета-калибровка,561204866.0164444,568998967.2680686,7794101.251624107,0.01388815693446914
209,Изотоническая регрессия,Бета-калибровка,565564470.4921125,573247408.1641915,7682937.672078967,0.013584547956829469
210,Изотоническая регрессия,Бета-калибровка,563986054.0154083,571609743.4550934,7623689.439685106,0.013517514104128584
211,Изотоническая регрессия,Бета-калибровка,566066657.5016465,573081047.6645842,7014390.162937641,0.012391456147401224
212,Изотоническая регрессия,Бета-калибровка,562912225.8505596,569857585.3037618,6945359.453202248,0.012338263647956515
213,Изотоническая регрессия,Бета-калибровка,568696473.5566489,575976227.5971379,7279754.040489078,0.012800772255472635
214,Изотоническая регрессия,Бета-калибровка,564152411.9854436,571624945.7960794,7472533.810635805,0.013245594013038826
215,Изотоническая регрессия,Бета-калибровка,566171442.9096878,573126766.0213952,6955323.111707449,0.012284835624987394
216,Изотоническая регрессия,Бета-калибровка,563497969.7792764,570713997.6308978,7216027.851621389,0.012805774357000659
217,Изотоническая регрессия,Бета-калибровка,563703815.7114553,571332858.615356,7629042.903900623,0.013533779072032614
218,Изотоническая регрессия,Бета-калибровка,563893474.9966252,570891173.5713546,6997698.574729443,0.012409610830789135
219,Изотоническая регрессия,Бета-калибровка,570722601.2025235,577809209.0926701,7086607.890146613,0.012416904245976933
220,Изотоническая регрессия,Бета-калибровка,568098648.4205617,575526281.2729024,7427632.852340698,0.013074547656452168
221,Изотоническая регрессия,Бета-калибровка,565001260.162703,572537189.6856447,7535929.522941709,0.013337898610653704
222,Изотоническая регрессия,Бета-калибровка,564526691.5043796,571859696.2493076,7333004.744928002,0.012989651074578308
223,Изотоническая регрессия,Бета-калибровка,566827951.535924,574337070.1832008,7509118.647276878,0.013247615307130759
224,Изотоническая регрессия,Бета-калибровка,568666530.2049644,576102203.6205342,7435673.415569782,0.013075630480467601
225,Изотоническая регрессия,Бета-калибровка,563773588.2573183,571274464.1356163,7500875.878298044,0.013304766371698997
226,Изотоническая регрессия,Бета-калибровка,568828003.1861975,576139038.7068332,7311035.520635724,0.01285280520593949
227,Изотоническая регрессия,Бета-калибровка,561478391.3804009,569024114.3563955,7545722.975994587,0.013439026491194689
228,Изотоническая регрессия,Бета-калибровка,561212474.4874434,568518049.7193851,7305575.2319417,0.01301748546949869
229,Изотоническая регрессия,Бета-калибровка,565489818.5583221,572913075.3308011,7423256.772479057,0.013127127189317302
230,Изотоническая регрессия,Бета-калибровка,567892775.5629941,575240648.4430498,7347872.880055666,0.012938838450218312
231,Изотоническая регрессия,Бета-калибровка,566780616.9175711,573893917.1558288,7113300.238257766,0.012550359038287787
232,Изотоническая регрессия,Бета-калибровка,566217824.6064687,573611959.6610848,7394135.054616094,0.013058817178274363
233,Изотоническая регрессия,Бета-калибровка,564190230.3460505,571782963.9230454,7592733.576994896,0.013457754439203658
234,Изотоническая регрессия,Бета-калибровка,564912555.4991963,572705225.2342635,7792669.735067248,0.013794470771110937
235,Изотоническая регрессия,Бета-калибровка,565644080.1969509,572476316.6080917,6832236.4111407995,0.012078684547996845
236,Изотоническая регрессия,Бета-калибровка,565810280.5826666,573373987.2712325,7563706.68856585,0.013367920216608311
237,Изотоническая регрессия,Бета-калибровка,559435801.5286696,566571149.5404718,7135348.0118021965,0.012754543045519637
238,Изотоническая регрессия,Бета-калибровка,563367059.7048149,570992227.9333831,7625168.228568196,0.01353499125874261
239,Изотоническая регрессия,Бета-калибровка,560340548.1306818,567888292.7457968,7547744.6151150465,0.013469924031545854
240,Изотоническая регрессия,Бета-калибровка,560102762.4847338,567444512.949195,7341750.464461207,0.013107863335455902
241,Изотоническая регрессия,Бета-калибровка,571615541.0014124,578751391.523274,7135850.521861553,0.012483653802274633
242,Изотоническая регрессия,Бета-калибровка,567377100.2268941,574518113.5916916,7141013.364797473,0.012586009132095358
243,Изотоническая регрессия,Бета-калибровка,562461490.3562136,569931063.7014428,7469573.345229268,0.013280150682847101
244,Изотоническая регрессия,Бета-калибровка,563081568.6431227,570500329.5462774,7418760.903154731,0.013175286346225074
245,Изотоническая регрессия,Бета-калибровка,562034772.3188319,568610577.633449,6575805.314617038,0.011699997292848466
246,Изотоническая регрессия,Бета-калибровка,564747483.2936596,572030604.8724618,7283121.578802228,0.012896244417640233
247,Изотоническая регрессия,Бета-калибровка,569813333.5118612,577105908.7248678,7292575.213006616,0.012798182815521662
248,Изотоническая регрессия,Бета-калибровка,565418715.5945394,572837225.6412029,7418510.046663523,0.013120382898650494
249,Изотоническая регрессия,Бета-калибровка,567790549.289998,574822885.9440532,7032336.654055119,0.012385441537991088
250,Изотоническая регрессия,Бета-калибровка,562731482.0957359,570362457.480835,7630975.385099053,0.013560597954604604
251,Изотоническая регрессия,Бета-калибровка,561835390.5683599,569453538.5314165,7618147.963056684,0.01355939495970531
252,Изотоническая регрессия,Бета-калибровка,567023897.5513201,574075441.7894745,7051544.238154411,0.012436061810809643
253,Изотоническая регрессия,Бета-калибровка,568869315.1735804,576786349.9543355,7917034.780755043,0.013917141546541846
254,Изотоническая регрессия,Бета-калибровка,563575095.2488002,571002605.9442301,7427510.695429921,0.013179274169577909
255,Изотоническая регрессия,Бета-калибровка,561522775.4021406,568787359.6615834,7264584.259442806,0.012937292266088755
256,Изотоническая регрессия,Бета-калибровка,565051939.5881041,572524721.9047995,7472782.3166953325,0.013224947643118674
257,Изотоническая регрессия,Бета-калибровка,566363037.799421,574069269.2410256,7706231.441604614,0.013606522543467602
258,Изотоническая регрессия,Бета-калибровка,569844130.4751307,576825786.069642,6981655.5945112705,0.012251868925437613
259,Изотоническая регрессия,Бета-калибровка,566016694.7223482,573743691.9797759,7726997.257427692,0.013651535951988246
260,Изотоническая регрессия,Бета-калибровка,561848318.6477013,569525811.7083161,7677493.060614824,0.013664707725910066
261,Изотоническая регрессия,Бета-калибровка,569179265.1475494,576836751.1012993,7657485.953749895,0.013453557468866739
262,Изотоническая регрессия,Бета-калибровка,563633953.9079534,571167291.4765486,7533337.568595171,0.0133656560545418
263,Изотоническая регрессия,Бета-калибровка,565466104.5877225,572745655.5698614,7279550.982138872,0.012873540824248596
264,Изотоническая регрессия,Бета-калибровка,567021827.8289071,574758125.5332904,7736297.704383254,0.01364373878516296
265,Изотоническая регрессия,Бета-калибровка,572408843.6130865,579659229.592443,7250385.979356527,0.01266644647485102
266,Изотоническая регрессия,Бета-калибровка,559218334.897044,566511277.3575823,7292942.460538387,0.013041315002450822
267,Изотоническая регрессия,Бета-калибровка,562952488.5020099,570351051.132367,7398562.630357146,0.013142428147079293
268,Изотоническая регрессия,Бета-калибровка,567916522.1119883,574833986.6636412,6917464.551652908,0.012180424908097396
269,Изотоническая регрессия,Бета-калибровка,566260226.9858166,573902383.8031983,7642156.81738174,0.013495838932677072
270,Изотоническая регрессия,Бета-калибровка,565651246.8354583,573124197.7169878,7472950.88152957,0.013211233818252979
271,Изотоническая регрессия,Бета-калибровка,564879790.7073317,572364724.752073,7484934.044741392,0.013250490047393803
272,Изотоническая регрессия,Бета-калибровка,565978614.2658958,573688707.6751931,7710093.409297228,0.01362258787692469
273,Изотоническая регрессия,Бета-калибровка,564911922.0988787,572435515.8622448,7523593.763366103,0.01331817132733343
274,Изотоническая регрессия,Бета-калибровка,566376715.7425205,573877781.1121665,7501065.369646072,0.013243950821340118
275,Изотоническая регрессия,Бета-калибровка,565181998.3501627,572275671.6061478,7093673.255985022,0.01255113092188418
276,Изотоническая регрессия,Бета-калибровка,569152665.2268417,576507962.067907,7355296.841065288,0.012923240617934659
277,Изотоническая регрессия,Бета-калибровка,559508188.1196439,566843307.8580807,7335119.738436818,0.013109941720581744
278,Изотоническая регрессия,Бета-калибровка,567346292.7658985,574372509.8628724,7026217.096973896,0.012384353588916623
279,Изотоническая регрессия,Бета-калибровка,567165195.9285643,574576569.5494585,7411373.620894194,0.01306739848301212
280,Изотоническая регрессия,Бета-калибровка,568278304.873621,575602223.2523429,7323918.378721952,0.012887907766161711
281,Изотоническая регрессия,Бета-калибровка,562927808.253906,570311024.3228475,7383216.068941474,0.013115742304226883
282,Изотоническая регрессия,Бета-калибровка,568564536.4691081,575670811.7072955,7106275.238187432,0.012498625542702202
283,Изотоническая регрессия,Бета-калибровка,566977297.518741,574037241.5909623,7059944.072221279,0.012451899049781473
284,Изотоническая регрессия,Бета-калибровка,568287118.1555932,575849306.5657704,7562188.410177231,0.013306985445527475
285,Изотоническая регрессия,Бета-калибровка,568665160.0134486,575560689.07058,6895529.05713141,0.012125815931766128
286,Изотоническая регрессия,Бета-калибровка,565570819.9851706,573184357.8262057,7613537.841035128,0.013461687859417423
287,Изотоническая регрессия,Бета-калибровка,560233467.5439663,567488810.5737646,7255343.029798269,0.012950570521260193
288,Изотоническая регрессия,Бета-калибровка,558891456.3768826,565511055.4180112,6619599.041128635,0.011844158584998621
289,Изотоническая регрессия,Бета-калибровка,559434029.8002527,567143500.9244506,7709471.12419796,0.013780840480781346
290,Изотоническая регрессия,Бета-калибровка,562575957.4862107,570302387.8111793,7726430.324968576,0.013734021552383811
291,Изотоническая регрессия,Бета-калибровка,569458780.266772,576605196.129221,7146415.862448931,0.012549487531127501
292,Изотоническая регрессия,Бета-калибровка,568808575.3242066,575946075.5976769,7137500.273470283,0.012548158700670234
293,Изотоническая регрессия,Бета-калибровка,566137860.0692685,573981550.7279022,7843690.658633709,0.013854736119704152
294,Изотоническая регрессия,Бета-калибровка,567381980.4269902,574576361.1305143,7194380.703524113,0.012679959800820418
295,Изотоническая регрессия,Бета-калибровка,570761577.1179855,577869026.033371,7107448.915385485,0.012452570741138487
296,Изотоническая регрессия,Бета-калибровка,560524337.4250853,568048402.1283534,7524064.703268051,0.013423261401693642
297,Изотоническая регрессия,Бета-калибровка,567226024.4510238,574807200.3153331,7581175.864309311,0.013365352676909652
298,Изотоническая регрессия,Бета-калибровка,562424705.3025161,570175594.5002985,7750889.197782397,0.013781203287670945
299,Изотоническая регрессия,Бета-калибровка,565688567.8326766,573076484.1754614,7387916.342784762,0.013060041801958445
300,Изотоническая регрессия,Бета-калибровка,568157866.6203957,575002024.9130778,6844158.292682171,0.012046226400760144
301,Изотоническая регрессия,Бета-калибровка,569752656.0688229,577459156.2495008,7706500.180677891,0.013526045203283774
302,Изотоническая регрессия,Бета-калибровка,563141348.5174663,570819052.1430748,7677703.625608444,0.01363370607720579
303,Изотоническая регрессия,Бета-калибровка,564080220.4724069,571444219.6170546,7363999.1446477175,0.01305487921289015
304,Изотоническая регрессия,Бета-калибровка,567420397.7869039,575100976.6054318,7680578.818527937,0.013535958256848562
305,Изотоническая регрессия,Бета-калибровка,565239040.668931,572690286.2061386,7451245.537207603,0.013182467949116611
306,Изотоническая регрессия,Бета-калибровка,564963758.2869107,572476874.9270799,7513116.640169263,0.013298404596695934
307,Изотоническая регрессия,Бета-калибровка,565994387.634135,573718008.1735429,7723620.539407849,0.013646107997099933
308,Изотоническая регрессия,Бета-калибровка,568585071.2446731,575957345.3876293,7372274.142956138,0.012966000192051658
309,Изотоническая регрессия,Бета-калибровка,561097680.4890628,568681147.0935268,7583466.604464054,0.013515412499752572
310,Изотоническая регрессия,Бета-калибровка,562933255.302886,570377939.6762627,7444684.373376727,0.013224808275665146
311,Изотоническая регрессия,Бета-калибровка,562522967.3907089,569865035.0626497,7342067.6719408035,0.013052031823691313
312,Изотоническая регрессия,Бета-калибровка,575760292.3500754,582362570.500991,6602278.150915623,0.011467060578226341
313,Изотоническая регрессия,Бета-калибровка,563676280.4583013,570925586.893405,7249306.435103655,0.012860761906123761
314,Изотоническая регрессия,Бета-калибровка,567091125.8094656,574470757.8070788,7379631.997613192,0.01301313256679781
315,Изотоническая регрессия,Бета-калибровка,566762048.9505754,574520684.5910728,7758635.640497446,0.01368940573008275
316,Изотоническая регрессия,Бета-калибровка,562804995.5555556,570353557.026655,7548561.471099377,0.01341239244624694
317,Изотоническая регрессия,Бета-калибровка,566081862.9290515,573626012.9987795,7544150.069728017,0.01332695951552425
318,Изотоническая регрессия,Бета-калибровка,562726809.4777484,570434987.4386257,7708177.960877299,0.013697904260205857
319,Изотоническая регрессия,Бета-калибровка,566931822.3773,574522275.046546,7590452.669245958,0.013388651632602165
320,Изотоническая регрессия,Бета-калибровка,558853348.0548902,566220201.30318,7366853.2482898235,0.013182086631368372
321,Изотоническая регрессия,Бета-калибровка,564684473.2457364,571936986.6772496,7252513.43151319,0.01284347945645936
322,Изотоническая регрессия,Бета-калибровка,564779315.3809264,572208736.8603051,7429421.4793787,0.013154556615388406
323,Изотоническая регрессия,Бета-калибровка,565782960.6553553,573290308.1760898,7507347.520734429,0.013268953013428595
324,Изотоническая регрессия,Бета-калибровка,565411499.3669934,572706546.6949198,7295047.327926397,0.01290219129977648
325,Изотоническая регрессия,Бета-калибровка,566693753.1491768,573586348.3731401,6892595.223963261,0.012162821957468886
326,Изотоническая регрессия,Бета-калибровка,562658027.3472683,569844278.1161504,7186250.768882036,0.012771968797393049
327,Изотоническая регрессия,Бета-калибровка,565839771.681301,573563529.092623,7723757.411321998,0.013650078693429603
328,Изотоническая регрессия,Бета-калибровка,568190233.720589,575521701.5047241,7331467.784135103,0.012903192186404944
329,Изотоническая регрессия,Бета-калибровка,564802398.5823569,572250633.9194674,7448235.337110519,0.013187329508170371
330,Изотоническая регрессия,Бета-калибровка,568305804.4153609,575598657.6511074,7292853.235746503,0.01283262141453747
331,Изотоническая регрессия,Бета-калибровка,563042579.822156,570294286.4671867,7251706.645030737,0.012879499535046317
332,Изотоническая регрессия,Бета-калибровка,562145944.7136211,569813550.6148891,7667605.901268005,0.013639884754792957
333,Изотоническая регрессия,Бета-калибровка,566430120.188097,574146486.607687,7716366.419589996,0.013622803845649288
334,Изотоническая регрессия,Бета-калибровка,566606372.284939,574056647.8409678,7450275.556028724,0.013148944170860958
335,Изотоническая регрессия,Бета-калибровка,567403225.2822866,574374092.9123893,6970867.630102634,0.012285562223645423
336,Изотоническая регрессия,Бета-калибровка,564289187.1749814,571601621.7956016,7312434.620620251,0.012958665143361548
337,Изотоническая регрессия,Бета-калибровка,565822568.1998231,573170209.1146536,7347640.914830446,0.012985768556752916
338,Изотоническая регрессия,Бета-калибровка,568237263.7483757,575844518.5446336,7607254.796257973,0.013387462036679424
339,Изотоническая регрессия,Бета-калибровка,560600548.3433814,568343804.5699718,7743256.226590395,0.013812430703951904
340,Изотоническая регрессия,Бета-калибровка,563825957.340874,570597905.1459193,6771947.805045366,0.012010705993358921
341,Изотоническая регрессия,Бета-калибровка,563532933.0764391,571100435.8285488,7567502.752109647,0.013428678801072253
342,Изотоническая регрессия,Бета-калибровка,567505966.0800607,575025366.876353,7519400.796292305,0.01324990616086582
343,Изотоническая регрессия,Бета-калибровка,567213333.4146459,574528969.9754479,7315636.560801983,0.01289750457162488
344,Изотоническая регрессия,Бета-калибровка,563836616.2510955,571246759.3681548,7410143.117059231,0.01314235880303177
345,Изотоническая регрессия,Бета-калибровка,566541129.8696527,573818739.3572774,7277609.487624645,0.01284568604807041
346,Изотоническая регрессия,Бета-калибровка,564888752.6895797,572178398.2999167,7289645.610337019,0.012904568511285016
347,Изотоническая регрессия,Бета-калибровка,563126625.7203696,570322575.1023213,7195949.38195169,0.012778563565071002
348,Изотоническая регрессия,Бета-калибровка,572846889.7621533,580723954.3531291,7877064.590975881,0.013750732930131553
349,Изотоническая регрессия,Бета-калибровка,560721221.8214939,568111942.9944186,7390721.172924757,0.01318074095522213
350,Изотоническая регрессия,Бета-калибровка,567489872.9455222,575267322.1385521,7777449.1930298805,0.013705000853427563
351,Изотоническая регрессия,Бета-калибровка,566922000.1386176,573990172.1510613,7068172.012443662,0.012467626958762279
352,Изотоническая регрессия,Бета-калибровка,565190658.8584273,572410318.3614631,7219659.503035784,0.012773847886336374
353,Изотоническая регрессия,Бета-калибровка,560754076.9447577,567599155.7924585,6845078.847700834,0.01220691766521953
354,Изотоническая регрессия,Бета-калибровка,569879012.6596313,577295467.4505212,7416454.790889978,0.013014086544926978
355,Изотоническая регрессия,Бета-калибровка,563203449.7404504,570692230.1799028,7488780.43945241,0.013296758822950354
356,Изотоническая регрессия,Бета-калибровка,564152141.7798526,571499668.4366822,7347526.656829596,0.01302401624081186
357,Изотоническая регрессия,Бета-калибровка,570734815.8353137,578167864.3031597,7433048.467846036,0.013023646466997472
358,Изотоническая регрессия,Бета-калибровка,567264156.1848472,574567054.8533747,7302898.668527484,0.012873894091323092
359,Изотоническая регрессия,Бета-калибровка,566838188.2296195,574246596.2476999,7408408.018080354,0.013069705203205707
360,Изотоническая регрессия,Бета-калибровка,567494776.0892192,574670555.5150939,7175779.42587471,0.012644661639575274
361,Изотоническая регрессия,Бета-калибровка,572863402.3171437,580026949.575383,7163547.258239269,0.012504808701801914
362,Изотоническая регрессия,Бета-калибровка,566065291.9408057,573205638.3899426,7140346.449136972,0.012613997980083983
363,Изотоническая регрессия,Бета-калибровка,567972219.9486088,575711128.223664,7738908.275055289,0.01362550491598959
364,Изотоническая регрессия,Бета-калибровка,562633670.6123357,570376247.4598379,7742576.847502232,0.013761310870491789
365,Изотоническая регрессия,Бета-калибровка,567681072.9158099,574574146.5434519,6893073.6276420355,0.012142510921205779
366,Изотоническая регрессия,Бета-калибровка,568278875.4193809,575259672.0946814,6980796.675300479,0.012284103768856022
367,Изотоническая регрессия,Бета-калибровка,570405798.3328907,577643157.9123365,7237359.57944572,0.012688089077281736
368,Изотоническая регрессия,Бета-калибровка,567726743.1394881,575343053.7476184,7616310.608130336,0.013415451535738277
369,Изотоническая регрессия,Бета-калибровка,561270673.9325513,568812397.1289855,7541723.196434259,0.013436873769999535
370,Изотоническая регрессия,Бета-калибровка,564857733.0884349,572102169.4593897,7244436.370954752,0.012825240669619287
371,Изотоническая регрессия,Бета-калибровка,564617407.8013527,572034766.828074,7417359.026721239,0.013136964826509319
372,Изотоническая регрессия,Бета-калибровка,566962837.6021898,573892560.5494254,6929722.947235584,0.01222253468418301
373,Изотоническая регрессия,Бета-калибровка,563771237.2330639,571347489.8840858,7576252.651021838,0.013438522845197587
374,Изотоническая регрессия,Бета-калибровка,569809538.0158926,576842157.9508672,7032619.934974551,0.012342053731607426
375,Изотоническая регрессия,Бета-калибровка,563190852.271409,570652239.1196184,7461386.848209381,0.013248416266203204
376,Изотоническая регрессия,Бета-калибровка,563340547.2192237,570652625.6660141,7312078.446790338,0.012979854695147383
377,Изотоническая регрессия,Бета-калибровка,565601196.5627401,573135502.8786526,7534306.315912485,0.013320881146821853
378,Изотоническая регрессия,Бета-калибровка,560798977.7243009,567804684.5905643,7005706.86626339,0.012492367398193661
379,Изотоническая регрессия,Бета-калибровка,568756479.3316376,575952171.7376657,7195692.406028032,0.012651622737527141
380,Изотоническая регрессия,Бета-калибровка,563744028.0426965,570848426.5479789,7104398.505282402,0.012602170758151843
381,Изотоническая регрессия,Бета-калибровка,570509675.6301175,577326892.1511753,6817216.521057725,0.011949344265771187
382,Изотоническая регрессия,Бета-калибровка,562691732.7845006,569877512.6879523,7185779.903451681,0.012770366943001965
383,Изотоническая регрессия,Бета-калибровка,567048455.2252308,574216167.7742708,7167712.54903996,0.012640388106150391
384,Изотоническая регрессия,Бета-калибровка,562534399.5727897,570410769.7357173,7876370.162927628,0.014001579581460703
385,Изотоническая регрессия,Бета-калибровка,565915641.3154039,573187681.3032216,7272039.987817645,0.012850042403695803
386,Изотоническая регрессия,Бета-калибровка,563310852.7630057,570721902.1575675,7411049.394561768,0.0131562340015482
387,Изотоническая регрессия,Бета-калибровка,566187939.0729225,573668577.9329107,7480638.859988213,0.01321228931905019
388,Изотоническая регрессия,Бета-калибровка,559711871.749794,567225016.4696641,7513144.7198700905,0.013423236309750215
389,Изотоническая регрессия,Бета-калибровка,564718200.5651298,572288661.0403044,7570460.475174665,0.013405731332191325
390,Изотоническая регрессия,Бета-калибровка,565884148.4446259,573615427.4217823,7731278.977156401,0.013662299957343546
391,Изотоническая регрессия,Бета-калибровка,568552563.3710065,576049908.2230086,7497344.852002144,0.013186722451042375
392,Изотоническая регрессия,Бета-калибровка,564174005.1520284,572028188.9393551,7854183.787326694,0.013921562701582148
393,Изотоническая регрессия,Бета-калибровка,568941887.0953715,577018178.7768879,8076291.681516409,0.014195284025840383
394,Изотоническая регрессия,Бета-калибровка,564500074.1456292,571645962.1662067,7145888.02057755,0.012658790224948776
395,Изотоническая регрессия,Бета-калибровка,567069800.6257694,574503408.4376696,7433607.811900258,0.013108805659721553
396,Изотоническая регрессия,Бета-калибровка,566474763.3706701,573913745.846982,7438982.476311922,0.013132063345678577
397,Изотоническая регрессия,Бета-калибровка,573669079.6132612,581023878.2687505,7354798.6554893255,0.012820629378260303
398,Изотоническая регрессия,Бета-калибровка,563044403.5646935,571079209.52829,8034805.963596582,0.014270288298271644
399,Изотоническая регрессия,Бета-калибровка,568441806.6696359,575543621.9747254,7101815.305089474,0.0124934781744807
400,Изотоническая регрессия,Бета-калибровка,566112379.2014695,573575643.2940795,7463264.092610002,0.013183361408095893
401,Изотоническая регрессия,Бета-калибровка,569097735.6411004,576489801.3239429,7392065.682842493,0.012989096986153314
402,Изотоническая регрессия,Бета-калибровка,562695179.6289701,570047409.2585622,7352229.629592061,0.01306609669988638
403,Изотоническая регрессия,Бета-калибровка,569705754.1275451,577351848.5633078,7646094.435762644,0.013421129030848519
404,Изотоническая регрессия,Бета-калибровка,560833452.6945916,568054977.7897141,7221525.095122457,0.01287641644845858
405,Изотоническая регрессия,Бета-калибровка,567075381.9890367,574620809.8886302,7545427.8995934725,0.013305863980777337
406,Изотоническая регрессия,Бета-калибровка,567748880.5934078,575395237.7990115,7646357.205603719,0.013467850782218701
407,Изотоническая регрессия,Бета-калибровка,563621892.1421478,570751569.3106916,7129677.168543816,0.01264975201982694
408,Изотоническая регрессия,Бета-калибровка,563186626.2088867,570200050.8832847,7013424.674397945,0.012453109409946563
409,Изотоническая регрессия,Бета-калибровка,557905281.1310498,565142638.6732727,7237357.542222977,0.012972376829899464
410,Изотоническая регрессия,Бета-калибровка,567476081.6625545,574719532.0272965,7243450.364742041,0.012764327165156726
411,Изотоническая регрессия,Бета-калибровка,567329615.1065917,574895453.4694581,7565838.362866402,0.01333587770038218
412,Изотоническая регрессия,Бета-калибровка,567705444.9957769,575235129.3022301,7529684.306453228,0.013263364607167438
413,Изотоническая регрессия,Бета-калибровка,566177283.5417283,573359468.4573369,7182184.9156086445,0.012685399298750398
414,Изотоническая регрессия,Бета-калибровка,562928326.2961907,570264824.545641,7336498.249450207,0.01303273952782051
415,Изотоническая регрессия,Бета-калибровка,561502445.1224123,568918450.4877104,7416005.365298033,0.013207432006251157
416,Изотоническая регрессия,Бета-калибровка,564294593.1657152,571395694.6362572,7101101.470541954,0.01258403244784695
417,Изотоническая регрессия,Бета-калибровка,565498369.5353312,572469923.5709016,6971554.035570383,0.012328159392040145
418,Изотоническая регрессия,Бета-калибровка,561839019.4636137,569091168.0817504,7252148.618136644,0.012907876396801795
419,Изотоническая регрессия,Бета-калибровка,567845428.4758096,575330357.8505309,7484929.374721289,0.013181279621836649
420,Изотоническая регрессия,Бета-калибровка,565291914.9800963,572225290.0329249,6933375.05282855,0.012265123326719914
421,Изотоническая регрессия,Бета-калибровка,564373913.2199446,572119147.6207032,7745234.400758624,0.013723586826629592
422,Изотоническая регрессия,Бета-калибровка,562045538.9588457,569391498.1531103,7345959.194264531,0.013070042701295097
423,Изотоническая регрессия,Бета-калибровка,561353822.1647744,569106234.559169,7752412.394394636,0.013810206839776478
424,Изотоническая регрессия,Бета-калибровка,561466389.2481871,568731380.2286956,7264990.980508566,0.012939315904976094
425,Изотоническая регрессия,Бета-калибровка,563574378.3876749,570757497.0029777,7183118.615302801,0.012745644391877649
426,Изотоническая регрессия,Бета-калибровка,568081514.8335723,575412620.0166171,7331105.183044791,0.012905023296159434
427,Изотоническая регрессия,Бета-калибровка,564465591.2104411,572144526.9145839,7678935.704142809,0.01360390398230667
428,Изотоническая регрессия,Бета-калибровка,566812235.5806259,573986011.6299689,7173776.04934299,0.012656353548886225
429,Изотоническая регрессия,Бета-калибровка,567068821.9215217,574656537.0280836,7587715.106561899,0.013380589468577741
430,Изотоническая регрессия,Бета-калибровка,562360946.4753764,569606795.5488122,7245849.073435783,0.012884694641136592
431,Изотоническая регрессия,Бета-калибровка,566093602.4806275,573329437.5142553,7235835.0336277485,0.012782047000567134
432,Изотоническая регрессия,Бета-калибровка,561970300.4623593,569793629.705401,7823329.243041635,0.01392125035185136
433,Изотоническая регрессия,Бета-калибровка,563096105.924115,570529956.9293975,7433851.005282521,0.013201744652598142
434,Изотоническая регрессия,Бета-калибровка,570244930.7023066,577553557.5061157,7308626.803809047,0.012816644936778013
435,Изотоническая регрессия,Бета-калибровка,564345380.7889652,571338775.8992226,6993395.110257387,0.012392048111531438
436,Изотоническая регрессия,Бета-калибровка,565848892.4679759,573358365.6778415,7509473.209865689,0.013271163573569576
437,Изотоническая регрессия,Бета-калибровка,567814895.7621411,575184193.6423854,7369297.880244255,0.012978345470054857
438,Изотоническая регрессия,Бета-калибровка,567810958.9436533,575272875.938179,7461916.994525671,0.013141551562174328
439,Изотоническая регрессия,Бета-калибровка,564367764.9072989,571739051.0922489,7371286.184949994,0.013061139638548944
440,Изотоническая регрессия,Бета-калибровка,561356231.4061058,568329533.4325378,6973302.026432037,0.012422240346321717
441,Изотоническая регрессия,Бета-калибровка,569228079.7161641,576676161.1150243,7448081.398860216,0.013084529144405657
442,Изотоническая регрессия,Бета-калибровка,567431876.0303833,574948224.5895594,7516348.559176087,0.01324625717497341
443,Изотоническая регрессия,Бета-калибровка,568841899.2524761,576245930.9331465,7404031.680670381,0.013015974544772692
444,Изотоническая регрессия,Бета-калибровка,569924792.5871226,577049247.3662326,7124454.779110074,0.012500692848909502
445,Изотоническая регрессия,Бета-калибровка,565246351.6028577,572257184.1541628,7010832.551305056,0.012403145162148466
446,Изотоническая регрессия,Бета-калибровка,566314857.6582779,573398551.9286187,7083694.2703408,0.012508402657193215
447,Изотоническая регрессия,Бета-калибровка,563701635.7129402,571221925.6609715,7520289.948031306,0.013340904960334271
448,Изотоническая регрессия,Бета-калибровка,565498067.5027353,572798885.4607446,7300817.958009362,0.01291042070267384
449,Изотоническая регрессия,Бета-калибровка,565327519.8358727,572649760.464288,7322240.628415346,0.01295220977485964
450,Изотоническая регрессия,Бета-калибровка,569546914.5985723,576860729.280262,7313814.681689739,0.012841461333952899
451,Изотоническая регрессия,Бета-калибровка,562935051.5151644,570514947.4216399,7579895.906475544,0.013464956367655418
452,Изотоническая регрессия,Бета-калибровка,572795467.5787691,580189427.712498,7393960.133728862,0.012908552096236807
453,Изотоническая регрессия,Бета-калибровка,564296484.643251,571737723.4648796,7441238.82162869,0.013186753814943667
454,Изотоническая регрессия,Бета-калибровка,562620294.389066,569398016.2548524,6777721.865786433,0.012046707048038813
455,Изотоническая регрессия,Бета-калибровка,562291504.4246923,569244776.7633023,6953272.338610053,0.012365956597057755
456,Изотоническая регрессия,Бета-калибровка,565590242.2741421,572855229.2359064,7264986.961764216,0.0128449651686934
457,Изотоническая регрессия,Бета-калибровка,560864094.3146263,568010815.0628326,7146720.748206258,0.012742339580392505
458,Изотоническая регрессия,Бета-калибровка,564667563.2104443,572195500.5197645,7527937.309320211,0.013331626960330013
459,Изотоническая регрессия,Бета-калибровка,567791870.3258557,575638466.8632653,7846596.537409544,0.01381949433849129
460,Изотоническая регрессия,Бета-калибровка,566096219.6557338,573865341.956512,7769122.300778151,0.013724031412014852
461,Изотоническая регрессия,Бета-калибровка,563241202.2282248,570978349.8534496,7737147.625224829,0.013736828191219123
462,Изотоническая регрессия,Бета-калибровка,568585780.1639845,575651549.8878417,7065769.723857164,0.012426919508643606
463,Изотоническая регрессия,Бета-калибровка,562805361.8306341,569750916.4114463,6945554.580812216,0.012340953110717435
464,Изотоническая регрессия,Бета-калибровка,557204704.115099,564576781.7742355,7372077.659136534,0.013230465580587993
465,Изотоническая регрессия,Бета-калибровка,564576397.4841292,572088963.2773135,7512565.79318428,0.013306553066443884
466,Изотоническая регрессия,Бета-калибровка,568360107.3186703,575553578.1213126,7193470.802642345,0.012656537132028309
467,Изотоническая регрессия,Бета-калибровка,562705190.0424821,570428302.537968,7723112.495485902,0.013724971143242585
468,Изотоническая регрессия,Бета-калибровка,567002165.4216267,574377692.7713201,7375527.349693418,0.013007935065307775
469,Изотоническая регрессия,Бета-калибровка,562336892.9948305,569720897.2907958,7384004.295965314,0.013130926296939929
470,Изотоническая регрессия,Бета-калибровка,567084728.9506438,574472913.3554392,7388184.404795408,0.013028360715103014
471,Изотоническая регрессия,Бета-калибровка,565902968.9805255,573204605.3366668,7301636.356141329,0.012902629525508994
472,Изотоническая регрессия,Бета-калибровка,559795310.3694932,567209976.5960586,7414666.226565361,0.013245316795653944
473,Изотоническая регрессия,Бета-калибровка,562718334.1046972,570503249.8505244,7784915.745827198,0.013834480367897105
474,Изотоническая регрессия,Бета-калибровка,557813780.3271227,564833898.1288435,7020117.801720858,0.012585056248707231
475,Изотоническая регрессия,Бета-калибровка,571436484.8532944,578466113.1129625,7029628.259668112,0.012301679094699102
476,Изотоническая регрессия,Бета-калибровка,564496344.5419984,572043671.673985,7547327.131986618,0.013370019496069738
477,Изотоническая регрессия,Бета-калибровка,567670892.3300295,575008907.0073802,7338014.6773507595,0.012926529749009262
478,Изотоническая регрессия,Бета-калибровка,569670416.7726026,576924250.0469302,7253833.274327636,0.012733385938176908
479,Изотоническая регрессия,Бета-калибровка,565954144.6678323,573084349.7517426,7130205.083910346,0.012598556174714792
480,Изотоническая регрессия,Бета-калибровка,561657527.8047161,569330836.2039099,7673308.399193764,0.013661898967482036
481,Изотоническая регрессия,Бета-калибровка,567766943.072491,575485683.5476294,7718740.475138307,0.01359490997022135
482,Изотоническая регрессия,Бета-калибровка,554271966.1498082,561161017.2476337,6889051.097825527,0.012429008715125167
483,Изотоническая регрессия,Бета-калибровка,566807913.8440154,573954386.2035173,7146472.359501958,0.012608279074714289
484,Изотоническая регрессия,Бета-калибровка,565705711.5658095,573148154.7313929,7442443.165583372,0.013156033275647032
485,Изотоническая регрессия,Бета-калибровка,560713484.4731288,568342253.6554987,7628769.182369947,0.013605467665073681
486,Изотоническая регрессия,Бета-калибровка,569770928.4070448,577057392.0204116,7286463.613366842,0.012788408902746592
487,Изотоническая регрессия,Бета-калибровка,568263925.9451324,575345690.3193624,7081764.374230027,0.01246210440413174
488,Изотоническая регрессия,Бета-калибровка,563574303.0947974,570701246.3113129,7126943.216515541,0.012645969089397493
489,Изотоническая регрессия,Бета-калибровка,566072924.555109,573551539.3376396,7478614.782530546,0.013211398139927251
490,Изотоническая регрессия,Бета-калибровка,567519441.1978998,574941937.7659413,7422496.568041444,0.013078841056747417
491,Изотоническая регрессия,Бета-калибровка,562176154.4129248,569587699.518599,7411545.105674267,0.01318367036292045
492,Изотоническая регрессия,Бета-калибровка,562282353.1178304,569421925.8905236,7139572.772693157,0.01269748682864498
493,Изотоническая регрессия,Бета-калибровка,570992334.4628221,578070933.2687937,7078598.8059716225,0.012397011971502251
494,Изотоническая регрессия,Бета-калибровка,568823161.2995969,575891773.5416753,7068612.2420784235,0.01242673070120542
495,Изотоническая регрессия,Бета-калибровка,569429679.3605683,576808462.8037139,7378783.443145633,0.01295819959969687
496,Изотоническая регрессия,Бета-калибровка,569883913.4621454,577237161.3200626,7353247.85791719,0.012903062683845399
497,Изотоническая регрессия,Бета-калибровка,570453693.3691018,577872334.1094042,7418640.7403024435,0.013004807973961781
498,Изотоническая регрессия,Бета-калибровка,570288415.8530636,577686851.4501997,7398435.59713614,0.012973147255795509
499,Изотоническая регрессия,Бета-калибровка,568983930.9397638,576495917.3590708,7511986.4193069935,0.01320245794446216
500,Изотоническая регрессия,Бета-калибровка,564150338.6596127,571176562.8355999,7026224.175987244,0.012454524431698704
501,Изотоническая регрессия,Бета-калибровка,566659266.7574649,573937298.5835192,7278031.826054335,0.012843753297639789
502,Изотоническая регрессия,Бета-калибровка,559973723.1749456,567220124.0836158,7246400.908670187,0.012940608833543935
503,Изотоническая регрессия,Бета-калибровка,572147001.3657477,579617207.3189273,7470205.953179598,0.01305644517116718
504,Изотоническая регрессия,Бета-калибровка,570391916.7964634,577615567.7260605,7223650.929597139,0.012664364127331771
505,Изотоническая регрессия,Бета-калибровка,561466667.7156525,569083723.5857538,7617055.870101333,0.013566354528384741
506,Изотоническая регрессия,Бета-калибровка,562518452.4255617,570173973.4440229,7655521.018461227,0.013609368697952689
507,Изотоническая регрессия,Бета-калибровка,568650696.0500119,575920711.7857673,7270015.735755444,0.012784677458859662
508,Изотоническая регрессия,Бета-калибровка,563892084.9374192,571542765.9594432,7650681.022024035,0.01356763328726827
509,Изотоническая регрессия,Бета-калибровка,567323784.8471488,574646222.4074457,7322437.560296893,0.012906981437892193
510,Изотоническая регрессия,Бета-калибровка,564378521.5222471,572111205.8962948,7732684.374047756,0.013701237873459619
511,Изотоническая регрессия,Бета-калибровка,566997711.1838543,574421435.3253402,7423724.14148581,0.013093040756699982
512,Изотоническая регрессия,Бета-калибровка,566275558.0582737,573862262.947347,7586704.889073372,0.01339754962246251
513,Изотоническая регрессия,Бета-калибровка,571441378.8801005,579086008.6910572,7644629.810956717,0.013377802331953122
514,Изотоническая регрессия,Бета-калибровка,566978295.8841311,574543843.2956514,7565547.411520362,0.013343627906819335
515,Изотоническая регрессия,Бета-калибровка,565055975.0990254,572711159.6302991,7655184.531273723,0.013547656990853271
516,Изотоническая регрессия,Бета-калибровка,574135976.4648011,581042997.6792909,6907021.214489818,0.012030288115751393
517,Изотоническая регрессия,Бета-калибровка,564852160.9401544,572156994.5562549,7304833.6161004305,0.012932292945364816
518,Изотоническая регрессия,Бета-калибровка,564343618.795387,571590661.7348247,7247042.939437628,0.012841543162845923
519,Изотоническая регрессия,Бета-калибровка,565090159.579315,572880209.6845038,7790050.105188847,0.013785499487352956
520,Изотоническая регрессия,Бета-калибровка,566108078.130772,573227720.2283425,7119642.0975705385,0.012576471477105274
521,Изотоническая регрессия,Бета-калибровка,563583243.3348211,570559485.9128482,6976242.578027129,0.012378371182130036
522,Изотоническая регрессия,Бета-калибровка,564465275.7783954,571601996.6255523,7136720.847156882,0.012643330162896862
523,Изотоническая регрессия,Бета-калибровка,564494286.2627721,571853239.3666856,7358953.103913546,0.013036364198889257
524,Изотоническая регрессия,Бета-калибровка,562423901.0006547,569627516.9198298,7203615.919175148,0.01280816107985205
525,Изотоническая регрессия,Бета-калибровка,562693392.1459761,570341141.8950281,7647749.749052048,0.01359132674347816
526,Изотоническая регрессия,Бета-калибровка,566552715.0512509,574097858.1408007,7545143.08954978,0.013317636451300456
527,Изотоническая регрессия,Бета-калибровка,563708272.2621958,571343952.9161961,7635680.654000282,0.013545447228151946
528,Изотоническая регрессия,Бета-калибровка,562184683.8949891,569699800.9648644,7515117.06987524,0.01336770154926347
529,Изотоническая регрессия,Бета-калибровка,562532315.1233087,570125834.1622345,7593519.038925886,0.013498813907715445
530,Изотоническая регрессия,Бета-калибровка,570754859.0921006,577962686.6426325,7207827.550531864,0.012628587274749357
531,Изотоническая регрессия,Бета-калибровка,565451452.884672,573048833.7899787,7597380.905306697,0.013435956113559121
532,Изотоническая регрессия,Бета-калибровка,568071032.8213131,575493174.5079079,7422141.686594725,0.013065516912088987
533,Изотоническая регрессия,Бета-калибровка,563162513.6254044,570476418.5128646,7313904.887460232,0.012987201226119217
534,Изотоническая регрессия,Бета-калибровка,560195385.9709382,567881358.5932008,7685972.622262597,0.013720164097640979
535,Изотоническая регрессия,Бета-калибровка,562131245.1720928,569454676.7975034,7323431.625410557,0.01302797467372328
536,Изотоническая регрессия,Бета-калибровка,570981821.4736049,578401028.5979732,7419207.12436831,0.012993771159335029
537,Изотоническая регрессия,Бета-калибровка,568299215.3447503,575771354.496974,7472139.152223706,0.013148248229923816
538,Изотоническая регрессия,Бета-калибровка,567352951.1798207,574988959.5928998,7636008.413079143,0.013459008888911083
539,Изотоническая регрессия,Бета-калибровка,565653653.9171433,573027233.8303581,7373579.913214803,0.013035503018769292
540,Изотоническая регрессия,Бета-калибровка,572019698.5128489,579124274.3599892,7104575.847140312,0.01242015942040277
541,Изотоническая регрессия,Бета-калибровка,567163188.7767797,574387072.8833941,7223884.1066144705,0.01273687053314315
542,Изотоническая регрессия,Бета-калибровка,566145763.0243707,573397106.8672265,7251343.842855811,0.012808263024205773
543,Изотоническая регрессия,Бета-калибровка,565519149.9449868,573173874.1987435,7654724.253756642,0.013535747205910333
544,Изотоническая регрессия,Бета-калибровка,564220004.4054177,571716638.8620865,7496634.456668854,0.013286722197255137
545,Изотоническая регрессия,Бета-калибровка,567738955.2698503,575067059.1472245,7328103.877374291,0.012907523447798632
546,Изотоническая регрессия,Бета-калибровка,566539164.1811805,574049522.7772207,7510358.596040249,0.013256556776432175
547,Изотоническая регрессия,Бета-калибровка,562251506.3874545,569247088.2482132,6995581.860758662,0.012442086470708217
548,Изотоническая регрессия,Бета-калибровка,569776593.8134371,577532994.1828692,7756400.369432092,0.013613055456559844
549,Изотоническая регрессия,Бета-калибровка,566704198.8310041,574059914.6912696,7355715.860265493,0.012979815352416381
550,Изотоническая регрессия,Бета-калибровка,568771269.2106509,575644208.6117043,6872939.401053429,0.012083837164615918
551,Изотоническая регрессия,Бета-калибровка,561987738.3854839,569574575.9240856,7586837.538601756,0.013500005463460347
552,Изотоническая регрессия,Бета-калибровка,572191796.6541077,579120596.28724,6928799.6331323385,0.012109225741523216
553,Изотоническая регрессия,Бета-калибровка,562502968.1022602,569872402.620823,7369434.518562794,0.013101147792029193
554,Изотоническая регрессия,Бета-калибровка,571175801.0616646,578488554.3689291,7312753.307264566,0.012802981662864733
555,Изотоническая регрессия,Бета-калибровка,564444081.5883286,571924455.5062977,7480373.917969108,0.013252639476561719
556,Изотоническая регрессия,Бета-калибровка,565290462.9926159,572503324.7997438,7212861.807127833,0.012759567477829624
557,Изотоническая регрессия,Бета-калибровка,568463961.1999179,575728530.2727637,7264569.072845817,0.012779295731450962
558,Изотоническая регрессия,Бета-калибровка,567168810.1800342,574502140.748867,7333330.568832874,0.012929714111932713
559,Изотоническая регрессия,Бета-калибровка,562375033.7966026,569357265.9840158,6982232.187413216,0.012415615501769447
560,Изотоническая регрессия,Бета-калибровка,564441722.4689986,571548392.4158345,7106669.946835995,0.01259061770938863
561,Изотоническая регрессия,Бета-калибровка,561555185.8056538,568592639.2318141,7037453.426160336,0.012532078064712054
562,Изотоническая регрессия,Бета-калибровка,568721387.5320294,576044716.5862216,7323329.054192185,0.012876830755340194
563,Изотоническая регрессия,Бета-калибровка,563395026.4410102,570665133.2131457,7270106.772135496,0.012904101795255564
564,Изотоническая регрессия,Бета-калибровка,566337086.6669936,573470124.5296829,7133037.862689257,0.012595039298359574
565,Изотоническая регрессия,Бета-калибровка,568523194.9241995,576381524.7472645,7858329.8230650425,0.013822355698456216
566,Изотоническая регрессия,Бета-калибровка,560616088.0265336,568065481.5375992,7449393.511065602,0.013287869667259759
567,Изотоническая регрессия,Бета-калибровка,559987528.6929462,567824366.8904402,7836838.19749403,0.013994665587974452
568,Изотоническая регрессия,Бета-калибровка,564443642.9684191,572514470.8259078,8070827.857488751,0.014298731074450809
569,Изотоническая регрессия,Бета-калибровка,567262107.0754733,574384558.297467,7122451.221993685,0.012555838179838186
570,Изотоническая регрессия,Бета-калибровка,561551171.1761734,569159896.7816949,7608725.6055214405,0.013549478651402156
571,Изотоническая регрессия,Бета-калибровка,566466447.5333186,574065797.1208551,7599349.587536454,0.013415356938840535
572,Изотоническая регрессия,Бета-калибровка,569381936.2848293,576560557.3360919,7178621.051262617,0.012607742876604999
573,Изотоническая регрессия,Бета-калибровка,566754090.82036,574515504.3824062,7761413.562046289,0.013694499409456173
574,Изотоническая регрессия,Бета-калибровка,563762869.7745323,570947730.3334272,7184860.558894873,0.01274447279894176
575,Изотоническая регрессия,Бета-калибровка,569428115.7659525,576620247.6938207,7192131.927868247,0.012630447511700268
576,Изотоническая регрессия,Бета-калибровка,569458541.8704493,576948361.1639272,7489819.293477893,0.01315252778345682
577,Изотоническая регрессия,Бета-калибровка,564644583.2554836,571930021.960623,7285438.705139399,0.012902698301177132
578,Изотоническая регрессия,Бета-калибровка,565340762.2102233,572718880.1914494,7378117.981226087,0.013050744744428168
579,Изотоническая регрессия,Бета-калибровка,569983487.869487,577115784.5239145,7132296.654427409,0.012513163637576355
580,Изотоническая регрессия,Бета-калибровка,570703841.766784,577884631.8954822,7180790.12869823,0.012582340617276996
581,Изотоническая регрессия,Бета-калибровка,565400269.1868994,572982632.9455489,7582363.758649468,0.013410612219116281
582,Изотоническая регрессия,Бета-калибровка,565824094.8240266,572890529.6134149,7066434.789388299,0.01248874845385647
583,Изотоническая регрессия,Бета-калибровка,567699569.858568,575244820.0784111,7545250.219843149,0.013290921149936597
584,Изотоническая регрессия,Бета-калибровка,568969020.380542,576173277.3944387,7204257.013896704,0.01266194951893567
585,Изотоническая регрессия,Бета-калибровка,565886190.5280845,573188919.2681704,7302728.74008584,0.012904942481934292
586,Изотоническая регрессия,Бета-калибровка,566922146.8672097,574297053.1699002,7374906.302690506,0.01300867560641961
587,Изотоническая регрессия,Бета-калибровка,569556841.3986619,577013194.9928417,7456353.594179869,0.013091500359945264
588,Изотоническая регрессия,Бета-калибровка,565429066.7531481,572955762.9559617,7526696.202813625,0.013311477328242111
589,Изотоническая регрессия,Бета-калибровка,565212244.0897534,572632904.037961,7420659.948207617,0.013128979468868771
590,Изотоническая регрессия,Бета-калибровка,560168036.5898554,567417801.9191474,7249765.32929194,0.012942126033156873
591,Изотоническая регрессия,Бета-калибровка,564486668.9247346,571633157.4757311,7146488.550996542,0.012660154693483848
592,Изотоническая регрессия,Бета-калибровка,573012822.9644761,579627886.6619856,6615063.697509527,0.011544355435689137
593,Изотоническая регрессия,Бета-калибровка,565153882.9600973,572618428.1459795,7464545.185882211,0.013207987082713266
594,Изотоническая регрессия,Бета-калибровка,566774628.5246203,574041479.4787724,7266850.954152107,0.012821411877713296
595,Изотоническая регрессия,Бета-калибровка,563618808.3847558,571146183.6667652,7527375.282009363,0.013355436635590025
596,Изотоническая регрессия,Бета-калибровка,563773886.5389932,570982985.5700672,7209099.031073928,0.012787217008809281
597,Изотоническая регрессия,Бета-калибровка,573447162.3126476,580217774.7442763,6770612.431628704,0.011806863607666293
598,Изотоническая регрессия,Бета-калибровка,567759367.7529395,574873638.3867483,7114270.633808851,0.012530432852152652
599,Изотоническая регрессия,Бета-калибровка,563703361.6426741,571018456.7297103,7315095.087036252,0.012976851984205865
600,Изотоническая регрессия,Бета-калибровка,564655614.5264851,572058190.0661368,7402575.5396517515,0.013109894507751388
601,Изотоническая регрессия,Бета-калибровка,559363455.0241318,566397221.5880666,7033766.563934803,0.012574590815253306
602,Изотоническая регрессия,Бета-калибровка,563805661.5780205,570457292.9728881,6651631.394867659,0.011797737852171593
603,Изотоническая регрессия,Бета-калибровка,563856829.9261097,571579310.6901363,7722480.764026642,0.01369581843149551
604,Изотоническая регрессия,Бета-калибровка,563669337.439148,570748404.823804,7079067.384656072,0.012558900962783533
605,Изотоническая регрессия,Бета-калибровка,563653633.372686,571107866.2663249,7454232.893638849,0.01322484670068672
606,Изотоническая регрессия,Бета-калибровка,566693456.1692324,573844162.4080356,7150706.2388032675,0.012618296825131934
607,Изотоническая регрессия,Бета-калибровка,567318787.5216378,574709501.5909009,7390714.069263101,0.013027444589927696
608,Изотоническая регрессия,Бета-калибровка,565406132.0552902,572583481.8949873,7177349.839697123,0.012694149272147017
609,Изотоническая регрессия,Бета-калибровка,568297051.3567283,575954899.9648198,7657848.608091474,0.013475080663905346
610,Изотоническая регрессия,Бета-калибровка,561150759.0720129,568738741.6702638,7587982.598250866,0.013522181830065197
611,Изотоническая регрессия,Бета-калибровка,566776790.1781831,574349494.6796908,7572704.501507759,0.013360999661131245
612,Изотоническая регрессия,Бета-калибровка,564660380.9270318,572470008.6109052,7809627.683873415,0.013830663435341348
613,Изотоническая регрессия,Бета-калибровка,569901876.4056116,577290431.7601984,7388555.3545867205,0.012964609629269099
614,Изотоническая регрессия,Бета-калибровка,564569478.3473489,572436563.9046211,7867085.557272196,0.013934663241628528
615,Изотоническая регрессия,Бета-калибровка,567609577.5195255,575254270.4586859,7644692.939160347,0.013468224008072472
616,Изотоническая регрессия,Бета-калибровка,561486356.9571406,568818096.7805998,7331739.823459268,0.013057734587162756
617,Изотоническая регрессия,Бета-калибровка,570907000.3629906,578542931.5550492,7635931.192058563,0.013375087688894218
618,Изотоническая регрессия,Бета-калибровка,563370927.0899413,570629837.5753584,7258910.485417128,0.012884780055855197
619,Изотоническая регрессия,Бета-калибровка,566807329.1350656,574301523.6512442,7494194.516178608,0.013221767134900267
620,Изотоническая регрессия,Бета-калибровка,566847613.9343334,574263230.6888984,7415616.7545650005,0.013082205115225313
621,Изотоническая регрессия,Бета-калибровка,573296151.1942716,580514408.0602282,7218256.865956664,0.012590799451417615
622,Изотоническая регрессия,Бета-калибровка,568625176.4734209,575802185.4882247,7177009.014803886,0.012621687029961045
623,Изотоническая регрессия,Бета-калибровка,558192316.3512299,565732531.2117603,7540214.860530376,0.013508274190907828
624,Изотоническая регрессия,Бета-калибровка,569828559.3996226,577122301.5494353,7293742.149812698,0.01279988872003443
625,Изотоническая регрессия,Бета-калибровка,565582380.6897151,573225665.7515525,7643285.061837316,0.013514008432363998
626,Изотоническая регрессия,Бета-калибровка,566205937.1086234,573335476.3579705,7129539.249347091,0.01259177762380003
627,Изотоническая регрессия,Бета-калибровка,568690392.9377146,575857260.9884534,7166868.0507388115,0.012602407460615847
628,Изотоническая регрессия,Бета-калибровка,563497900.641893,570487951.3781251,6990050.736232042,0.012404750271952246
629,Изотоническая регрессия,Бета-калибровка,566916036.509917,573998659.0363443,7082622.526427269,0.012493247800908474
630,Изотоническая регрессия,Бета-калибровка,565516351.0596616,572898127.1834836,7381776.123821974,0.01305316125694693
631,Изотоническая регрессия,Бета-калибровка,564021133.6578143,571395485.9246459,7374352.266831636,0.013074602752927303
632,Изотоническая регрессия,Бета-калибровка,568093294.2354413,575190639.4468557,7097345.211414337,0.012493274050992237
633,Изотоническая регрессия,Бета-калибровка,563916334.8247416,571438906.449775,7522571.625033379,0.013339871822247006
634,Изотоническая регрессия,Бета-калибровка,563512070.085386,571696911.2395971,8184841.154211044,0.014524695368052787
635,Изотоническая регрессия,Бета-калибровка,569625189.1150539,577079561.2849667,7454372.169912815,0.013086451077582469
636,Изотоническая регрессия,Бета-калибровка,567683480.6572592,574893753.0842125,7210272.426953316,0.012701219381274442
637,Изотоническая регрессия,Бета-калибровка,563090091.5326679,570334125.1261377,7244033.593469858,0.012864786119308925
638,Изотоническая регрессия,Бета-калибровка,564465227.6493549,571966164.00531,7500936.355955124,0.013288571179471654
639,Изотоническая регрессия,Бета-калибровка,569457364.8003368,576651973.2325691,7194608.432232261,0.012634147658718637
640,Изотоническая регрессия,Бета-калибровка,562011502.597399,569740820.6332018,7729318.035802841,0.01375295345394344
641,Изотоническая регрессия,Бета-калибровка,565816107.7951865,573138263.382402,7322155.587215424,0.01294087511178789
642,Изотоническая регрессия,Бета-калибровка,562556045.0205386,569750608.7420504,7194563.721511841,0.012789061259219376
643,Изотоническая регрессия,Бета-калибровка,572025442.11004,579172933.5260745,7147491.416034579,0.012495058593319742
644,Изотоническая регрессия,Бета-калибровка,567594825.8398188,574989213.3614202,7394387.521601319,0.013027580916828324
645,Изотоническая регрессия,Бета-калибровка,565872030.2260888,573233959.6775947,7361929.451505899,0.013009883963631338
646,Изотоническая регрессия,Бета-калибровка,570724657.075918,577759319.869411,7034662.793493032,0.012325843480347968
647,Изотоническая регрессия,Бета-калибровка,570082103.3692098,577416678.5842974,7334575.215087652,0.012865822610006518
648,Изотоническая регрессия,Бета-калибровка,564145030.0004818,571275819.7967157,7130789.796233892,0.01263999400336435
649,Изотоническая регрессия,Бета-калибровка,565968317.3268042,573356063.357821,7387746.031016827,0.013053285501758853
650,Изотоническая регрессия,Бета-калибровка,567339331.9363934,574213326.4192967,6873994.482903361,0.012116195891868875
651,Изотоническая регрессия,Бета-калибровка,565268450.5401878,573170328.9092557,7901878.369067907,0.01397898354581196
652,Изотоническая регрессия,Бета-калибровка,565664136.9316373,573726724.5899822,8062587.658344865,0.014253312402089333
653,Изотоническая регрессия,Бета-калибровка,562357277.7262856,569907281.0427928,7550003.31650722,0.013425634584179792
654,Изотоническая регрессия,Бета-калибровка,561399482.9698095,568414750.7481961,7015267.778386593,0.012496035338821026
655,Изотоническая регрессия,Бета-калибровка,566385641.5332565,573821470.6642494,7435829.130992889,0.013128562212247182
656,Изотоническая регрессия,Бета-калибровка,560808752.472638,568494363.9581027,7685611.485464692,0.013704514153137571
657,Изотоническая регрессия,Бета-калибровка,566044275.9247341,573278156.2752478,7233880.350513697,0.012779707627456996
658,Изотоническая регрессия,Бета-калибровка,565179393.4084734,572779253.2790883,7599859.870614886,0.013446809914250044
659,Изотоническая регрессия,Бета-калибровка,567155752.4260609,574579657.2014853,7423904.775424361,0.013089710795787446
660,Изотоническая регрессия,Бета-калибровка,564101318.5904802,571620587.047775,7519268.457294822,0.013329641696430023
661,Изотоническая регрессия,Бета-калибровка,565977016.7464273,573706228.6382202,7729211.891792893,0.013656405937161553
662,Изотоническая регрессия,Бета-калибровка,562910222.7551469,570723233.3490108,7813010.593863964,0.013879674374402766
663,Изотоническая регрессия,Бета-калибровка,562532356.7660089,570188390.528627,7656033.762618184,0.01360994380240209
664,Изотоническая регрессия,Бета-калибровка,569832259.8466494,577679268.0912035,7847008.244554043,0.01377073359564759
665,Изотоническая регрессия,Бета-калибровка,565590924.0092921,572842943.7324283,7252019.723136187,0.012822022800028246
666,Изотоническая регрессия,Бета-калибровка,558636103.2907043,566389170.2385855,7753066.947881222,0.013878564063817165
667,Изотоническая регрессия,Бета-калибровка,568498539.1774681,575887686.3680093,7389147.190541267,0.012997653786819316
668,Изотоническая регрессия,Бета-калибровка,564894221.8519915,572148584.5379868,7254362.685995221,0.012841984225315626
669,Изотоническая регрессия,Бета-калибровка,566772762.6145895,574325214.1250796,7552451.510490179,0.013325360724198938
670,Изотоническая регрессия,Бета-калибровка,558122835.7500768,565275827.8539248,7152992.1038479805,0.012816160969717133
671,Изотоническая регрессия,Бета-калибровка,563638623.4604632,570889635.2217834,7251011.761320233,0.012864646707144725
672,Изотоническая регрессия,Бета-калибровка,571734258.0170078,579029959.7304726,7295701.713464737,0.01276065166843248
673,Изотоническая регрессия,Бета-калибровка,565320799.2732555,572277320.7287076,6956521.455452085,0.01230544049395493
674,Изотоническая регрессия,Бета-калибровка,566090614.1319444,573711991.8203256,7621377.688381195,0.013463176209109173
675,Изотоническая регрессия,Бета-калибровка,566830161.0484874,574643964.1167114,7813803.068223953,0.013785086971678542
676,Изотоническая регрессия,Бета-калибровка,568368044.7593172,575956983.4379346,7588938.678617477,0.013352155788123366
677,Изотоническая регрессия,Бета-калибровка,566854594.1136098,574185142.6292357,7330548.515625954,0.012931973369799937
678,Изотоническая регрессия,Бета-калибровка,563540223.9154634,570650329.6877546,7110105.7722911835,0.012616855852613938
679,Изотоническая регрессия,Бета-калибровка,563437668.1524203,570578445.7626362,7140777.610215902,0.012673589314025398
680,Изотоническая регрессия,Бета-калибровка,561201770.2305717,568189364.6432065,6987594.41263473,0.01245112681979576
681,Изотоническая регрессия,Бета-калибровка,565487944.92097,572912862.3441811,7424917.423211098,0.01313010735224209
682,Изотоническая регрессия,Бета-калибровка,571777537.0315914,578755488.5569494,6977951.525357962,0.01220396233399498
683,Изотоническая регрессия,Бета-калибровка,566227291.6399077,573329891.822451,7102600.182543278,0.012543726322291397
684,Изотоническая регрессия,Бета-калибровка,558403582.1176218,566132887.8290855,7729305.71146369,0.01384179106113899
685,Изотоническая регрессия,Бета-калибровка,561777519.7556971,569162234.2823222,7384714.526625037,0.013145265281950876
686,Изотоническая регрессия,Бета-калибровка,566678551.2041405,574468622.8416858,7790071.637545228,0.013746896933000255
687,Изотоническая регрессия,Бета-калибровка,561234400.5184442,568646431.6486554,7412031.130211234,0.013206658614233766
688,Изотоническая регрессия,Бета-калибровка,566451254.0900658,573724363.4641609,7273109.374095082,0.012839779807317113
689,Изотоническая регрессия,Бета-калибровка,566521061.7184225,573849863.7613211,7328802.042898536,0.01293650410925263
690,Изотоническая регрессия,Бета-калибровка,564051420.1255786,571472069.1555995,7420649.030020833,0.013155979694845416
691,Изотоническая регрессия,Бета-калибровка,570762843.0992341,577812980.3685604,7050137.269326329,0.01235213075722341
692,Изотоническая регрессия,Бета-калибровка,565162864.5287758,572673406.4435658,7510541.914790034,0.013289163860849579
693,Изотоническая регрессия,Бета-калибровка,561832731.3603497,569131502.7565645,7298771.396214843,0.012991004241676228
694,Изотоническая регрессия,Бета-калибровка,566953257.6452245,574557383.3219728,7604125.676748395,0.013412262076650307
695,Изотоническая регрессия,Бета-калибровка,568590216.0877054,575478072.0458561,6887855.958150744,0.012113919239666074
696,Изотоническая регрессия,Бета-калибровка,564821339.3047881,572179274.2313838,7357934.926595688,0.01302701299432529
697,Изотоническая регрессия,Бета-калибровка,566169716.0316902,572942869.0629563,6773153.031266093,0.011963114309149979
698,Изотоническая регрессия,Бета-калибровка,566817742.1430057,574371454.187957,7553712.04495132,0.013326527176782604
699,Изотоническая регрессия,Бета-калибровка,567106699.597397,574599315.3340745,7492615.736677527,0.013212003564755485
700,Изотоническая регрессия,Бета-калибровка,564477816.4971666,571559834.9166782,7082018.419511557,0.012546141252208277
701,Изотоническая регрессия,Бета-калибровка,566666505.7474474,574216754.0927887,7550248.345341325,0.013323971451925428
702,Изотоническая регрессия,Бета-калибровка,570059050.1003036,577385541.7871923,7326491.686888695,0.012852162746297205
703,Изотоническая регрессия,Бета-калибровка,564446404.9843955,572110743.6856999,7664338.701304436,0.013578505653723353
704,Изотоническая регрессия,Бета-калибровка,565180690.1668639,572687777.3078614,7507087.140997529,0.01328263203539586
705,Изотоническая регрессия,Бета-калибровка,571293498.5745816,578390163.2371087,7096664.662527084,0.012422099464169946
706,Изотоническая регрессия,Бета-калибровка,563530464.906113,570655587.737088,7125122.8309749365,0.012643722522014879
707,Изотоническая регрессия,Бета-калибровка,568421614.1731019,575780016.9230413,7358402.749939442,0.012945325382540047
708,Изотоническая регрессия,Бета-калибровка,561877878.2161863,569487907.6104497,7610029.394263387,0.013543920644149967
709,Изотоническая регрессия,Бета-калибровка,565835625.3373245,573093392.3441145,7257767.006790042,0.0128266349480263
710,Изотоническая регрессия,Бета-калибровка,564991502.5290931,572384967.8965199,7393465.367426753,0.013085976221467226
711,Изотоническая регрессия,Бета-калибровка,568602078.9508965,575679470.3558762,7077391.404979706,0.012447002336041225
712,Изотоническая регрессия,Бета-калибровка,567841966.2125154,575652069.4541336,7810103.241618276,0.01375400852055964
713,Изотоническая регрессия,Бета-калибровка,568567252.0131172,575708880.4292982,7141628.416180968,0.01256074526081957
714,Изотоническая регрессия,Бета-калибровка,564699520.8596866,571924974.0218639,7225453.162177324,0.01279521744799331
715,Изотоническая регрессия,Бета-калибровка,568358908.6000743,575603111.6187491,7244203.01867485,0.012745824705234336
716,Изотоническая регрессия,Бета-калибровка,559395090.7869449,567054529.8690134,7659439.0820685625,0.013692360208763058
717,Изотоническая регрессия,Бета-калибровка,570087807.172025,577538467.4932063,7450660.321181297,0.013069320598419759
718,Изотоническая регрессия,Бета-калибровка,566240324.4471573,573545579.1235003,7305254.676343083,0.01290133245716029
719,Изотоническая регрессия,Бета-калибровка,577020185.5951197,584634196.5988694,7614011.003749728,0.013195398001366081
720,Изотоническая регрессия,Бета-калибровка,571915045.8172461,579437525.6767558,7522479.8595097065,0.013153142087318848
721,Изотоническая регрессия,Бета-калибровка,565485252.9673111,572987226.1221621,7501973.15485096,0.013266434651452571
722,Изотоническая регрессия,Бета-калибровка,571237925.0584985,578147332.2717396,6909407.2132411,0.012095498058070166
723,Изотоническая регрессия,Бета-калибровка,566571900.29638,574060104.3281922,7488204.031812191,0.013216687992989112
724,Изотоническая регрессия,Бета-калибровка,568212350.5608509,575583702.303817,7371351.742966175,0.012972881944030824
725,Изотоническая регрессия,Бета-калибровка,568553870.9091164,575321873.4464135,6768002.53729713,0.011903889646332209
726,Изотоническая регрессия,Бета-калибровка,563447735.6343584,571270709.9567792,7822974.3224208355,0.013884117066533827
727,Изотоническая регрессия,Бета-калибровка,571139918.1165214,578338864.7047958,7198946.588274479,0.012604523620087403
728,Изотоническая регрессия,Бета-калибровка,557914173.764988,565478984.025941,7564810.260953069,0.013559093166433193
729,Изотоническая регрессия,Бета-калибровка,564623991.1175578,571796449.8230636,7172458.705505848,0.01270307110278724
730,Изотоническая регрессия,Бета-калибровка,563627059.8391376,570723707.7112223,7096647.872084737,0.012591034706726397
731,Изотоническая регрессия,Бета-калибровка,566228940.3032258,573492650.5715215,7263710.268295765,0.012828221504195667
732,Изотоническая регрессия,Бета-калибровка,564707973.9075812,572267367.2108326,7559393.303251386,0.013386376060785956
733,Изотоническая регрессия,Бета-калибровка,566766391.2617047,574060712.661936,7294321.400231361,0.012870066949441265
734,Изотоническая регрессия,Бета-калибровка,565719340.2133708,573235706.7301846,7516366.516813755,0.013286387758952748
735,Изотоническая регрессия,Бета-калибровка,566535018.8984749,573639933.3776817,7104914.4792068,0.012540997894571502
736,Изотоническая регрессия,Бета-калибровка,564065150.3635825,571630538.7962058,7565388.432623267,0.013412259962784093
737,Изотоническая регрессия,Бета-калибровка,569700092.2010406,576873468.6794899,7173376.478449225,0.012591496081271168
738,Изотоническая регрессия,Бета-калибровка,567489920.7416205,574471577.9875312,6981657.2459106445,0.012302698234334648
739,Изотоническая регрессия,Бета-калибровка,561281096.9581385,568422505.2713498,7141408.313211322,0.012723407846646122
740,Изотоническая регрессия,Бета-калибровка,565425112.773937,572442121.3450863,7017008.571149349,0.012410146653593761
741,Изотоническая регрессия,Бета-калибровка,568750534.2861276,575880702.0527555,7130167.766627908,0.012536546933669967
742,Изотоническая регрессия,Бета-калибровка,566175558.1761858,573728089.7918714,7552531.615685582,0.013339557857309236
743,Изотоническая регрессия,Бета-калибровка,559144809.3569162,566274051.5565321,7129242.199615955,0.012750260898988657
744,Изотоническая регрессия,Бета-калибровка,565554720.53919,572922615.4673533,7367894.92816329,0.013027731288563672
745,Изотоническая регрессия,Бета-калибровка,558725777.1421943,566416586.3595228,7690809.217328548,0.013764908532887069
746,Изотоническая регрессия,Бета-калибровка,568480186.5750096,575851171.912829,7370985.337819457,0.012966125314284588
747,Изотоническая регрессия,Бета-калибровка,563337205.057024,570284820.9599745,6947615.902950525,0.012332961218578223
748,Изотоническая регрессия,Бета-калибровка,569969449.586596,577078493.2754271,7109043.688831091,0.012472674972294295
749,Изотоническая регрессия,Бета-калибровка,565106212.5370473,572617569.745066,7511357.20801878,0.013291938827386983
750,Изотоническая регрессия,Бета-калибровка,570738602.8207815,578086353.8450875,7347751.024306059,0.012874109071983235
751,Изотоническая регрессия,Бета-калибровка,571211504.4929109,578580933.1603478,7369428.667436957,0.012901400986275858
752,Изотоническая регрессия,Бета-калибровка,569773904.2942345,577305727.7795675,7531823.485332966,0.01321896883758209
753,Изотоническая регрессия,Бета-калибровка,562684529.656642,569786717.645766,7102187.98912406,0.0126219713086086
754,Изотоническая регрессия,Бета-калибровка,561184535.5361083,568282140.7040036,7097605.167895317,0.012647542329574112
755,Изотоническая регрессия,Бета-калибровка,562488934.4522593,569946326.2807356,7457391.82847631,0.013257846282324064
756,Изотоническая регрессия,Бета-калибровка,566641108.0484662,573647190.019825,7006081.971358776,0.012364231736536009
757,Изотоническая регрессия,Бета-калибровка,567385896.2843843,574963179.2553917,7577282.971007466,0.013354725629643767
758,Изотоническая регрессия,Бета-калибровка,570509245.4315985,578124839.4765632,7615594.044964671,0.013348765345955723
759,Изотоническая регрессия,Бета-калибровка,562905479.3816328,570074879.2150686,7169399.833435774,0.012736418628064444
760,Изотоническая регрессия,Бета-калибровка,568881624.8985159,576442353.0267236,7560728.128207684,0.013290512115866739
761,Изотоническая регрессия,Бета-калибровка,565520076.3779202,572931866.4892776,7411790.1113574505,0.013106148518774023
762,Изотоническая регрессия,Бета-калибровка,568249522.7401484,575449414.3337452,7199891.593596816,0.012670299411565389
763,Изотоническая регрессия,Бета-калибровка,564998945.5557797,572528286.743538,7529341.1877583265,0.013326292459452015
764,Изотоническая регрессия,Бета-калибровка,560876835.2989131,568638667.0952988,7761831.796385646,0.013838745528238947
765,Изотоническая регрессия,Бета-калибровка,565271875.7144086,572636565.3985286,7364689.68411994,0.013028579698595848
766,Изотоническая регрессия,Бета-калибровка,566733607.0649271,574071991.9904383,7338384.925511241,0.012948561429974503
767,Изотоническая регрессия,Бета-калибровка,565492641.5319291,572852819.1406898,7360177.6087607145,0.013015514381976517
768,Изотоническая регрессия,Бета-калибровка,569910103.831668,577401610.9893677,7491507.157699704,0.013145068156069119
769,Изотоническая регрессия,Бета-калибровка,564649704.2324874,572492955.6910976,7843251.458610177,0.013890472977881551
770,Изотоническая регрессия,Бета-калибровка,570771091.7163024,578145010.5428114,7373918.826508999,0.012919222668295456
771,Изотоническая регрессия,Бета-калибровка,564907626.7716027,572019508.0605958,7111881.288993001,0.012589458792823837
772,Изотоническая регрессия,Бета-калибровка,563123524.7563891,571007288.7639627,7883764.007573605,0.014000061551298485
773,Изотоническая регрессия,Бета-калибровка,558159887.0290592,565774345.2412751,7614458.2122159,0.013642073515432456
774,Изотоническая регрессия,Бета-калибровка,562756980.7608132,570255987.6855516,7499006.924738407,0.01332548005819529
775,Изотоническая регрессия,Бета-калибровка,568443619.7817738,575908790.147222,7465170.365448236,0.013132648701931291
776,Изотоническая регрессия,Бета-калибровка,568863975.3857393,576601411.551507,7737436.16576767,0.013601557666788468
777,Изотоническая регрессия,Бета-калибровка,567347413.7276477,574402484.311947,7055070.584299326,0.01243518594355676
778,Изотоническая регрессия,Бета-калибровка,567105625.5811205,574271283.5012953,7165657.920174837,0.01263549080972719
779,Изотоническая регрессия,Бета-калибровка,570697780.1094234,577504704.990854,6806924.881430626,0.011927372277714997
780,Изотоническая регрессия,Бета-калибровка,563134258.8884039,570441422.9915605,7307164.103156567,0.012975882727469835
781,Изотоническая регрессия,Бета-калибровка,571949514.9044414,579328934.1952329,7379419.290791512,0.012902221434743993
782,Изотоническая регрессия,Бета-калибровка,566249840.1288933,573258014.1392384,7008174.010345101,0.012376469737721883
783,Изотоническая регрессия,Бета-калибровка,570904663.5399418,577748680.1484644,6844016.608522654,0.01198802014698174
784,Изотоническая регрессия,Бета-калибровка,570520656.1302917,577963967.6600701,7443311.529778361,0.013046524170158192
785,Изотоническая регрессия,Бета-калибровка,568742597.2223581,576195610.5827153,7453013.360357165,0.013104369879724874
786,Изотоническая регрессия,Бета-калибровка,562073473.4538884,569525232.252816,7451758.798927546,0.01325762404892939
787,Изотоническая регрессия,Бета-калибровка,566108071.1819177,573410765.9483972,7302694.766479492,0.012899824500351958
788,Изотоническая регрессия,Бета-калибровка,565588702.479453,573130858.0203577,7542155.54090476,0.013335053383918601
789,Изотоническая регрессия,Бета-калибровка,561510735.932942,569146851.7343183,7636115.801376224,0.01359923383956128
790,Изотоническая регрессия,Бета-калибровка,563055560.8074979,570744248.2050472,7688687.397549391,0.013655290761222166
791,Изотоническая регрессия,Бета-калибровка,566651573.3227928,573785467.1493167,7133893.8265239,0.012589559726608367
792,Изотоническая регрессия,Бета-калибровка,561699563.6105047,568961173.1908481,7261609.580343366,0.012927924553950216
793,Изотоническая регрессия,Бета-калибровка,567977237.015879,574833313.6192462,6856076.603367209,0.012071041155431962
794,Изотоническая регрессия,Бета-калибровка,566447556.7857103,573708024.3176886,7260467.53197825,0.012817545852218967
795,Изотоническая регрессия,Бета-калибровка,566541359.7589676,573958701.1075436,7417341.34857595,0.013092321012064543
796,Изотоническая регрессия,Бета-калибровка,564699707.383333,572185344.3798058,7485636.996472836,0.013255960466420764
797,Изотоническая регрессия,Бета-калибровка,570756295.018787,577959547.1710333,7203252.152246237,0.012620539125213038
798,Изотоническая регрессия,Бета-калибровка,568447552.4488461,575995136.6567973,7547584.207951188,0.013277538403387508
799,Изотоническая регрессия,Бета-калибровка,564452333.4162669,572521527.3359381,8069193.919671178,0.014295616196381963
800,Изотоническая регрессия,Бета-калибровка,571039123.3027034,578132819.2988653,7093695.996161938,0.012422434307362904
801,Изотоническая регрессия,Бета-калибровка,568390311.2723911,575727364.5849729,7337053.312581778,0.012908477092364834
802,Изотоническая регрессия,Бета-калибровка,564824405.2372661,572058444.7972987,7234039.560032606,0.012807590275766854
803,Изотоническая регрессия,Бета-калибровка,569674487.6520429,577061706.7982391,7387219.146196246,0.012967438960876126
804,Изотоническая регрессия,Бета-калибровка,566871899.6909375,574424639.5025444,7552739.811606884,0.013323538908393042
805,Изотоническая регрессия,Бета-калибровка,564097475.0246263,571493755.7808542,7396280.75622797,0.013111706901196602
806,Изотоническая регрессия,Бета-калибровка,576047825.7579856,583382018.0784569,7334192.320471287,0.012731915637075234
807,Изотоническая регрессия,Бета-калибровка,562046812.266386,569613411.60078,7566599.334393978,0.013462578506374901
808,Изотоническая регрессия,Бета-калибровка,570948630.554883,578609455.533752,7660824.978868961,0.013417713203767036
809,Изотоническая регрессия,Бета-калибровка,565972531.2273045,573126284.4414985,7153753.214194059,0.012639753379340219
810,Изотоническая регрессия,Бета-калибровка,568311297.647035,576043925.7526004,7732628.105565429,0.013606324803994985
811,Изотоническая регрессия,Бета-калибровка,566489184.959579,574028020.2600844,7538835.3005054,0.01330799510504922
812,Изотоническая регрессия,Бета-калибровка,564384578.6907579,571929078.4108787,7544499.720120788,0.0133676574537566
813,Изотоническая регрессия,Бета-калибровка,564078443.7339596,571363567.2075026,7285123.473543048,0.012915089300911104
814,Изотоническая регрессия,Бета-калибровка,568498921.7472641,575923461.91451,7424540.167245865,0.013059901933370017
815,Изотоническая регрессия,Бета-калибровка,566041317.8761145,573331913.1868706,7290595.310756087,0.012879970208025926
816,Изотоническая регрессия,Бета-калибровка,566615713.3164111,573944319.0791006,7328605.762689471,0.01293399669379979
817,Изотоническая регрессия,Бета-калибровка,558655122.8755747,566380418.2055352,7725295.329960465,0.013828380003383708
818,Изотоническая регрессия,Бета-калибровка,560930520.8442204,568328404.045916,7397883.201695561,0.013188590969451054
819,Изотоническая регрессия,Бета-калибровка,573241330.4842101,580571972.3418105,7330641.857600331,0.012788055340336722
820,Изотоническая регрессия,Бета-калибровка,560399403.3027012,567693962.5852704,7294559.28256917,0.013016714935060333
821,Изотоническая регрессия,Бета-калибровка,572160864.6588852,579589618.7251159,7428754.066230655,0.012983680858108986
822,Изотоническая регрессия,Бета-калибровка,570192218.1226156,577537436.773874,7345218.651258469,0.012882004379931635
823,Изотоническая регрессия,Бета-калибровка,569154530.9735372,575715490.8149481,6560959.841410875,0.011527554441477206
824,Изотоническая регрессия,Бета-калибровка,562547145.9025326,569708077.5057211,7160931.603188515,0.012729478151915153
825,Изотоническая регрессия,Бета-калибровка,568462672.3842499,575809111.7323146,7346439.348064661,0.012923345199170556
826,Изотоническая регрессия,Бета-калибровка,568193661.5252824,575861998.092371,7668336.567088604,0.013495991043799057
827,Изотоническая регрессия,Бета-калибровка,566361111.9900181,573716223.4843998,7355111.494381666,0.012986611083762575
828,Изотоническая регрессия,Бета-калибровка,564794890.4287176,572154870.7200146,7359980.291296959,0.01303124446772214
829,Изотоническая регрессия,Бета-калибровка,563787571.0592303,570963386.0554361,7175814.996205807,0.012727870149255083
830,Изотоническая регрессия,Бета-калибровка,561622465.338249,568859720.5896881,7237255.251439095,0.012886335034835732
831,Изотоническая регрессия,Бета-калибровка,562780753.9019033,570292510.0440317,7511756.142128468,0.013347571127917108
832,Изотоническая регрессия,Бета-калибровка,563880874.1799695,571210371.6991667,7329497.519197106,0.012998308427921261
833,Изотоническая регрессия,Бета-калибровка,567760179.9748907,575404814.2624865,7644634.287595749,0.013464548161749974
834,Изотоническая регрессия,Бета-калибровка,563013580.417562,570353648.2203512,7340067.802789211,0.01303710613400375
835,Изотоническая регрессия,Бета-калибровка,569246386.2312795,576587889.4370105,7341503.205731034,0.01289688153197735
836,Изотоническая регрессия,Бета-калибровка,566403799.9538796,573247782.4968032,6843982.54292357,0.012083221446397169
837,Изотоническая регрессия,Бета-калибровка,563506165.0007145,570258274.9273195,6752109.926604986,0.011982317756180048
838,Изотоническая регрессия,Бета-калибровка,568159101.423603,575306708.2345791,7147606.810976028,0.012580290966151361
839,Изотоническая регрессия,Бета-калибровка,567464811.2231299,574697594.3127809,7232783.089650989,0.012745782551804826
840,Изотоническая регрессия,Бета-калибровка,560480764.8437185,567933169.3136618,7452404.469943285,0.013296450007559624
841,Изотоническая регрессия,Бета-калибровка,566630869.2743535,574289517.3586245,7658648.084270954,0.013516115163437663
842,Изотоническая регрессия,Бета-калибровка,563983626.1748408,571658498.7492757,7674872.574434876,0.01360832516803526
843,Изотоническая регрессия,Бета-калибровка,567568010.495654,575295912.8662969,7727902.3706429005,0.013615817360626378
844,Изотоническая регрессия,Бета-калибровка,568575102.153719,575785839.6155677,7210737.461848736,0.012682119625947416
845,Изотоническая регрессия,Бета-калибровка,568217914.4889705,575796743.4753193,7578828.986348748,0.013337891666377333
846,Изотоническая регрессия,Бета-калибровка,568036577.2102869,575693776.2253124,7657199.0150254965,0.013480116109126552
847,Изотоническая регрессия,Бета-калибровка,562583488.5624528,570064577.9902277,7481089.427774906,0.013297740832904706
848,Изотоническая регрессия,Бета-калибровка,561851681.7178895,569312764.3273392,7461082.609449625,0.013279452304275378
849,Изотоническая регрессия,Бета-калибровка,573474476.4620848,580955354.0654004,7480877.603315592,0.013044830956500624
850,Изотоническая регрессия,Бета-калибровка,566361592.5564648,574075544.7317867,7713952.175321937,0.01362018942792784
851,Изотоническая регрессия,Бета-калибровка,562713528.0101409,570540939.3473449,7827411.3372039795,0.013910117577736497
852,Изотоническая регрессия,Бета-калибровка,570061826.4573462,577203068.3568845,7141241.899538279,0.012527135773881903
853,Изотоническая регрессия,Бета-калибровка,565997207.1047548,573629018.2829828,7631811.178228021,0.013483831867770196
854,Изотоническая регрессия,Бета-калибровка,565453419.5363147,572555215.8204055,7101796.284090757,0.012559471812752321
855,Изотоническая регрессия,Бета-калибровка,562220116.214118,570068407.1623285,7848290.948210478,0.01395946306770266
856,Изотоническая регрессия,Бета-калибровка,567557926.0722134,574610601.2014387,7052675.129225254,0.012426352985735424
857,Изотоническая регрессия,Бета-калибровка,565135057.6502665,573014922.7150879,7879865.0648213625,0.013943330816503357
858,Изотоническая регрессия,Бета-калибровка,565339371.6052878,572580324.657978,7240953.052690268,0.012808152795248447
859,Изотоническая регрессия,Бета-калибровка,566133701.8754741,573705652.4314399,7571950.555965781,0.013374845077905812
860,Изотоническая регрессия,Бета-калибровка,559227159.8415565,567124542.1353779,7897382.293821335,0.014121957696151358
861,Изотоническая регрессия,Бета-калибровка,567992744.5652937,575267473.5861326,7274729.020838976,0.012807785117759913
862,Изотоническая регрессия,Бета-калибровка,565991116.4697155,573461147.7432142,7470031.273498774,0.013198142260768988
863,Изотоническая регрессия,Бета-калибровка,564011438.2612734,571179425.8276778,7167987.566404462,0.012708940067779182
864,Изотоническая регрессия,Бета-калибровка,567036782.1902347,573617033.1349409,6580250.944706202,0.01160462804421495
865,Изотоническая регрессия,Бета-калибровка,561005598.8129483,568406029.7206109,7400430.907662511,0.01319136729351961
866,Изотоническая регрессия,Бета-калибровка,566735703.7308681,574348104.5036757,7612400.772807598,0.013432011999057997
867,Изотоническая регрессия,Бета-калибровка,572654093.8580363,579567542.0279496,6913448.169913292,0.012072642532486931
868,Изотоническая регрессия,Бета-калибровка,564260654.0426619,571514955.7751718,7254301.732509851,0.012856295544508014
869,Изотоническая регрессия,Бета-калибровка,566183538.4218636,573644575.2885824,7461036.866718888,0.013177770741119052
870,Изотоническая регрессия,Бета-калибровка,566874486.5370016,574534022.0409206,7659535.503919005,0.013511872003114123
871,Изотоническая регрессия,Бета-калибровка,561518071.2090883,568870352.671792,7352281.462703705,0.013093579422782263
872,Изотоническая регрессия,Бета-калибровка,566659032.7210438,574213826.0959976,7554793.374953747,0.01333216791529173
873,Изотоническая регрессия,Бета-калибровка,565301894.7655197,572825003.5949793,7523108.829459548,0.013308125975024444
874,Изотоническая регрессия,Бета-калибровка,573717342.8177371,581048695.9788182,7331353.161081076,0.01277868492710034
875,Изотоническая регрессия,Бета-калибровка,570007523.6506145,577275234.2452977,7267710.59468317,0.012750201169516327
876,Изотоническая регрессия,Бета-калибровка,568662541.1803713,575948467.5920593,7285926.41168797,0.012812390273789782
877,Изотоническая регрессия,Бета-калибровка,571483078.4795775,578737235.5000107,7254157.0204331875,0.012693563980464246
878,Изотоническая регрессия,Бета-калибровка,563073757.5093324,570402343.7423017,7328586.232969284,0.013015321945363116
879,Изотоническая регрессия,Бета-калибровка,564031684.5374684,571592309.2060038,7560624.668535352,0.01340460983984509
880,Изотоническая регрессия,Бета-калибровка,566689569.519409,573867085.5855274,7177516.066118479,0.012665692915797793
881,Изотоническая регрессия,Бета-калибровка,565349272.2262383,573023010.6455612,7673738.4193229675,0.013573447064157773
882,Изотоническая регрессия,Бета-калибровка,565309368.5151188,572406085.7762697,7096717.261150837,0.012553687691027608
883,Изотоническая регрессия,Бета-калибровка,561757858.1864328,569118799.5019687,7360941.315535903,0.013103406046334287
884,Изотоническая регрессия,Бета-калибровка,564715419.175461,571901020.8425825,7185601.66712141,0.01272428806284957
885,Изотоническая регрессия,Бета-калибровка,567466220.6444147,574880024.1938353,7413803.549420595,0.013064748666451863
886,Изотоническая регрессия,Бета-калибровка,563853594.2483807,571182123.470156,7328529.221775293,0.012997220016916368
887,Изотоническая регрессия,Бета-калибровка,560295000.4883538,568147825.5730217,7852825.084667802,0.014015518749628801
888,Изотоническая регрессия,Бета-калибровка,561859624.5637932,569159562.8999323,7299938.336139083,0.012992459356385471
889,Изотоническая регрессия,Бета-калибровка,572043991.2348326,578965938.4147525,6921947.179919839,0.012100375645897268
890,Изотоническая регрессия,Бета-калибровка,572061012.2554064,579530586.7725276,7469574.517121196,0.013057303953771766
891,Изотоническая регрессия,Бета-калибровка,563175434.4739876,570481951.2115426,7306516.737555027,0.012973784526626946
892,Изотоническая регрессия,Бета-калибровка,563416887.4417721,571029900.0518744,7613012.610102296,0.013512219423648504
893,Изотоническая регрессия,Бета-калибровка,570414178.8041087,577724665.1472774,7310486.343168616,0.012816102079536804
894,Изотоническая регрессия,Бета-калибровка,563286991.3172548,570470958.3014116,7183966.984156847,0.01275365327957785
895,Изотоническая регрессия,Бета-калибровка,567177531.0308449,574440263.5317417,7262732.5008968115,0.012805042695709045
896,Изотоническая регрессия,Бета-калибровка,563863372.4469464,571380528.1507404,7517155.7037940025,0.013331519781418836
897,Изотоническая регрессия,Бета-калибровка,570363277.433363,577827109.1754613,7463831.742098331,0.01308610150303786
898,Изотоническая регрессия,Бета-калибровка,563043124.9589651,570173231.7104676,7130106.751502514,0.012663518006763977
899,Изотоническая регрессия,Бета-калибровка,562839548.4174991,570372984.1020058,7533435.684506774,0.013384694991117925
900,Изотоническая регрессия,Бета-калибровка,565045657.5105835,572081249.6112095,7035592.100625992,0.012451369207264836
901,Изотоническая регрессия,Бета-калибровка,569155784.437062,576497522.5841029,7341738.147040844,0.012899347327730976
902,Изотоническая регрессия,Бета-калибровка,569825384.816729,577375779.9779339,7550395.161204934,0.013250366449773631
903,Изотоническая регрессия,Бета-калибровка,571464391.2888136,578896092.7224977,7431701.433684111,0.013004662314870618
904,Изотоническая регрессия,Бета-калибровка,567188291.5790102,574847533.698657,7659242.119646788,0.013503879105691735
905,Изотоническая регрессия,Бета-калибровка,563501821.8368607,570525120.86058,7023299.023719311,0.012463666933365524
906,Изотоническая регрессия,Бета-калибровка,568038684.2721637,575219278.3085917,7180594.036427975,0.012641029977788527
907,Изотоническая регрессия,Бета-калибровка,570360192.515412,577806993.8662727,7446801.350860715,0.013056313271125582
908,Изотоническая регрессия,Бета-калибровка,566739853.3361863,573710590.3871007,6970737.050914407,0.01229971213402459
909,Изотоническая регрессия,Бета-калибровка,572297597.6485187,580015440.4251971,7717842.776678443,0.013485715838035756
910,Изотоническая регрессия,Бета-калибровка,568232199.7228738,575478967.543171,7246767.820297241,0.012753180519920346
911,Изотоническая регрессия,Бета-калибровка,564020430.618163,571771661.84886,7751231.230697036,0.013742819958138277
912,Изотоническая регрессия,Бета-калибровка,566163367.4457489,573470721.3857136,7307353.939964652,0.012906793975265203
913,Изотоническая регрессия,Бета-калибровка,565497865.5449824,572912572.7021105,7414707.157128096,0.013111821651143428
914,Изотоническая регрессия,Бета-калибровка,560373229.898645,567965283.1210494,7592053.222404361,0.013548208260729262
915,Изотоническая регрессия,Бета-калибровка,570008710.9956467,577317710.9795886,7308999.983941913,0.01282261102847906
916,Изотоническая регрессия,Бета-калибровка,566021012.269026,573904514.2760875,7883502.0070614815,0.01392793171309779
917,Изотоническая регрессия,Бета-калибровка,571785087.5001357,578855332.193677,7070244.693541288,0.012365213518338936
918,Изотоническая регрессия,Бета-калибровка,566273011.5720367,573945950.1577225,7672938.58568573,0.013549892770599823
919,Изотоническая регрессия,Бета-калибровка,568899302.3305417,576051396.0781789,7152093.747637153,0.01257180966532746
920,Изотоническая регрессия,Бета-калибровка,566289096.1834085,573289221.8309995,7000125.647590995,0.012361399318421291
921,Изотоническая регрессия,Бета-калибровка,558942773.2081342,566580138.720547,7637365.5124127865,0.013663948938058551
922,Изотоническая регрессия,Бета-калибровка,571959683.3279499,579179175.7786944,7219492.45074451,0.01262237997045152
923,Изотоническая регрессия,Бета-калибровка,567166765.5241088,574738195.0386765,7571429.514567733,0.013349564845484394
924,Изотоническая регрессия,Бета-калибровка,566793185.5179431,573643376.2001357,6850190.682192564,0.01208587339654193
925,Изотоническая регрессия,Бета-калибровка,560934642.2674208,568709350.6540287,7774708.386607885,0.013860274978170023
926,Изотоническая регрессия,Бета-калибровка,567588369.2670628,574819901.6886668,7231532.421604037,0.01274080445119453
927,Изотоническая регрессия,Бета-калибровка,566421869.4335855,573735689.0213537,7313819.587768197,0.01291231850754972
928,Изотоническая регрессия,Бета-калибровка,565814952.1561773,573230223.6671761,7415271.510998845,0.013105471113375717
929,Изотоническая регрессия,Бета-калибровка,566841586.5764966,574661410.0198715,7819823.443374872,0.013795430025880023
930,Изотоническая регрессия,Бета-калибровка,570138579.6767509,576935504.2896914,6796924.61294055,0.011921530756249075
931,Изотоническая регрессия,Бета-калибровка,562824486.8549461,570289623.4902413,7465136.635295153,0.013263702645579996
932,Изотоническая регрессия,Бета-калибровка,565890263.4923766,572988997.2209662,7098733.728589654,0.012544364493532738
933,Изотоническая регрессия,Бета-калибровка,565529004.6207044,573384277.5754552,7855272.954750776,0.013890132761659577
934,Изотоническая регрессия,Бета-калибровка,567190326.2797271,574831214.16068,7640887.880952954,0.013471470733766745
935,Изотоническая регрессия,Бета-калибровка,566399634.8185695,574004370.0506247,7604735.232055187,0.013426447978715865
936,Изотоническая регрессия,Бета-калибровка,563509984.8664324,571142205.8449385,7632220.978506088,0.01354407407761397
937,Изотоническая регрессия,Бета-калибровка,567864298.6875784,575026649.0514488,7162350.363870382,0.012612785097467253
938,Изотоническая регрессия,Бета-калибровка,564353121.1175644,571410249.1404061,7057128.022841692,0.012504809061508798
939,Изотоническая регрессия,Бета-калибровка,568847725.2884619,576342229.7769442,7494504.488482237,0.013174886978201036
940,Изотоническая регрессия,Бета-калибровка,559052563.3144698,566690469.3769364,7637906.062466621,0.013662232433357544
941,Изотоническая регрессия,Бета-калибровка,567067735.7605684,574403135.1427987,7335399.382230282,0.012935666975289684
942,Изотоническая регрессия,Бета-калибровка,565775956.8355348,572958063.121792,7182106.286257148,0.012694258565577243
943,Изотоническая регрессия,Бета-калибровка,561688758.2115183,569002649.5170063,7313891.30548799,0.013021252782014478
944,Изотоническая регрессия,Бета-калибровка,562957908.7745441,570591354.8545035,7633446.079959393,0.013559532535169462
945,Изотоническая регрессия,Бета-калибровка,562849222.8176372,570491682.9124076,7642460.0947704315,0.01357816584788389
946,Изотоническая регрессия,Бета-калибровка,562357761.8286616,569342136.4632835,6984374.634621978,0.012419806587020965
947,Изотоническая регрессия,Бета-калибровка,571922104.2906673,579554941.8132985,7632837.522631168,0.013345939010519413
948,Изотоническая регрессия,Бета-калибровка,569853958.5137072,577357012.022901,7503053.509193897,0.013166625232828702
949,Изотоническая регрессия,Бета-калибровка,565082912.7238705,572625883.1112518,7542970.387381315,0.013348431208124692
950,Изотоническая регрессия,Бета-калибровка,566765606.6321504,573612317.1134267,6846710.481276274,0.012080321037758409
951,Изотоническая регрессия,Бета-калибровка,563642730.331207,570852640.1310039,7209909.79979682,0.012791630960200874
952,Изотоническая регрессия,Бета-калибровка,562590174.7308775,569680256.9689544,7090082.238076925,0.012602570319448897
953,Изотоническая регрессия,Бета-калибровка,567666473.1073861,574900161.998909,7233688.891522884,0.012742850307727226
954,Изотоническая регрессия,Бета-калибровка,567673951.805799,574979693.2121893,7305741.406390309,0.012869608307991557
955,Изотоническая регрессия,Бета-калибровка,571754226.2547271,578749682.4825933,6995456.227866173,0.012235075678740269
956,Изотоническая регрессия,Бета-калибровка,560422298.4189088,567969413.7435893,7547115.324680448,0.013466836251827851
957,Изотоническая регрессия,Бета-калибровка,572934948.9126331,580192680.7543497,7257731.841716647,0.012667636798018722
958,Изотоническая регрессия,Бета-калибровка,568132431.9236715,575653896.981602,7521465.0579304695,0.013238929227228094
959,Изотоническая регрессия,Бета-калибровка,571761470.5362515,578686176.9771769,6924706.44092536,0.012111180619482317
960,Изотоническая регрессия,Бета-калибровка,565963643.140008,573254933.9818767,7291290.841868758,0.012882966830547876
961,Изотоническая регрессия,Бета-калибровка,568371676.1644853,575722019.6313665,7350343.466881156,0.012932283178646618
962,Изотоническая регрессия,Бета-калибровка,566128133.9870987,573592722.1562331,7464588.169134378,0.01318533335653742
963,Изотоническая регрессия,Бета-калибровка,563093299.7394965,570318221.2341996,7224921.494703174,0.012830771557831775
964,Изотоническая регрессия,Бета-калибровка,570144444.1940585,577576576.1972266,7432132.003168106,0.013035524732112362
965,Изотоническая регрессия,Бета-калибровка,558610763.0483158,566384498.172321,7773735.1240051985,0.013916192881039829
966,Изотоническая регрессия,Бета-калибровка,563743052.2541142,571022887.6824249,7279835.428310752,0.012913392722451284
967,Изотоническая регрессия,Бета-калибровка,562851754.656379,570457189.2480991,7605434.591720104,0.013512322789796085
968,Изотоническая регрессия,Бета-калибровка,566513514.9515188,573953499.6985924,7439984.74707365,0.013132934256141005
969,Изотоническая регрессия,Бета-калибровка,562089217.1150097,569657767.1183866,7568550.003376961,0.013465033259708221
970,Изотоническая регрессия,Бета-калибровка,569835098.7518022,577147965.1939902,7312866.4421880245,0.012833302929578268
971,Изотоническая регрессия,Бета-калибровка,567639230.9100796,575191441.2830322,7552210.37295258,0.013304595527769178
972,Изотоническая регрессия,Бета-калибровка,565161757.1013943,572528287.1274409,7366530.026046634,0.013034374554690583
973,Изотоническая регрессия,Бета-калибровка,569659863.9359796,576680198.657615,7020334.721635342,0.012323730643632482
974,Изотоническая регрессия,Бета-калибровка,567901716.5245428,574993434.7268964,7091718.202353597,0.012487580149878129
975,Изотоническая регрессия,Бета-калибровка,570122082.8583635,577422643.5953935,7300560.737030029,0.012805258656931766
976,Изотоническая регрессия,Бета-калибровка,564869093.5693122,572322780.6750997,7453687.105787516,0.013195423843582818
977,Изотоническая регрессия,Бета-калибровка,562680466.3915073,569635597.1935816,6955130.802074313,0.012360711305081994
978,Изотоническая регрессия,Бета-калибровка,565673370.9535947,573167005.7989067,7493634.845311999,0.0132472823189104
979,Изотоническая регрессия,Бета-калибровка,564598068.3092363,571750644.0478435,7152575.738607168,0.01266843820423705
980,Изотоническая регрессия,Бета-калибровка,562556439.5461173,569730107.9069803,7173668.36086297,0.012751908709196968
981,Изотоническая регрессия,Бета-калибровка,561881099.5918663,569205874.6359484,7324775.044082165,0.013036165568485332
982,Изотоническая регрессия,Бета-калибровка,566133827.0680509,573468904.1265757,7335077.058524847,0.012956436637097734
983,Изотоническая регрессия,Бета-калибровка,563799818.8262897,571232822.0635523,7433003.237262607,0.013183763082323307
984,Изотоническая регрессия,Бета-калибровка,568502621.3666831,575794925.5363275,7292304.169644356,0.012827212919640759
985,Изотоническая регрессия,Бета-калибровка,565158184.4164419,572292315.381753,7134130.96531105,0.012623246308778927
986,Изотоническая регрессия,Бета-калибровка,570464632.1932125,578029896.3961823,7565264.2029697895,0.013261583235904248
987,Изотоническая регрессия,Бета-калибровка,565817409.393171,573362383.6740977,7544974.280926704,0.013334644985594477
988,Изотоническая регрессия,Бета-калибровка,559362560.9576752,566690645.0702534,7328084.112578154,0.013100776891524281
989,Изотоническая регрессия,Бета-калибровка,563368260.7876775,571195606.7672987,7827345.979621172,0.013893835568012493
990,Изотоническая регрессия,Бета-калибровка,567406082.7067962,574839651.5299758,7433568.823179603,0.013100967807250062
991,Изотоническая регрессия,Бета-калибровка,563911561.6620444,571074575.0036154,7163013.341570973,0.01270237006749617
992,Изотоническая регрессия,Бета-калибровка,559626823.9636652,566896160.9574733,7269336.993808031,0.012989615012235377
993,Изотоническая регрессия,Бета-калибровка,566239149.8451817,573254746.2097872,7015596.364605546,0.01238981156022807
994,Изотоническая регрессия,Бета-калибровка,564411436.9823706,571665847.8131946,7254410.8308240175,0.01285305427120643
995,Изотоническая регрессия,Бета-калибровка,563020747.9781699,570109638.8782433,7088890.900073409,0.01259081645841632
996,Изотоническая регрессия,Бета-калибровка,568918440.2521853,576209666.2234678,7291225.971282482,0.012815942418829822
997,Изотоническая регрессия,Бета-калибровка,565009477.3179886,572047941.0046377,7038463.686649084,0.012457248894407165
998,Изотоническая регрессия,Бета-калибровка,564196919.9631985,572084354.3516963,7887434.38849771,0.013979931668205832
999,Изотоническая регрессия,Бета-калибровка,561664611.6939769,569016903.0931164,7352291.3991395235,0.013090180947959423
