scenario,method,p_value_intime,p_value_oot,oot_mean_pd,expected_loss,unexpected_loss_capital,rwa,required_capital
0,Бета-калибровка,0.0005585478573453697,0.0962126409564221,0.04847784650311962,136145184.11936116,547407693.1696658,6842596164.620822,547407693.1696658
0,Изотоническая регрессия,0.3282266428981691,8.905075087560119e-06,0.04843798984361161,136054898.27679887,521291204.47676224,6516140055.959528,521291204.47676224
0,Логит-калибровка,0.0025586171788633157,0.06217708759514491,0.04855228110571869,136354226.25730038,541265341.9863129,6765816774.828911,541265341.9863129
0,Монотонный сплайн,0.3761245082281846,4.4315020035217075e-05,0.04859605225686613,136495899.5815091,524949964.93275595,6561874561.65945,524949964.932756
0,Французский сплайн,0.2717440340046481,0.0023569952406924193,0.04856242768460136,136404402.82977128,524851531.2024868,6560644140.031085,524851531.2024868
1,Бета-калибровка,0.0004093008018162948,0.01814506515968926,0.049468942275090584,138928577.48536438,551623946.5145965,6895299331.432456,551623946.5145965
1,Изотоническая регрессия,0.06347479654812126,9.873167694282935e-07,0.049644863719152756,139442249.6688686,526259791.5982066,6578247394.977583,526259791.5982066
1,Логит-калибровка,0.0022236765287367713,0.009746932401332646,0.049547879048018266,139150263.5184545,545693963.4873279,6821174543.5915985,545693963.4873279
1,Монотонный сплайн,0.05358734593811897,6.149908596672292e-07,0.04969886718547331,139591596.49767673,529961429.99955475,6624517874.994434,529961429.99955475
1,Французский сплайн,0.11584155417303083,7.668269594502215e-05,0.04965319460170158,139465688.6169447,529845767.4101543,6623072092.626929,529845767.4101543
2,Бета-калибровка,0.00010826947366325391,0.05070520509414227,0.050086455137075735,140662800.60696352,552069820.2953565,6900872753.691956,552069820.2953565
2,Изотоническая регрессия,0.46307619386256904,1.0762494297227641e-06,0.05021831805191127,141053695.61698762,526632191.8817512,6582902398.52189,526632191.8817512
2,Логит-калибровка,0.0006038299463618137,0.030575016045882898,0.050148519797949834,140837103.0005623,546241733.1311419,6828021664.139274,546241733.1311419
2,Монотонный сплайн,0.31674287109080973,6.75289417211066e-07,0.050261862012614754,141172847.11276644,530412334.23873425,6630154177.984179,530412334.23873425
2,Французский сплайн,0.18635279009004396,0.000525698884124011,0.05023389179230614,141097438.7925826,530236939.3383646,6627961741.729558,530236939.3383646
3,Бета-калибровка,0.0003999859862480141,0.05072499531914613,0.049163256696284414,138070090.10584515,549059010.2360835,6863237627.951045,549059010.2360835
3,Изотоническая регрессия,0.6366328179558332,5.975438598259331e-05,0.04928535557876311,138433803.0073983,523157429.3553895,6539467866.942369,523157429.3553895
3,Логит-калибровка,0.0021626002541237912,0.030589833730511724,0.04921198513828381,138206939.0623562,543084200.5639341,6788552507.049175,543084200.5639341
3,Монотонный сплайн,0.19679262555194935,0.0002706376975605673,0.04931156307548032,138504890.70332122,526797865.83855075,6584973322.981884,526797865.83855075
3,Французский сплайн,0.20163137461596636,0.0005336473203475125,0.04928412977981359,138430382.07722965,526690284.15372694,6583628551.921587,526690284.15372694
4,Бета-калибровка,0.0022385025845078075,0.05086949236033812,0.04922045588031921,138230728.2942885,551350842.2069294,6891885527.586618,551350842.2069294
4,Изотоническая регрессия,0.36565823877606735,9.41074360618181e-07,0.04933212975462892,138566479.20289987,526190058.0085421,6577375725.106775,526190058.0085421
4,Логит-калибровка,0.006452749328968874,0.03069207979570246,0.049304944483234206,138468006.08671495,545470261.4354337,6818378267.942921,545470261.4354337
4,Монотонный сплайн,0.372434478807681,4.630485373376711e-06,0.04942500551467159,138824144.37610292,529882700.06297994,6623533750.787249,529882700.06297994
4,Французский сплайн,0.12305216297079956,0.0005428737235315974,0.049393306501197,138738143.027193,529698443.17663884,6621230539.707985,529698443.17663884
5,Бета-калибровка,0.0034380955508745495,0.005353315597754144,0.048313106125179736,135682527.2419548,547233134.9718493,6840414187.148117,547233134.9718493
5,Изотоническая регрессия,0.5784402821341231,1.4754763126582127e-08,0.04837682581158312,135881690.00925004,521342893.0858496,6516786163.573119,521342893.0858496
5,Логит-калибровка,0.0064338910407697415,0.0025335817497238403,0.04836897601573339,135839432.24258566,541174289.5103788,6764678618.879734,541174289.5103788
5,Монотонный сплайн,0.6808980472052023,7.781425424374213e-08,0.048472388202905566,136147597.5409841,524994518.9694793,6562431487.118492,524994518.9694793
5,Французский сплайн,0.12631801181645821,8.305809467862313e-06,0.04844026976106837,136059878.18266684,524887574.29612255,6561094678.701531,524887574.29612255
6,Бета-калибровка,0.005399643709995483,0.055031322674917615,0.049034027401288365,137707162.5537783,548363812.024129,6854547650.301613,548363812.024129
6,Изотоническая регрессия,0.4349756566633217,0.0003896646421116575,0.049140633208506944,138027245.10277092,522581332.4170612,6532266655.213265,522581332.4170612
6,Логит-калибровка,0.020256631472143384,0.07295186879858503,0.0490826977012058,137843848.22406638,542377129.4949788,6779714118.687235,542377129.4949788
6,Монотонный сплайн,0.3642055253322612,0.0016827079405119948,0.04918632302761393,138152805.75993067,526326427.4724758,6579080343.405949,526326427.4724758
6,Французский сплайн,0.12170147039992939,0.01708705353320872,0.049163405512338526,138091133.2837652,526198681.59657407,6577483519.957176,526198681.59657407
7,Бета-калибровка,0.002238280751011218,0.04936379233530468,0.04839793299241868,135920755.0159086,547999678.5851004,6849995982.313753,547999678.5851004
7,Изотоническая регрессия,0.6344928639705727,8.483369711176622e-06,0.04843875917154257,136056580.45736015,522147943.4088945,6526849292.611181,522147943.4088945
7,Логит-калибровка,0.006450252306582483,0.02966276775918204,0.048465398648256774,136110225.56376436,541942694.4176474,6774283680.220591,541942694.4176474
7,Монотонный сплайн,0.5240054087953301,4.146910034284986e-05,0.048520711316115746,136283685.45597845,525872461.4984214,6573405768.730267,525872461.4984214
7,Французский сплайн,0.2754517809704498,0.0005170366783191814,0.048491962427372894,136205898.24094778,525739892.0204756,6571748650.255945,525739892.0204756
8,Бета-калибровка,0.011375029011203762,0.023242769379892236,0.04824352892001338,135487126.61896557,547837940.1066333,6847974251.332916,547837940.1066333
8,Изотоническая регрессия,0.6355636514463352,1.116660960780927e-06,0.048302711701481524,135673547.94244072,521931978.2703099,6524149728.378874,521931978.2703099
8,Логит-калибровка,0.03004143403605898,0.03006860380978335,0.04831696584114148,135693366.8682617,541704728.2456253,6771309103.070316,541704728.2456253
8,Монотонный сплайн,0.20963843556495915,5.537033822426531e-06,0.04843274762906246,136036415.0107768,525587303.9100394,6569841298.875492,525587303.9100394
8,Французский сплайн,0.33718007461936683,0.0005352221704082295,0.048383143733648167,135899571.5833056,525552173.658406,6569402170.730075,525552173.658406
9,Бета-калибровка,0.0034189379686321926,0.005044383749233639,0.0486910284968023,136743884.43041956,548724174.4623222,6859052180.779028,548724174.4623222
9,Изотоническая регрессия,0.6781953285542492,1.3568770348905937e-08,0.048724646381017596,136859107.2964498,523348893.99953747,6541861174.994218,523348893.99953747
9,Логит-калибровка,0.006427180978869844,0.0023712446186622657,0.048777079543087055,136985550.18880567,542602723.1073976,6782534038.842468,542602723.1073976
9,Монотонный сплайн,0.5473854551095116,8.286829535478206e-08,0.04887615270218883,137281741.06334558,526946526.4019983,6586831580.024977,526946526.4019983
9,Французский сплайн,0.11967691592908124,7.95585814627161e-06,0.04883103837759737,137157666.9337575,526870200.1353911,6585877501.692389,526870200.1353911
10,Бета-калибровка,0.011381452845568029,0.02375038910979877,0.04919709913183238,138165133.20183808,549142928.920315,6864286611.503938,549142928.920315
10,Изотоническая регрессия,0.4904334586304716,1.031181826145264e-06,0.049338087020969215,138582252.78968996,523475662.7057836,6543445783.822295,523475662.7057836
10,Логит-калибровка,0.03012746842166121,0.022730587515971883,0.049260742616501006,138343869.56418142,543073841.5456446,6788423019.320558,543073841.5456446
10,Монотонный сплайн,0.3080784416941154,5.561532741426321e-06,0.04938598252330574,138713660.6680377,526962193.33645564,6587027416.705695,526962193.33645564
10,Французский сплайн,0.12834891105144564,0.000518804608614925,0.04934214561340464,138593592.31513083,526867950.12460744,6585849376.557592,526867950.12460744
11,Бета-калибровка,0.0039134188465074675,0.016731064941774225,0.04892651801563882,137405233.19512007,549843437.0629303,6873042963.286629,549843437.0629303
11,Изотоническая регрессия,0.4906438027947475,0.0020207381417794404,0.049028598967009944,137712966.93895072,524380827.84137964,6554760348.017245,524380827.84137964
11,Логит-калибровка,0.017059736433632518,0.022745564924133474,0.04901333027589244,137649036.74681634,543852790.6793166,6798159883.491458,543852790.6793166
11,Монотонный сплайн,0.477894538260964,0.007836027507808664,0.04913178143231096,137999624.34289318,528115908.92233074,6601448861.529135,528115908.92233074
11,Французский сплайн,0.1198853091389668,0.01679100495725551,0.04909357151302119,137895435.30073324,527939340.5836513,6599241757.295641,527939340.5836513
12,Бета-калибровка,0.005292522461067545,0.005365059360968527,0.04927524192683998,138384589.4273374,551147560.2526941,6889344503.158677,551147560.2526941
12,Изотоническая регрессия,0.3341945634468372,1.2577640655497433e-08,0.049364944161015625,138658156.7817963,525669293.46414673,6570866168.301834,525669293.46414673
12,Логит-калибровка,0.01993871509195045,0.002539820878854233,0.049369287130713604,138648705.9778961,545195597.3575631,6814944966.96954,545195597.3575631
12,Монотонный сплайн,0.18989725914631017,6.751267854535135e-08,0.04945854345022415,138918031.3031268,529221749.6008908,6615271870.011135,529221749.60089076
12,Французский сплайн,0.17133659935266896,8.520458605672518e-06,0.04941926563196772,138810532.10560417,529106588.9964261,6613832362.455326,529106588.9964261
13,Бета-калибровка,0.0023152432241230012,0.04821971150725673,0.04851607660743881,136252549.5443312,546970142.8375356,6837126785.469196,546970142.8375356
13,Изотоническая регрессия,0.4196149605837447,1.0809841286974011e-06,0.0486364334937692,136612685.8239014,520709039.77171135,6508862997.146391,520709039.77171135
13,Логит-калибровка,0.009862740497617711,0.02888558726233219,0.048572878088157107,136412070.82278043,540819527.6470635,6760244095.588295,540819527.6470635
13,Монотонный сплайн,0.10489902072632246,6.656483260484555e-07,0.048662681869762206,136683214.64643663,524492202.80037665,6556152535.004707,524492202.80037665
13,Французский сплайн,0.20024203154024678,0.0004982639127554132,0.0486245083618908,136579150.26258165,524369587.2084764,6554619840.105955,524369587.2084764
14,Бета-калибровка,0.004065953346066626,0.05177881497172002,0.047949045885480115,134660100.46478236,546235078.4873554,6827938481.091941,546235078.4873554
14,Изотоническая регрессия,0.49074222763974784,6.831549534628357e-06,0.04809563982109256,135092964.0735563,520824255.6925069,6510303196.156337,520824255.6925069
14,Логит-калибровка,0.015926039937988273,0.03131964789303388,0.04799904693825558,134800523.42139697,540158494.2605126,6751981178.256409,540158494.2605126
14,Монотонный сплайн,0.4424334590352662,4.307447059012623e-06,0.048147683435795896,135236415.0152124,524645207.6928904,6558065096.161131,524645207.6928904
14,Французский сплайн,0.12205192010348875,0.0005683272650669378,0.04811513535758657,135147658.05543268,524434071.85461605,6555425898.182699,524434071.85461605
15,Бета-калибровка,0.002027583142969644,0.016507924781728047,0.049508093514888614,139038529.8272132,547013320.0778724,6837666500.973404,547013320.0778724
15,Изотоническая регрессия,0.4349852192727316,1.1477974577583529e-07,0.04975499490536835,139753934.09223646,521436841.5925319,6517960519.906649,521436841.5925319
15,Логит-калибровка,0.008803689889333001,0.008764383656240484,0.049516040657514956,139060848.58256498,540997443.4629381,6762468043.286726,540997443.4629381
15,Монотонный сплайн,0.4175241848552704,6.678632016088296e-07,0.04977943926436184,139819455.1218505,525032627.4821578,6562907843.526972,525032627.4821578
15,Французский сплайн,0.12385376460955709,6.729171299922389e-05,0.049742502014448194,139718807.23708975,524852880.48128235,6560661006.016029,524852880.48128235
16,Бета-калибровка,0.002493677318658685,0.005454206243674506,0.04994130371465226,140255157.35222942,550931241.931742,6886640524.146773,550931241.931742
16,Изотоническая регрессия,0.18970666517731016,1.0450096649216172e-07,0.05012394497662753,140788179.87236074,525834084.4624665,6572926055.78083,525834084.4624665
16,Логит-калибровка,0.010537444247156105,0.002587389271542967,0.04998232004595112,140370347.6170491,545079180.9281305,6813489761.601631,545079180.9281305
16,Монотонный сплайн,0.2895453765481534,6.516576058545269e-07,0.050161598481532475,140891072.79011196,529554236.4361559,6619427955.451948,529554236.4361559
16,Французский сплайн,0.24081857220996422,9.003610098035213e-06,0.05013009943574869,140805399.42429763,529376366.54976875,6617204581.872108,529376366.5497687
17,Бета-калибровка,0.013933653701993258,0.016831531296217447,0.048368091927728,135836949.36983132,547469203.2517617,6843365040.64702,547469203.2517617
17,Изотоническая регрессия,0.45042578565306157,1.3297061945743654e-07,0.04846792446013706,136138368.65384895,521764919.0862399,6522061488.577998,521764919.0862399
17,Логит-калибровка,0.02997793244873732,0.00895635643829756,0.048439011640090575,136036120.29003036,541347632.1648602,6766845402.060752,541347632.1648602
17,Монотонный сплайн,0.29455473363490603,7.116344681552335e-07,0.04855925904516152,136391634.9483076,525557352.4765365,6569466905.956706,525557352.4765365
17,Французский сплайн,0.2681274235381572,6.686007303295216e-05,0.04851871235916253,136280913.82545763,525397448.3945919,6567468104.9324,525397448.3945919
18,Бета-калибровка,0.00335787480454049,0.0049493633107794005,0.04881944612549864,137104532.4988504,548693279.0994415,6858665988.743021,548693279.0994415
18,Изотоническая регрессия,0.22145443564077616,1.3453037133001087e-08,0.04897023731123194,137550140.46486378,522972988.55887187,6537162356.985899,522972988.55887187
18,Логит-калибровка,0.006412536755761199,0.002321233217907801,0.048885495815538596,137290026.4483586,542738094.744719,6784226184.308989,542738094.7447191
18,Монотонный сплайн,0.31415657022205157,7.823580311086637e-08,0.049037785244022185,137736626.53239882,526748351.942545,6584354399.281813,526748351.942545
18,Французский сплайн,0.11573026772900971,7.743003465477525e-06,0.049005372625399106,137648661.62966156,526604786.9056039,6582559836.320049,526604786.9056039
19,Бета-калибровка,0.016584508478586196,0.0500811967150389,0.049869756413716895,140054223.91228253,549353214.8740115,6866915185.925143,549353214.8740115
19,Изотоническая регрессия,0.49010899046660716,6.261023021051975e-05,0.049934432153558,140256071.6600523,523563710.6795385,6544546383.49423,523563710.6795385
19,Логит-калибровка,0.02996170792666166,0.03015206945255684,0.04990825785589476,140162351.3624949,543342019.4242913,6791775242.80364,543342019.4242913
19,Монотонный сплайн,0.36958290589104703,4.211003720784895e-05,0.050036828205189184,140540651.58634886,527263062.20418483,6590788277.552311,527263062.20418483
19,Французский сплайн,0.12227162757106713,0.0005284319358075277,0.050006352634321134,140457971.06437072,527120381.6867924,6589004771.084905,527120381.6867924
20,Бета-калибровка,0.0017373429411593226,0.055370454559527285,0.04987555489851612,140070508.3769927,550884334.0785936,6886054175.98242,550884334.0785936
20,Изотоническая регрессия,0.2557964694137298,0.0003561747876718779,0.04995924701204814,140326120.508636,525640532.88614666,6570506661.076834,525640532.88614666
20,Логит-калибровка,0.00641170064227171,0.0734753495699372,0.0499338709749379,140234283.2460156,544982549.8117573,6812281872.646967,544982549.8117573
20,Монотонный сплайн,0.3467398902373026,0.0002612835397397962,0.050021836742461814,140499230.40376553,529337356.3585222,6616716954.481526,529337356.3585222
20,Французский сплайн,0.18142412554434867,0.018137377390783527,0.050001682264510613,140445247.46852928,529183764.77054054,6614797059.631757,529183764.77054054
21,Бета-калибровка,0.008253009419318745,0.055266875601061104,0.049336909885357286,138557777.7220374,550030907.1516573,6875386339.395716,550030907.1516573
21,Изотоническая регрессия,0.4874597232145519,8.047514172629286e-06,0.04954375921136207,139159384.16918924,524314981.69196975,6553937271.149622,524314981.69196975
21,Логит-калибровка,0.02892434452662938,0.06364845638093437,0.049391837319752586,138712035.9287932,544160586.7114514,6802007333.893143,544160586.7114514
21,Монотонный сплайн,0.2889574506322188,4.0324102549161805e-05,0.04951968498346074,139088684.90327644,528055474.0888481,6600693426.110601,528055474.0888481
21,Французский сплайн,0.12537259049954894,0.002590209624769306,0.04949758478541749,139029652.39110273,527885532.9739815,6598569162.174769,527885532.9739815
22,Бета-калибровка,0.008967846323083846,0.017143636674706024,0.04904641301765673,137741946.31878716,550315586.6767395,6878944833.459243,550315586.6767395
22,Изотоническая регрессия,0.5585763781342172,1.2065105605098008e-07,0.04917041545534407,138111603.1647883,524959734.9434666,6561996686.793333,524959734.9434666
22,Логит-калибровка,0.029936271772127182,0.009144048822176728,0.04913873935975678,138001235.61794096,544322276.0266176,6804028450.332722,544322276.0266176
22,Монотонный сплайн,0.5456371222497272,6.480577963878693e-07,0.04926195122753944,138365449.08959508,528522271.0851661,6606528388.564576,528522271.0851661
22,Французский сплайн,0.21501036171850507,7.060482608247124e-05,0.049221631778763375,138255365.68089613,528362059.08179724,6604525738.522466,528362059.08179724
23,Бета-калибровка,0.003385892744895168,0.016812939514030685,0.049440396314910345,138848409.01079422,551125996.7530246,6889074959.412807,551125996.7530246
23,Изотоническая регрессия,0.3868104802235634,5.783342770537976e-05,0.04948998531113695,139008843.947797,525493386.45719063,6568667330.714884,525493386.45719063
23,Логит-калибровка,0.006417609517599277,0.0229274723910663,0.0495306383545092,139101844.75480366,545105647.0280001,6813820587.850002,545105647.0280001
23,Монотонный сплайн,0.45202292507916714,0.00026252954523723986,0.04960316606624804,139323624.93326822,529234397.92111695,6615429974.013962,529234397.92111695
23,Французский сплайн,0.275399617763712,0.0005269724576147123,0.04955847713334501,139201004.1522021,529135973.3450062,6614199666.812578,529135973.3450062
24,Бета-калибровка,0.005519878821982352,0.023593962648111734,0.049698435123485506,139573085.20079666,548996431.3085178,6862455391.356473,548996431.3085178
24,Изотоническая регрессия,0.42424101537804626,6.00464715824115e-05,0.04988668888690181,140123065.86997503,523016469.3731774,6537705867.164718,523016469.3731774
24,Логит-калибровка,0.020596307657468418,0.032176495735399616,0.04974429834420002,139701887.46985134,543010439.1433008,6787630489.29126,543010439.1433008
24,Монотонный сплайн,0.3360837080141861,0.00026949321762721767,0.04984238178328519,139995748.89011198,526950062.16488135,6586875777.061017,526950062.16488135
24,Французский сплайн,0.24368469166649803,0.0032482220579703376,0.04982139828174974,139939676.6648067,526789941.4482523,6584874268.103154,526789941.4482523
25,Бета-калибровка,0.0033863358233518224,0.04736247877927884,0.04777198404953435,134162840.00471231,548029842.2916961,6850373028.6462,548029842.2916961
25,Изотоническая регрессия,0.3777067970608463,1.2652947581791865e-06,0.04786941818278496,134457404.0245333,521908350.04901785,6523854375.612722,521908350.04901785
25,Логит-калибровка,0.006417749125501927,0.028302621686907718,0.04788048531763835,134467554.96605554,541888777.5591121,6773609719.488901,541888777.5591121
25,Монотонный сплайн,0.34820248980491997,6.5123799435019664e-06,0.047866630517061526,134446715.54032266,525726674.5289657,6571583431.612071,525726674.5289657
25,Французский сплайн,0.18158580802810237,0.00048716685576154694,0.04782720189833591,134338806.30869332,525664773.50309336,6570809668.788667,525664773.50309336
26,Бета-калибровка,0.0022387698830297143,0.05083635104880326,0.04924288568314157,138293720.1525348,550349269.5583985,6879365869.479982,550349269.5583985
26,Изотоническая регрессия,0.3769895427761004,9.359313675842612e-07,0.04936253504797583,138651032.22873533,524740730.4680327,6559259130.850409,524740730.4680327
26,Логит-калибровка,0.006455521837293203,0.030670737738438685,0.04931333184769058,138491561.16105425,544407733.8013859,6805096672.517324,544407733.8013859
26,Монотонный сплайн,0.44000445056749904,4.949074522800394e-06,0.049376615142481955,138687762.10364714,528497180.26460564,6606214753.3075695,528497180.26460564
26,Французский сплайн,0.2754645722650778,0.0005466910652838321,0.04935060177877855,138617472.9825943,528369492.08220905,6604618651.027613,528369492.082209
27,Бета-калибровка,0.0015226926986614468,0.005430656348868601,0.048849558408397956,137189099.83414483,548250386.268918,6853129828.361476,548250386.268918
27,Изотоническая регрессия,0.5527245768919014,1.0801759245822565e-06,0.0490956549254249,137900808.4925633,523101970.8604598,6538774635.755747,523101970.86045974
27,Логит-калибровка,0.006879912104947129,0.0025745616377402174,0.04887410565969499,137258038.3346874,542327731.9752157,6779096649.690197,542327731.9752157
27,Монотонный сплайн,0.4151063556942539,5.473130516461086e-06,0.04911358564348517,137948216.69105828,526668632.7514817,6583357909.393521,526668632.7514817
27,Французский сплайн,0.2680408205502618,8.61484076654047e-06,0.0490752207139725,137843416.81868792,526499437.07244134,6581242963.405516,526499437.07244134
28,Бета-калибровка,0.0066609551201291094,0.19969381417230847,0.05083453251127965,142763701.10467777,551126798.0623016,6889084975.77877,551126798.0623016
28,Изотоническая регрессия,0.28646985947684045,5.11187257125756e-05,0.05092230294385833,143031843.18753174,525529621.2301422,6569120265.376776,525529621.2301422
28,Логит-калибровка,0.02430152117069803,0.08788363442651569,0.05084613594153968,142796288.17822003,545285419.5621693,6816067744.527117,545285419.5621693
28,Монотонный сплайн,0.2307835690458499,0.0002366926990628647,0.05095527322500946,143121528.4615456,529358809.61795306,6616985120.224413,529358809.61795306
28,Французский сплайн,0.04613870089200019,0.003541011614595555,0.050942189250936146,143087714.14580262,529170277.41829616,6614628467.728702,529170277.41829616
29,Бета-калибровка,0.016349749692818837,0.0169995111615612,0.048546149941938746,136337007.4969408,548962664.1517953,6862033301.897441,548962664.1517953
29,Изотоническая регрессия,0.4903700857340296,1.2072189547774898e-06,0.04871312500062239,136826272.25174794,523206102.3269856,6540076279.08732,523206102.3269856
29,Логит-калибровка,0.029872775225598943,0.009056717750609837,0.048630537982140704,136574002.86904395,542919725.421026,6786496567.762825,542919725.421026
29,Монотонный сплайн,0.2985496052444947,6.050272572371872e-06,0.04875583604251379,136943449.95688418,526816339.7502756,6585204246.878445,526816339.7502756
29,Французский сплайн,0.11917050147329618,6.828341537659917e-05,0.048715642161351755,136833307.89416432,526736578.99583185,6584207237.447897,526736578.99583185
30,Бета-калибровка,0.0014324898817994704,0.016740686568688455,0.04746544614264837,133301958.94701366,547017207.3918587,6837715092.398232,547017207.3918587
30,Изотоническая регрессия,0.4738622641929292,1.2428013242942464e-07,0.04756110603135026,133592377.37844408,521338325.99830914,6516729074.978865,521338325.99830914
30,Логит-калибровка,0.006546961982791305,0.008903291548578402,0.047554329960856324,133551580.26206893,540863225.6631198,6760790320.788998,540863225.6631198
30,Монотонный сплайн,0.33753448885823367,7.228306574161359e-08,0.047637313036346614,133803607.93176274,524727968.72580636,6559099609.072578,524727968.72580636
30,Французский сплайн,0.19377401188182197,6.898530909150507e-05,0.047588590189630756,133669528.13991639,524644909.2286232,6558061365.35779,524644909.2286233
31,Бета-калибровка,0.0034179563957220903,0.005274752588015111,0.049658095021710646,139459794.05897218,547314100.2632713,6841426253.290893,547314100.2632713
31,Изотоническая регрессия,0.47575109964974305,1.3223883299597715e-07,0.049787794884285225,139844733.95302662,520863845.73858404,6510798071.7323,520863845.73858404
31,Логит-калибровка,0.0064268091805413565,0.0024919737359721263,0.04966543274555848,139480401.32262644,541278921.1750818,6765986514.688522,541278921.1750818
31,Монотонный сплайн,0.3915469929557861,7.092658144538264e-07,0.049797880345452086,139870269.83361626,524664588.8130474,6558307360.163093,524664588.8130474
31,Французский сплайн,0.27542434328597937,8.176018364359285e-06,0.04977575562000524,139810876.41799498,524572796.33715117,6557159954.214389,524572796.33715117
32,Бета-калибровка,0.011377102003508024,0.005496865595853085,0.047694584017547684,133945469.75488092,547416259.6174248,6842703245.21781,547416259.6174248
32,Изотоническая регрессия,0.47798688514436705,1.3453661373895478e-07,0.04783945071244364,134372047.3808267,521622125.4035884,6520276567.544854,521622125.4035884
32,Логит-калибровка,0.03007975906864459,0.002609383641591513,0.0477860930029462,134202463.58947411,541285066.2745521,6766063328.431901,541285066.2745521
32,Монотонный сплайн,0.5487799393031259,6.838847909390415e-07,0.04787184298224702,134460508.21935648,525328072.3854064,6566600904.817579,525328072.3854064
32,Французский сплайн,0.407896451925697,8.62220006336999e-06,0.0478297353912406,134344839.3384475,525243701.5461694,6565546269.327118,525243701.5461694
33,Бета-калибровка,0.016584548663448034,0.005552278808437293,0.048985087397049716,137569719.44587445,549519091.6253784,6868988645.31723,549519091.6253784
33,Изотоническая регрессия,0.3090080181204984,1.289226338547083e-07,0.04902095868104786,137690792.35985482,524001995.9364852,6550024949.206064,524001995.9364852
33,Логит-калибровка,0.02996147464035564,0.0026386094837571056,0.049058051352638445,137774631.4187498,543491650.7090633,6793645633.863291,543491650.7090633
33,Монотонный сплайн,0.44996227326720784,6.389856768895038e-07,0.049136424577379836,138012408.92003745,527640228.68407166,6595502858.550896,527640228.68407166
33,Французский сплайн,0.441804840346742,8.605753385014179e-06,0.04910633349976653,137930623.7536872,527511297.6189198,6593891220.236497,527511297.6189198
34,Бета-калибровка,0.0034376891555254825,8.559243078122978e-05,0.049673252392251115,139502362.01839802,550035843.4220598,6875448042.775749,550035843.4220598
34,Изотоническая регрессия,0.6650290708210642,9.440565751491193e-06,0.049692770584990824,139579542.11088824,523873386.0325098,6548417325.406373,523873386.0325098
34,Логит-калибровка,0.006433844793709395,0.00012601942928798602,0.04975547944910282,139733288.4848604,544029111.0902658,6800363888.628321,544029111.0902658
34,Монотонный сплайн,0.7323340712816939,6.0222812545654876e-06,0.049784207267698215,139833130.00609678,527615157.81131464,6595189472.641433,527615157.81131464
34,Французский сплайн,0.12407712933851703,5.501202589650666e-05,0.04975727561490729,139760637.92011496,527502808.981814,6593785112.272675,527502808.981814
35,Бета-калибровка,0.008786172229427935,0.017108844996379144,0.049382830587929874,138686741.42314228,550022806.9973024,6875285087.46628,550022806.9973024
35,Изотоническая регрессия,0.4210571628247469,1.0513409364164972e-06,0.04941260113596374,138792355.43024057,524334730.1805575,6554184127.256968,524334730.1805575
35,Логит-калибровка,0.029904894863942284,0.009122824175566625,0.04947946945905954,138958142.02882284,543943955.0214858,6799299437.768572,543943955.0214858
35,Монотонный сплайн,0.6104591058301033,5.383466893156052e-06,0.04946685322771927,138941713.6357305,527913929.2387544,6598924115.48443,527913929.2387544
35,Французский сплайн,0.4421798127189961,6.928178823374034e-05,0.04943967131160721,138868216.55874735,527788603.59790754,6597357544.973845,527788603.59790754
36,Бета-калибровка,0.0015379422307058507,0.050628511671089206,0.049244617996426474,138298585.18116415,550248779.4344935,6878109742.931168,550248779.4344935
36,Изотоническая регрессия,0.5789568887794683,8.076862808920368e-06,0.04934966322116126,138614284.9903093,524920384.2382983,6561504802.978728,524920384.2382983
36,Логит-калибровка,0.006925543066078122,0.030526951625776975,0.04932526934194843,138525086.41992798,544280841.7128291,6803510521.410364,544280841.7128291
36,Монотонный сплайн,0.6073462817390622,5.267634305394085e-06,0.049417849140799504,138802942.34414446,528555376.56916463,6606942207.114558,528555376.56916463
36,Французский сплайн,0.2150125504099697,0.0005390569704672196,0.049389598225389235,138726298.98871642,528422794.0374502,6605284925.468127,528422794.0374502
37,Бета-калибровка,0.0009784448031690408,0.01811967221044883,0.0499482612974082,140274697.02764118,550704377.0142481,6883804712.6781,550704377.0142481
37,Изотоническая регрессия,0.48901461070956087,8.959116591001346e-07,0.05011454816778613,140762866.27441058,525343671.07082254,6566795888.385281,525343671.07082254
37,Логит-калибровка,0.004151653139682731,0.009731027159792653,0.049995889013806194,140408454.70637333,544762541.0744992,6809531763.43124,544762541.0744992
37,Монотонный сплайн,0.32085716390344554,4.896089132640096e-06,0.05012273434272222,140782891.4373706,528817718.0406829,6610221475.508535,528817718.0406829
37,Французский сплайн,0.12486405517690573,7.667140240092904e-05,0.05008811941198867,140688546.32479072,528685648.67801404,6608570608.475175,528685648.67801404
38,Бета-калибровка,0.0002799918580671649,0.02381629157571219,0.048646585483150574,136619070.67088008,549027728.1414957,6862846601.768698,549027728.1414957
38,Изотоническая регрессия,0.36333583162845995,0.00041260153567634005,0.04871573032040436,136833349.83182365,523685409.5217917,6546067619.022396,523685409.5217917
38,Логит-калибровка,0.0008843529890135587,0.02273374399357745,0.048728949004424246,136850380.38402507,542997108.928297,6787463861.603714,542997108.928297
38,Монотонный сплайн,0.29917320075680387,0.0017030386934155579,0.04886603764374989,137252826.2131439,527288559.5572772,6591106994.465965,527288559.5572772
38,Французский сплайн,0.08856662668128944,0.01674053102360006,0.048823026775746556,137134578.75944492,527168404.43163943,6589605055.3954935,527168404.43163943
39,Бета-калибровка,0.016401662528242364,0.050916052657895144,0.04886961776658456,137245434.5356761,550950980.7187961,6886887258.984953,550950980.7187961
39,Изотоническая регрессия,0.42604183586659616,8.714428079614984e-06,0.04894216271004331,137468903.7548856,525632361.1088851,6570404513.861063,525632361.1088851
39,Логит-калибровка,0.029888796564231677,0.030722663261000187,0.0489688461419905,137524107.5051661,544983626.4561806,6812295330.702256,544983626.4561806
39,Монотонный сплайн,0.15727509036437654,4.080878189093089e-05,0.0489755871789726,137560005.47671804,529455718.02668786,6618196475.333597,529455718.0266878
39,Французский сплайн,0.26300139340070666,0.0005370442216784002,0.048946029531585535,137479716.34015077,529347916.7999258,6616848959.999073,529347916.7999258
40,Бета-калибровка,0.003397301986956462,0.0961272149603597,0.049744443123089885,139702294.06688565,550098307.6457137,6876228845.571421,550098307.6457137
40,Изотоническая регрессия,0.4914400092880358,6.260560885212344e-05,0.04986062777420951,140050593.44108996,524326390.6997977,6554079883.747471,524326390.6997977
40,Логит-калибровка,0.00642054436539239,0.06211277495309801,0.04980844122153783,139882026.32656685,544113291.3574162,6801416141.967701,544113291.3574162
40,Монотонный сплайн,0.441555313879777,4.360268485333194e-05,0.04992279787659219,140222439.43057895,528248496.9215339,6603106211.519173,528248496.9215339
40,Французский сплайн,0.27540818090133945,0.0023686856389140473,0.049888792909067184,140129534.83042634,528123469.77211034,6601543372.151379,528123469.77211034
41,Бета-калибровка,0.0005311357865933638,0.016763778180248864,0.04976412028629981,139757555.4120444,549013484.4215934,6862668555.269918,549013484.4215934
41,Изотоническая регрессия,0.30939971530896515,1.364173979627346e-07,0.04991099117694285,140191555.62132633,523033852.1049956,6537923151.312446,523033852.10499567
41,Логит-калибровка,0.0027704835437734362,0.008915950454644696,0.049786744807523084,139821094.11744782,543101322.3455951,6788766529.31994,543101322.3455951
41,Монотонный сплайн,0.4498289745563925,7.066682780754093e-07,0.04993390801819592,140253249.1602354,526779770.0577519,6584747125.721899,526779770.0577519
41,Французский сплайн,0.12044342684794244,6.71010067402355e-05,0.04991027079306564,140189484.51081198,526676599.3059194,6583457491.323993,526676599.3059194
42,Бета-калибровка,0.006799414648090237,0.016822559904637595,0.04955395244583321,139167320.048878,550630174.2771657,6882877178.464569,550630174.2771657
42,Изотоническая регрессия,0.49168245612961936,5.675856304898116e-05,0.04969087150944369,139573491.14712167,525114222.21645826,6563927777.705729,525114222.2164582
42,Логит-калибровка,0.024693671684840157,0.022944408636091984,0.04962883637900298,139377624.086792,544701667.9052117,6808770848.8151455,544701667.9052117
42,Монотонный сплайн,0.4792120917149832,4.0343388511081985e-05,0.049725523593373004,139667987.54949272,528870639.2961824,6610882991.20228,528870639.2961824
42,Французский сплайн,0.11914335769494462,0.0023767103048595,0.04969759233606518,139592392.94946456,528697078.7855334,6608713484.819168,528697078.7855334
43,Бета-калибровка,0.0034013084161897767,0.04764674494522429,0.04975323671733522,139726989.99696425,549111326.9942008,6863891587.427511,549111326.9942008
43,Изотоническая регрессия,0.5593183967498314,9.865820430327758e-06,0.04980560800991579,139894401.53504753,523192369.87797105,6539904623.474638,523192369.8779711
43,Логит-калибровка,0.006421630742245561,0.028495869539963945,0.049799854769236894,139857912.1339249,543114984.92807,6788937311.600874,543114984.92807
43,Монотонный сплайн,0.47925054728056016,4.830945612010808e-05,0.04981922389877878,139929730.6935904,526992759.2883519,6587409491.104399,526992759.2883519
43,Французский сплайн,0.12307717978560712,0.0004943849845113012,0.049805434851440226,139893853.13184297,526877498.16745883,6585968727.093235,526877498.16745883
44,Бета-калибровка,0.0020263614505360047,0.04873477729520428,0.047729284602786,134042922.87846419,548069893.3545768,6850873666.932211,548069893.3545768
44,Изотоническая регрессия,0.5344114500143635,6.335584320830592e-05,0.04786895414342081,134456579.216383,522303661.5213163,6528795769.016454,522303661.5213163
44,Логит-калибровка,0.008800054884794073,0.029233735660125222,0.047843225890310405,134362915.59034774,541919078.4204769,6773988480.255962,541919078.4204769
44,Монотонный сплайн,0.15997330525183856,0.0002802857825497741,0.04799543471385307,134809002.30791077,525870369.37955946,6573379617.2444935,525870369.37955946
44,Французский сплайн,0.24453701474830558,0.0004976118516531445,0.047933278255904876,134637215.53331178,525789524.87119186,6572369060.889897,525789524.87119186
45,Бета-калибровка,0.0022393085353049824,0.005869703557370364,0.04977636027965479,139791930.20938253,549112670.1293609,6863908376.617011,549112670.1293609
45,Изотоническая регрессия,0.4009727247591309,1.1329290653100675e-06,0.0498442290612878,140003821.69572067,523414207.80607295,6542677597.5759115,523414207.80607295
45,Логит-калибровка,0.006460305690207887,0.008228820321152254,0.04981549835494009,139901845.58001375,543116682.5289334,6788958531.611668,543116682.5289334
45,Монотонный сплайн,0.3622518009540632,5.557523025846779e-06,0.04990561144876088,140173161.67141402,527118214.5396186,6588977681.745233,527118214.5396187
45,Французский сплайн,0.12911012098189945,6.830793788202344e-05,0.04988224535172035,140110588.63825008,526977455.2458965,6587218190.573706,526977455.2458965
46,Бета-калибровка,0.0002766042286987211,0.02331689154655981,0.04885192260502417,137195739.44394988,548230840.0495458,6852885500.619322,548230840.0495458
46,Изотоническая регрессия,0.310663757503747,1.3833095051398121e-06,0.04893853021623304,137459778.65926886,521889778.9885626,6523622237.357031,521889778.9885626
46,Логит-калибровка,0.00087223857688649,0.028454733631551803,0.048931023139573905,137417885.38517934,542123084.536978,6776538556.712226,542123084.536978
46,Монотонный сплайн,0.44289945704479644,6.626616600580488e-06,0.049029939794487755,137713816.16772842,525588479.4000045,6569855992.500056,525588479.40000457
46,Французский сплайн,0.08826050262997472,0.00048115084107248527,0.04898789091114356,137598302.73027492,525556576.50688386,6569457206.336047,525556576.50688386
47,Бета-калибровка,0.0008562503458807347,0.04944272699776536,0.048569876300081694,136403640.60114944,547373612.5084901,6842170156.356125,547373612.5084901
47,Изотоническая регрессия,0.363427867886561,9.586265367067905e-06,0.048643125739099825,136629447.12568796,521312849.5583328,6516410619.47916,521312849.55833286
47,Логит-калибровка,0.0036953669376170346,0.029712138927685275,0.048619500196807344,136543004.35271376,541327761.3472412,6766597016.840515,541327761.3472412
47,Монотонный сплайн,0.415458213079379,4.624232472026781e-05,0.04874655997036729,136917535.5205447,525011715.3099519,6562646441.374399,525011715.3099519
47,Французский сплайн,0.2448744816420869,0.0005009387063245923,0.04871441220828896,136829693.0238325,524899300.359547,6561241254.494337,524899300.359547
48,Бета-калибровка,0.0017451879900837264,0.015435816430100054,0.050151921321918626,140846655.84047627,547867553.2100036,6848344415.125046,547867553.2100036
48,Изотоническая регрессия,0.3836156438317391,9.542805355963361e-06,0.05028139919955629,141232527.1120339,521455153.743975,6518189421.799687,521455153.743975
48,Логит-калибровка,0.007732374923978016,0.00812677464910257,0.05018569868209795,140941516.17880392,541803177.7972457,6772539722.46557,541803177.7972457
48,Монотонный сплайн,0.23063755950082826,4.8917356200940427e-05,0.05028667762133818,141244013.310291,525167235.87671155,6564590448.458894,525167235.87671155
48,Французский сплайн,0.13168976877661454,6.102452999578955e-05,0.050265832328387695,141188693.8120545,525044090.6940868,6563051133.6760845,525044090.6940868
49,Бета-калибровка,0.003379349100167432,0.015712729205983406,0.049174796084922104,138102497.32489523,547282737.7761837,6841034222.202296,547282737.7761837
49,Изотоническая регрессия,0.7817218833214845,1.186591325649654e-06,0.04931958449956273,138531007.90857202,521381120.86932707,6517264010.866588,521381120.86932707
49,Логит-калибровка,0.006416196744010068,0.008291170798735193,0.04920937835700508,138199618.17781305,541275598.3193665,6765944978.992081,541275598.3193665
49,Монотонный сплайн,0.606162026335539,6.384697564668446e-06,0.0493492893799479,138611280.102938,525134585.302845,6564182316.2855625,525134585.302845
49,Французский сплайн,0.2754049227973443,6.21595787559736e-05,0.049324825833875485,138545705.48782423,524964865.13141924,6562060814.14274,524964865.1314192
50,Бета-калибровка,0.009029270951592543,0.0172186403536988,0.049124263009821256,137960580.236782,548723589.2499228,6859044865.624033,548723589.2499228
50,Изотоническая регрессия,0.43502053738598934,1.104738965233771e-06,0.049211710881041544,138227098.8383171,522624768.67838395,6532809608.479799,522624768.67838395
50,Логит-калибровка,0.029983361739345567,0.009189933998417017,0.04919089527501331,138147710.29034737,542683394.9340217,6783542436.675272,542683394.9340217
50,Монотонный сплайн,0.4532688495876156,5.392035111938068e-06,0.049247659388188175,138325172.9431954,526359705.40443945,6579496317.555492,526359705.40443945
50,Французский сплайн,0.2950950702302166,6.99426186942528e-05,0.04921852405702733,138246188.38727608,526266849.88942003,6578335623.61775,526266849.88942
51,Бета-калибровка,0.0030419802501947925,0.017737612856093272,0.04843809589361598,136033548.50763112,548393687.0955896,6854921088.69487,548393687.0955896
51,Изотоническая регрессия,0.4247954308326528,1.0734265526478802e-06,0.04863023482670532,136593124.68731922,523092459.47134995,6538655743.391874,523092459.47134995
51,Логит-калибровка,0.006411279909072387,0.00950048628296472,0.04850267853267605,136214922.39116746,542348496.6075695,6779356207.59462,542348496.6075695
51,Монотонный сплайн,0.3207626379981767,6.493693275735373e-07,0.04862185046576337,136567081.8994094,526843633.58545303,6585545419.818163,526843633.58545303
51,Французский сплайн,0.19871595713481857,7.308719856796361e-05,0.048585918838392785,136468629.59751904,526729009.91735077,6584112623.966885,526729009.91735077
52,Бета-калибровка,0.002239112838791054,0.016326492389606775,0.04967281574039111,139501135.7253144,550803049.3415178,6885038116.768973,550803049.3415178
52,Изотоническая регрессия,0.30197310260862387,1.50288245478023e-07,0.049645863703345804,139447569.62447637,524943640.71349084,6561795508.918635,524943640.71349084
52,Логит-калибровка,0.0064588198329061245,0.008654373052941386,0.049760662425917604,139747844.35694703,544781479.8591495,6809768498.239369,544781479.8591495
52,Монотонный сплайн,0.3624021367419967,7.736502514772724e-07,0.04979096210079114,139852127.68095285,528335802.9111849,6604197536.3898115,528335802.9111849
52,Французский сплайн,0.24945565872925335,6.310157333261372e-05,0.049755734145728446,139756082.2202519,528270280.71074766,6603378508.884346,528270280.71074766
53,Бета-калибровка,0.01588133227633483,0.016079146617171577,0.049233716962868136,138267970.7185189,549159786.2314903,6864497327.893629,549159786.2314903
53,Изотоническая регрессия,0.4975184529425717,1.5288983197181123e-07,0.04935862915303767,138639823.71339095,523608787.4606981,6545109843.258726,523608787.4606981
53,Логит-калибровка,0.029889189465151296,0.008507773066594898,0.04930479719516496,138467592.44290125,543169705.3696901,6789621317.121126,543169705.3696901
53,Монотонный сплайн,0.34880154967695165,8.262848302225994e-07,0.04934380321359701,138595180.5903493,527228262.77624524,6590353284.703066,527228262.77624524
53,Французский сплайн,0.12798027107655446,6.326103425232235e-05,0.04932603703803751,138548146.17927995,527071952.3074794,6588399403.8434925,527071952.3074794
54,Бета-калибровка,0.002258261932771416,0.01737462063388847,0.049076934005949896,137827661.46230972,546946225.1664035,6836827814.580044,546946225.1664035
54,Изотоническая регрессия,0.46089337363157135,1.141436949776223e-06,0.049250272803186286,138334917.74046838,521076036.29510397,6513450453.688801,521076036.295104
54,Логит-калибровка,0.009660657933358442,0.009282121626057765,0.04908365724412307,137846543.00439525,540958238.8882242,6761977986.102802,540958238.8882241
54,Монотонный сплайн,0.48035485099048925,5.743579471096022e-06,0.04930572828799189,138488091.67245632,524869586.557992,6560869831.974899,524869586.557992
54,Французский сплайн,0.12463738120146574,7.001167742691624e-05,0.049276239145386556,138407885.21215796,524721640.2802562,6559020503.503203,524721640.2802562
55,Бета-калибровка,0.0006168135800071952,0.04935297589273327,0.048944206741518184,137454910.21287966,549953724.7780048,6874421559.725058,549953724.7780048
55,Изотоническая регрессия,0.29120702544581967,1.0235750507903266e-06,0.048973949759772775,137559250.90534586,524640152.17853516,6558001902.231689,524640152.17853516
55,Логит-калибровка,0.0031488721894078206,0.029655732320304908,0.049020383256860395,137668844.33856675,543974953.8219922,6799686922.774902,543974953.8219922
55,Монотонный сплайн,0.4124379018990141,6.4731992612744e-07,0.049121175026985556,137969925.25808772,528124242.72031826,6601553034.003977,528124242.72031826
55,Французский сплайн,0.3013536827668641,0.0005237876635600957,0.049083691325933675,137867465.94658083,527974491.7769056,6599681147.211319,527974491.7769056
56,Бета-калибровка,0.0034126106551450822,0.005971665854239725,0.04977903797910478,139799450.2605179,549151060.0769019,6864388250.961273,549151060.0769019
56,Изотоническая регрессия,0.29091720012009725,1.3800691464769753e-06,0.04977400788244851,139805894.9370684,522909919.6374373,6536373995.467966,522909919.6374373
56,Логит-калибровка,0.006425024680055281,0.008383165073685557,0.04982909568895754,139940032.33286834,543118186.5235411,6788977331.544263,543118186.523541
56,Монотонный сплайн,0.38122365301553496,8.658325509463939e-07,0.049831324780085,139964123.3788684,526671880.21421206,6583398502.67765,526671880.21421206
56,Французский сплайн,0.27540926975719526,6.325699069264219e-05,0.049815609198144074,139922744.63551527,526582023.67353475,6582275295.919184,526582023.67353475
57,Бета-калибровка,0.001952144854983734,0.016578818862438782,0.04890638768719595,137348699.1807211,548021227.5329249,6850265344.16156,548021227.5329248
57,Изотоническая регрессия,0.3759782897729811,8.881641364401508e-06,0.04902148058412403,137693214.87245393,522236433.5272951,6527955419.091188,522236433.5272951
57,Логит-калибровка,0.006422746423164255,0.008805250474881858,0.0489625067481539,137506303.95151544,541985187.7593552,6774814846.991939,541985187.7593552
57,Монотонный сплайн,0.2216792526637999,4.553292104746262e-05,0.049091092910229554,137885529.02385294,525755952.93445617,6571949411.680702,525755952.93445617
57,Французский сплайн,0.12238596271662346,6.67023420209811e-05,0.04905715596526216,137793267.01603127,525637461.5452473,6570468269.31559,525637461.5452473
58,Бета-калибровка,0.0018671724967437619,0.01738411695254909,0.048412996510779883,135963059.40087423,548324248.8931768,6854053111.164711,548324248.8931768
58,Изотоническая регрессия,0.3832532495870848,1.153932993209698e-06,0.048466833518804785,136134946.05421138,523334442.5804256,6541680532.25532,523334442.5804256
58,Логит-калибровка,0.008160841287376777,0.009287010971494326,0.04850019424901384,136207945.52893046,542202744.35867,6777534304.483376,542202744.35867
58,Монотонный сплайн,0.23266146875400529,5.924399780472076e-06,0.04860035293923051,136507044.05881348,526564335.8817723,6582054198.522154,526564335.8817723
58,Французский сплайн,0.1210578811729194,7.041077457373569e-05,0.04855529939613784,136383333.88696373,526424370.97743833,6580304637.2179785,526424370.97743833
59,Бета-калибровка,0.00047516498378670285,0.017537500027560653,0.04993559453289143,140239123.6861723,551023105.3893034,6887788817.366293,551023105.3893034
59,Изотоническая регрессия,0.4357377040825801,1.3209041822183334e-07,0.04995557325207599,140315205.12113023,525325805.075904,6566572563.4488,525325805.075904
59,Логит-калибровка,0.002203192102175117,0.009379947009109664,0.049994615933059657,140404879.38640475,545134228.4832705,6814177856.040881,545134228.4832705
59,Монотонный сплайн,0.3108441288438179,7.146839726207885e-07,0.0500249123584687,140507442.5541973,529116390.26161337,6613954878.270167,529116390.26161337
59,Французский сплайн,0.24524258281238992,7.017244942154706e-05,0.05001136993495001,140471941.77006122,528992898.44811416,6612411230.601427,528992898.44811416
60,Бета-калибровка,0.011374536259304064,0.015974875325681093,0.049332493230622776,138545373.98888102,548966822.4567435,6862085280.709292,548966822.4567434
60,Изотоническая регрессия,0.48831401968022403,1.617315750509797e-07,0.049358625097450905,138640529.92368114,522631360.580956,6532892007.26195,522631360.580956
60,Логит-калибровка,0.03001333878115502,0.008444909977458713,0.04940687344138141,138754263.37277558,542874978.464321,6785937230.804012,542874978.464321
60,Монотонный сплайн,0.4520533055305618,8.321687424170995e-07,0.04942934200349406,138836105.42699003,526224251.6189896,6577803145.23737,526224251.6189896
60,Французский сплайн,0.12216654830056616,6.087032566604973e-05,0.049397823960062474,138750556.33292192,526161838.60787416,6577022982.598427,526161838.60787416
61,Бета-калибровка,0.016365806184108933,0.05030218180457736,0.04824660883768603,135495776.25975746,548654314.4669114,6858178930.836393,548654314.4669114
61,Изотоническая регрессия,0.3593729877833913,7.934192797081826e-06,0.04839457348089166,135932130.56373614,522856188.34719336,6535702354.339918,522856188.3471934
61,Логит-калибровка,0.029877430029507414,0.030303416403708268,0.048327000802451496,135721549.05360478,542682728.7174747,6783534108.968433,542682728.7174747
61,Монотонный сплайн,0.3561948325113924,3.9484226764659855e-05,0.0484384174856351,136052583.94395941,526659084.18199813,6583238552.274976,526659084.18199813
61,Французский сплайн,0.1197021535668746,0.0005267541232434032,0.048407576465006576,135968689.97328117,526498217.54624856,6581227719.328106,526498217.54624856
62,Бета-калибровка,0.0026855472421474626,0.00537438980842071,0.04936972503557242,138649935.7899016,548945111.9818529,6861813899.773161,548945111.9818529
62,Изотоническая регрессия,0.49090355481483,9.792318603605153e-07,0.0494621033859664,138931018.74914804,523210779.1648813,6540134739.561016,523210779.1648813
62,Логит-калибровка,0.011202028275451975,0.002544930313425391,0.049424497985203784,138803760.14164633,542957954.3440404,6786974429.300505,542957954.3440404
62,Монотонный сплайн,0.4783388780076125,5.217352445678656e-06,0.04950964611244343,139061456.68242425,526799195.41761184,6584989942.720148,526799195.41761184
62,Французский сплайн,0.12206540042965978,8.555691629892926e-06,0.049487627338582245,139002567.27679437,526652771.47574306,6583159643.44679,526652771.47574306
63,Бета-калибровка,0.005180429315659962,0.054737145344606816,0.04908002198174991,137836333.73354644,549043320.5426252,6863041506.782816,549043320.5426253
63,Изотоническая регрессия,0.510127018605181,0.0003673401016843017,0.049298768146901845,138471829.66375914,523457656.2303068,6543220702.878835,523457656.2303068
63,Логит-калибровка,0.019595230181343494,0.06192698645978418,0.049144341892467656,138016969.77080616,543031713.113433,6787896413.917912,543031713.113433
63,Монотонный сплайн,0.5439474399792976,0.00027211562662335224,0.04932266232182879,138536300.7501955,527294817.60396683,6591185220.049585,527294817.60396683
63,Французский сплайн,0.412617382382884,0.0023625840469209585,0.04927498887995538,138405081.99057138,527144082.274076,6589301028.42595,527144082.274076
64,Бета-калибровка,0.012792617768469617,0.10745844466054677,0.049225303362472037,138244341.96316648,550051009.5571568,6875637619.464459,550051009.5571568
64,Изотоническая регрессия,0.31237911866347623,6.404648280048556e-05,0.0493129379518884,138510428.14408338,524611090.17571247,6557638627.196405,524611090.17571247
64,Логит-калибровка,0.02993434128963829,0.08106980173970038,0.0492979347729861,138448320.01645416,544138192.9755342,6801727412.194178,544138192.9755342
64,Монотонный сплайн,0.48149881138312567,0.0002945060080527817,0.04940689074120275,138771949.83259404,528254367.5124314,6603179593.905392,528254367.5124314
64,Французский сплайн,0.10371128950300953,0.003211513741319977,0.04937977016261838,138698054.4575608,528157909.69888127,6601973871.236016,528157909.69888127
65,Бета-калибровка,0.0036561631516518795,0.11690353112426849,0.047200410107574156,132557631.74611127,547304642.4389608,6841308030.487009,547304642.4389608
65,Изотоническая регрессия,0.6266949056812914,6.852173360403845e-05,0.04727535898499871,132790124.57347037,521402928.12311625,6517536601.538953,521402928.12311625
65,Логит-калибровка,0.014527952982446746,0.07820483894544997,0.04733483574599373,132935152.70904881,541067923.3028339,6763349041.285423,541067923.3028339
65,Монотонный сплайн,0.4914667174339612,0.00031330773489751207,0.0473852079615283,133095859.3188653,524971648.48772824,6562145606.096603,524971648.48772824
65,Французский сплайн,0.3399959061519898,0.0029848975473597116,0.047327694801875334,132937085.3041636,524925623.9501347,6561570299.376684,524925623.9501347
66,Бета-калибровка,0.004380008705649384,0.11308353365518206,0.0493426052535112,138573772.59396088,549440375.6803721,6868004696.004651,549440375.6803721
66,Изотоническая регрессия,0.514798430473001,5.695795840449142e-05,0.04955020893505769,139178334.773216,524153996.59498274,6551924957.437284,524153996.59498274
66,Логит-калибровка,0.016886124255427896,0.08252303954844861,0.049383872486405946,138689667.49082246,543512006.9880483,6793900087.350605,543512006.9880483
66,Монотонный сплайн,0.5462607351557671,0.0002705282415436621,0.04958182543723946,139264243.9262365,527776565.03192383,6597207062.899048,527776565.0319239
66,Французский сплайн,0.3225774856069472,0.003285388766778257,0.04954258424487561,139156955.30978534,527627153.93655723,6595339424.206965,527627153.93655723
67,Бета-калибровка,0.0034094005813855447,0.005365102692209746,0.048444962421714956,136052832.46514428,547349317.6284447,6841866470.355559,547349317.6284447
67,Изотоническая регрессия,0.5361841351796708,1.3301772938145951e-08,0.04845265665125036,136095490.53937152,521309074.9213474,6516363436.516842,521309074.9213474
67,Логит-калибровка,0.006424013449461235,0.002539690089320365,0.04851458648147293,136248364.67456856,541212673.9324191,6765158424.155237,541212673.9324191
67,Монотонный сплайн,0.4944935798780524,7.103548244677417e-08,0.04856170355712795,136398807.71645206,524870893.89431906,6560886173.678988,524870893.89431906
67,Французский сплайн,0.12441876742821759,8.28527627934187e-06,0.04852734280087381,136305235.3267902,524773747.61726,6559671845.21575,524773747.61726
68,Бета-калибровка,0.011471803944290798,0.09586555174143313,0.04865448400342144,136641252.8752088,546825446.8555324,6835318085.694157,546825446.8555324
68,Изотоническая регрессия,0.49007930817286505,9.670997766313602e-06,0.04874147281885471,136907080.26447156,520460948.99865633,6505761862.483204,520460948.99865633
68,Логит-калибровка,0.029962442570152396,0.06191801332352276,0.04870981613022947,136796647.62013644,540685994.721231,6758574934.015388,540685994.721231
68,Монотонный сплайн,0.47741213676856303,6.119632995130291e-06,0.04878894204991405,137037680.34168512,524167333.2825645,6552091666.032057,524167333.2825645
68,Французский сплайн,0.12184938115199759,0.002351391520934311,0.04875625313701115,136948668.06918815,524087771.61075485,6551097145.134435,524087771.6107548
69,Бета-калибровка,0.002238234514686783,0.048942880111533076,0.048558172266395735,136370770.99294576,547150096.5913098,6839376207.391373,547150096.5913098
69,Изотоническая регрессия,0.3833131854494948,1.1187981908082848e-06,0.048692566150278394,136769491.57644182,521248844.1947161,6515610552.43395,521248844.1947161
69,Логит-калибровка,0.006449693661275477,0.029376023073342698,0.048604951453771056,136502145.66277066,541052671.8888947,6763158398.611183,541052671.8888947
69,Монотонный сплайн,0.22964534528497949,5.631687845863973e-06,0.0487844581072055,137024183.50478157,524894073.5817331,6561175919.771665,524894073.5817331
69,Французский сплайн,0.13697064678279675,0.0005067871912890479,0.04873854493557945,136898548.75033116,524781117.405075,6559763967.5634365,524781117.405075
70,Бета-калибровка,0.0012805460444151777,0.01745401485014845,0.04833101731153305,135732829.01770943,550035685.7655597,6875446072.069496,550035685.7655597
70,Изотоническая регрессия,0.43667917754220387,1.2169595164317426e-07,0.04830583800150309,135683643.4434213,524333596.4313923,6554169955.392404,524333596.4313923
70,Логит-калибровка,0.005265604637316403,0.009329278451104612,0.04843914821031997,136036503.8338626,544046330.3793112,6800579129.74139,544046330.3793112
70,Монотонный сплайн,0.683328737524206,6.416935891478948e-07,0.048435145326511636,136043947.44061118,527956910.98669684,6599461387.33371,527956910.98669684
70,Французский сплайн,0.3175989964505881,7.07569134183871e-05,0.048406287874843135,135965653.0920515,527864202.95313996,6598302536.914249,527864202.95313996
71,Бета-калибровка,0.001245001747020976,0.055283795527253245,0.04918385569372256,138127940.33025044,550814106.1793282,6885176327.241602,550814106.1793282
71,Изотоническая регрессия,0.48976903956016704,7.913200457284432e-06,0.049333843957484816,138569977.77020034,525879914.7204833,6573498934.006041,525879914.7204833
71,Логит-калибровка,0.0058113409339263416,0.0637334992789214,0.04926348522025487,138351571.89256376,544882398.4808121,6811029981.010151,544882398.4808121
71,Монотонный сплайн,0.44155798499204946,4.053986683118544e-05,0.04942206854060024,138814520.58904523,529404959.58810556,6617561994.851319,529404959.58810556
71,Французский сплайн,0.12380053445400409,0.002622480133206961,0.04937851083293426,138695362.70414922,529238695.3432513,6615483691.790642,529238695.3432513
72,Бета-калибровка,0.0004074316137434675,0.005141332217158906,0.048362710008371466,135821834.78751042,547423700.4980315,6842796256.225394,547423700.4980315
72,Изотоническая регрессия,0.5152301513324217,1.5095820991581764e-08,0.04831507314263462,135709699.01377505,520978020.96051455,6512225262.006432,520978020.96051455
72,Логит-калибровка,0.001943454932835419,0.0024214227250622974,0.04843810119082169,136033563.38430363,541292057.3730516,6766150717.163146,541292057.3730516
72,Монотонный сплайн,0.22452160832916124,7.575882907293402e-08,0.04843815402146964,136052490.95083445,524708219.67841345,6558852745.980168,524708219.67841345
72,Французский сплайн,0.27543046432896134,7.638396225844475e-06,0.0484114167944707,135980201.534528,524634449.32386816,6557930616.548352,524634449.32386816
73,Бета-калибровка,0.0014052614641050323,0.023482550452698682,0.048549998207259595,136347814.96526787,547518361.559658,6843979519.495725,547518361.559658
73,Изотоническая регрессия,0.4911832805666267,9.06943028949028e-06,0.04871964437869432,136845896.87312514,521770239.1183289,6522127988.979111,521770239.1183289
73,Логит-калибровка,0.0063887125853957175,0.03201355221638329,0.048607954028938985,136510578.09487224,541473994.7954953,6768424934.943691,541473994.7954953
73,Монотонный сплайн,0.44138190550613376,5.778726921824091e-06,0.04868031079743535,136732751.00848478,525812853.00524235,6572660662.565528,525812853.00524235
73,Французский сплайн,0.11927705654051782,0.0023435329643880054,0.04865579333813424,136666573.60946062,525608422.2515413,6570105278.144266,525608422.2515413
74,Бета-калибровка,0.0020249890677950565,0.017483708904139184,0.049863365495541156,140036275.6576778,549797193.3257314,6872464916.571642,549797193.3257314
74,Изотоническая регрессия,0.5727866166169132,5.9736781070358184e-05,0.04992954673250746,140243069.04357398,524146279.67622477,6551828495.952808,524146279.67622477
74,Логит-калибровка,0.008796363716784734,0.009346983232303985,0.04990905661541662,140164594.59873605,543845763.7190517,6798072046.488148,543845763.7190517
74,Монотонный сплайн,0.5840081284448445,4.124748032539068e-05,0.04994933037607861,140295845.92004701,527926878.66668564,6599085983.3335705,527926878.66668564
74,Французский сплайн,0.27539386979955177,7.02558185836585e-05,0.04993472502012367,140257581.7741091,527761644.95612645,6597020561.95158,527761644.95612645
75,Бета-калибровка,0.0015049810961223116,0.052480897885910247,0.04966708402888824,139485038.78672975,552619160.80706,6907739510.088251,552619160.80706
75,Изотоническая регрессия,0.37075339558320064,8.490344797866982e-07,0.04971638652942719,139643831.92924333,527614836.82393515,6595185460.299189,527614836.82393515
75,Логит-калибровка,0.006040347056981574,0.031799951084499324,0.049754670791026516,139731017.44951886,546725104.3922427,6834063804.903034,546725104.3922427
75,Монотонный сплайн,0.3055320145022471,4.5413345234690665e-06,0.04980790104335738,139898036.4026511,531113602.9426859,6638920036.783573,531113602.9426859
75,Французский сплайн,0.2755117872317707,0.0005800754597279819,0.0497725355663467,139801460.80425033,530976356.2514649,6637204453.143311,530976356.25146484
76,Бета-калибровка,0.01049567649782641,0.004821203883503111,0.04889678526111208,137321731.7273072,548167277.3474232,6852090966.842791,548167277.3474232
76,Изотоническая регрессия,0.5047020110535689,1.6035564553154494e-08,0.0490044103017398,137646111.89140606,522118754.12138253,6526484426.5172825,522118754.12138253
76,Логит-калибровка,0.029941201746273495,0.0022538867411635473,0.0489537726418375,137481775.08733642,542129047.6180999,6776613095.226249,542129047.6180999
76,Монотонный сплайн,0.3871341284868583,9.109931299778264e-08,0.04907161712482801,137831828.70903134,525734034.9146009,6571675436.43251,525734034.9146009
76,Французский сплайн,0.24714462963828832,7.21931562478678e-06,0.04903900942064389,137743168.96317887,525647697.7500596,6570596221.875746,525647697.7500596
77,Бета-калибровка,0.010081450376308324,0.005530929312703597,0.04892180779032861,137392004.9983589,549228014.7910795,6865350184.888494,549228014.7910795
77,Изотоническая регрессия,0.25927148808626,1.0335899041039934e-06,0.04908027881046252,137857985.01130295,523766810.2320169,6547085127.900211,523766810.2320169
77,Логит-калибровка,0.029912000166843453,0.0026276750199986073,0.0489922984380576,137589970.93344098,543214053.1918004,6790175664.897505,543214053.1918004
77,Монотонный сплайн,0.3080385563249318,5.152874766875858e-06,0.04907255654866507,137833097.34702858,527581157.65293384,6594764470.661673,527581157.65293384
77,Французский сплайн,0.12227562477666726,8.908587239380675e-06,0.04903870086288324,137741099.2579283,527422072.6332527,6592775907.915658,527422072.6332526
78,Бета-калибровка,0.005512164279678622,0.04706934242572398,0.04881017436981837,137078493.7001979,548584736.0061421,6857309200.076777,548584736.0061421
78,Изотоническая регрессия,0.594312765333916,1.2036892175355971e-06,0.04903352682404589,137727284.73265046,522888358.7747546,6536104484.684433,522888358.77475464
78,Логит-калибровка,0.020571589888351963,0.028105628023013623,0.04888010062050838,137274874.58263573,542531004.0208217,6781637550.260271,542531004.0208217
78,Монотонный сплайн,0.6018337656497038,5.93573701729684e-06,0.04910692735915222,137930301.61390054,526597630.48516935,6582470381.064617,526597630.4851694
78,Французский сплайн,0.48758197795449754,0.00048759008095636394,0.04904852545785677,137769418.57201898,526461381.8465543,6580767273.081928,526461381.8465543
79,Бета-калибровка,0.0004218443346226493,0.005043117186324527,0.04867059304938484,136686493.5198924,548406512.1235638,6855081401.544546,548406512.1235638
79,Изотоническая регрессия,0.4076982127800593,1.622510426577124e-07,0.04884246616204502,137189872.76948726,522636000.01664215,6532950000.208027,522636000.01664215
79,Логит-калибровка,0.0019983070891052795,0.0023697861730638593,0.04874183244486594,136886562.2381615,542395483.3213085,6779943541.5163555,542395483.3213085
79,Монотонный сплайн,0.3411811313065415,8.14578760771071e-07,0.04889181509928802,137325687.59652728,526306355.6626468,6578829445.783085,526306355.66264683
79,Французский сплайн,0.11898157356964666,7.482953611341987e-06,0.04885732797201633,137231518.4644541,526226134.44864017,6577826680.608003,526226134.4486402
80,Бета-калибровка,0.004247830616862168,0.19659696857876224,0.04933232748264787,138544908.50226828,550274550.229132,6878431877.864151,550274550.229132
80,Изотоническая регрессия,0.4946133379144044,0.00038346996720915684,0.049466067186450746,138941313.48642826,524975626.30153614,6562195328.769201,524975626.30153614
80,Логит-калибровка,0.014910958950936557,0.08306033575180857,0.049395425715935345,138722113.58063287,544358429.5484827,6804480369.356033,544358429.5484827
80,Монотонный сплайн,0.480678983776748,0.001592422845823434,0.04957197105512642,139236172.0615105,528793339.0165374,6609916737.706717,528793339.0165374
80,Французский сплайн,0.12150504625778939,0.003329907826236131,0.04953623407421539,139138352.88094512,528623493.8744561,6607793673.4307,528623493.8744561
81,Бета-калибровка,0.003322417897750321,0.017549596733027348,0.04938835994611506,138702270.07266957,551470455.2141786,6893380690.177231,551470455.2141786
81,Изотоническая регрессия,0.7216443807453627,1.2521905545808666e-07,0.049471988662138554,138958541.35874993,525743764.26811993,6571797053.3515,525743764.26811993
81,Логит-калибровка,0.009763454299782324,0.009386612168521841,0.04948947163512405,138986232.14008242,545475011.4718871,6818437643.398588,545475011.4718871
81,Монотонный сплайн,0.555700811828183,6.38226974810829e-07,0.04951085629319705,139064813.73484528,529312256.40689635,6616403205.086205,529312256.40689635
81,Французский сплайн,0.2753934920633554,7.039628656739835e-05,0.04947414483499562,138964458.78931087,529221996.1128937,6615274951.411171,529221996.1128937
82,Бета-калибровка,0.0024166145290503618,0.02330124114805665,0.04794710524279514,134654650.36386588,546925982.4863278,6836574781.079098,546925982.4863278
82,Изотоническая регрессия,0.2701375752372603,6.806776586747287e-05,0.04803254627404831,134915652.55603725,521353593.5876137,6516919919.845171,521353593.5876137
82,Логит-калибровка,0.010191974859596338,0.03174259416066047,0.04801343495706159,134840930.73341176,540786534.6677724,6759831683.347156,540786534.6677724
82,Монотонный сплайн,0.10393047317800913,4.6559436100578866e-05,0.048164089575802795,135282081.8033414,524684426.6876354,6558555333.595442,524684426.6876354
82,Французский сплайн,0.10397213523701021,0.0031093959253388555,0.048113711351830415,135143505.53332096,524599333.2766125,6557491665.957656,524599333.2766125
83,Бета-калибровка,0.011374615250569618,0.05466275253153558,0.049295933027385254,138442698.31410876,549357863.2656991,6866973290.8212385,549357863.2656991
83,Изотоническая регрессия,0.48263704283209974,0.0003726046785403911,0.04931503090162304,138518339.18411815,523611413.2442488,6545142665.55311,523611413.2442488
83,Логит-калибровка,0.030025079379860608,0.06267103613824847,0.04937058173685973,138652341.74979687,543334409.1084704,6791680113.855881,543334409.1084704
83,Монотонный сплайн,0.18469010167670025,0.0002771569759880253,0.04933193606976278,138562698.3323359,527380283.95813733,6592253549.476716,527380283.95813733
83,Французский сплайн,0.12462931975677918,0.0024158407906203737,0.049320219478819635,138532800.3044971,527244027.83917767,6590550347.989721,527244027.83917767
84,Бета-калибровка,0.01142033712873669,0.016477626885738592,0.047548451532829404,133535071.28479809,545154182.4241923,6814427280.302404,545154182.4241923
84,Изотоническая регрессия,0.4016554534591924,1.3055738579532062e-07,0.0476412056672817,133817089.99599394,518844627.76454526,6485557847.056816,518844627.7645453
84,Логит-калибровка,0.029943786458418838,0.008746316762668028,0.047593142858242087,133660582.40308708,539029995.6641917,6737874945.802397,539029995.6641917
84,Монотонный сплайн,0.37263552451277226,7.029927629528576e-07,0.047738476324466574,134087329.23357093,522522320.97482264,6531529012.185282,522522320.97482264
84,Французский сплайн,0.19421668520390492,6.680564107300384e-05,0.047697086965325194,133974030.29874614,522441240.62126315,6530515507.765789,522441240.62126315
85,Бета-калибровка,0.011374548445553077,0.02327486862122491,0.049318186282827615,138505194.3566931,547634515.3325175,6845431441.656468,547634515.3325175
85,Изотоническая регрессия,0.49269832344988906,1.0927632048131458e-06,0.04932990342940382,138559030.7911377,521397624.34320956,6517470304.290119,521397624.34320956
85,Логит-калибровка,0.030009717297028962,0.02880869322335673,0.04936600972426288,138639501.70961988,541511633.5781205,6768895419.726506,541511633.5781205
85,Монотонный сплайн,0.4415061413971768,5.546859357949559e-06,0.04940541973652689,138768453.23032898,524966823.9218531,6562085299.023164,524966823.9218531
85,Французский сплайн,0.12732680259231793,0.0005063349811061316,0.04938167567925903,138704291.23520285,524891975.89952993,6561149698.744124,524891975.89952993
86,Бета-калибровка,0.00015254654952680154,0.005392286759729558,0.04893469298349677,137428191.77485234,550145610.5103227,6876820131.379033,550145610.5103227
86,Изотоническая регрессия,0.38570943556582993,1.1608167923079247e-08,0.04901749470960536,137682738.54245573,524860689.8571352,6560758623.21419,524860689.8571352
86,Логит-калибровка,0.0008154431848016881,0.002554354750594461,0.04902231987368662,137674283.1332615,544176536.4856348,6802206706.0704365,544176536.4856348
86,Монотонный сплайн,0.3349964412032582,6.586724720096807e-08,0.04911040279636514,137940505.98530188,528647168.33838654,6608089604.229832,528647168.33838654
86,Французский сплайн,0.19903960956944244,8.489616594977699e-06,0.049077394426720884,137850904.84330395,528438260.9490397,6605478261.862995,528438260.9490397
87,Бета-калибровка,0.011378660986189967,0.03973675733259689,0.04909616829413896,137881679.03725988,552563784.6748505,6907047308.435632,552563784.6748505
87,Изотоническая регрессия,0.4889211923662412,7.047538011238182e-06,0.049185478759595024,138152830.54844669,527809862.248179,6597623278.102237,527809862.248179
87,Логит-калибровка,0.03009924461670951,0.032768540373924473,0.04920631114921193,138191004.2314468,546654170.8541005,6833177135.676256,546654170.8541005
87,Монотонный сплайн,0.34361046818305646,3.641546204314603e-05,0.04924622987486164,138320646.7807427,531563418.2576084,6644542728.220106,531563418.2576084
87,Французский сплайн,0.1274663683753092,0.002727101453272217,0.04921241321387298,138228456.16914842,531394275.6994348,6642428446.242935,531394275.6994348
88,Бета-калибровка,0.001327467153475182,0.049761029656566556,0.04965008672533485,139437303.55943042,550146865.2720976,6876835815.901218,550146865.2720975
88,Изотоническая регрессия,0.477667003190719,7.977577520258793e-06,0.04975614811953185,139756096.37889326,524461801.95763886,6555772524.470487,524461801.95763886
88,Логит-калибровка,0.006115195685031786,0.029936612762116156,0.04969932682110473,139575589.4443905,544231931.5404727,6802899144.255909,544231931.5404727
88,Монотонный сплайн,0.18222469696646598,3.914858128198107e-05,0.04982236209509136,139939531.83678392,528151526.9091641,6601894086.36455,528151526.9091641
88,Французский сплайн,0.07566375432739389,0.0005356787928381114,0.04979561568577153,139866946.97441727,527997682.0954915,6599971026.193644,527997682.09549147
89,Бета-калибровка,0.005281609874893853,0.05125606959631772,0.04907001319551513,137808225.0582847,550672158.7924618,6883401984.905771,550672158.7924618
89,Изотоническая регрессия,0.506856953300051,7.495881930310808e-06,0.049197124658858116,138186972.09193712,525417516.7064632,6567718958.8307905,525417516.7064632
89,Логит-калибровка,0.019909880210747376,0.030955195540860025,0.04915330429936426,138042139.79433456,544709086.8303812,6808863585.379764,544709086.8303812
89,Монотонный сплайн,0.5522204219459184,4.902779331186626e-06,0.049231125298420685,138279512.84313387,529018717.704861,6612733971.310762,529018717.704861
89,Французский сплайн,0.25002890107430675,0.0005457903538654526,0.04919096221259676,138169675.28090435,528880922.1537768,6611011526.92221,528880922.1537768
90,Бета-калибровка,0.003433438691374965,0.01799193145296573,0.048767026355713616,136957316.8173861,550331675.9975239,6879145949.9690485,550331675.9975239
90,Изотоническая регрессия,0.5532286640244022,9.717645331484761e-07,0.04882866926694132,137151603.969278,524790508.0151275,6559881350.189094,524790508.01512754
90,Логит-калибровка,0.006432255552304925,0.009654480813443451,0.04886598409627286,137235229.7359727,544290386.9232092,6803629836.540113,544290386.9232091
90,Монотонный сплайн,0.3641512679358013,4.968592885188292e-06,0.04883990453104582,137180418.089819,528307039.41749364,6603837992.71867,528307039.41749364
90,Французский сплайн,0.21525447592313424,7.499295821665152e-05,0.048812265356157625,137105486.3206354,528217145.9627235,6602714324.534043,528217145.9627235
91,Бета-калибровка,0.001722807515381602,0.01600125027518371,0.04894146949409963,137447222.9272294,549101959.493102,6863774493.6637745,549101959.493102
91,Изотоническая регрессия,0.2393711757456111,8.605692507912955e-06,0.04900861768842025,137657688.71615943,523693254.04881537,6546165675.610191,523693254.04881537
91,Логит-калибровка,0.006411760380717537,0.008463150383954947,0.04902264303740071,137675190.70623618,543050479.7392505,6788130996.740631,543050479.7392505
91,Монотонный сплайн,0.10936091245081445,4.327877401412985e-05,0.04913925267525029,138021471.2837756,527383544.89274806,6592294311.15935,527383544.89274806
91,Французский сплайн,0.05130403013512788,6.559667694341749e-05,0.04909744200034552,137907072.50755087,527219990.0139822,6590249875.174776,527219990.0139822
92,Бета-калибровка,0.0022404227372394116,0.004070325334612401,0.04830764061148037,135667177.89328146,548461522.4661596,6855769030.826995,548461522.4661596
92,Изотоническая регрессия,0.5653866642416367,8.046437471893955e-06,0.04854683236081951,136361050.0021255,522930047.59777904,6536625594.972238,522930047.59777904
92,Логит-калибровка,0.006468830224036033,0.005684394531659429,0.04837561284754799,135858071.12105376,542451910.4928541,6780648881.160676,542451910.4928541
92,Монотонный сплайн,0.401278305721477,4.096232404718207e-05,0.048525427386742336,136298098.97521606,526526456.85279244,6581580710.659905,526526456.85279244
92,Французский сплайн,0.24587695737473103,0.002377961031357778,0.0484854959746234,136188647.87422106,526397717.1342422,6579971464.178028,526397717.1342422
93,Бета-калибровка,0.00020467512602138221,0.09864878533370018,0.04879165932491808,137026496.04809994,549828922.4018633,6872861530.023292,549828922.4018633
93,Изотоническая регрессия,0.38958502565285746,7.737930492310482e-06,0.048881475460231735,137299067.6825148,524547832.14886785,6556847901.860848,524547832.1488679
93,Логит-калибровка,0.0010579361847176912,0.06397745019736911,0.04885322397839127,137199394.22091407,543852518.0880241,6798156476.100301,543852518.0880241
93,Монотонный сплайн,0.3217280359758543,3.7194720848243316e-05,0.04899824031668379,137624723.72335845,528133588.01837826,6601669850.229729,528133588.01837826
93,Французский сплайн,0.2416952376936813,0.0027079833891970073,0.04895401783644875,137502873.2078361,528058346.9279462,6600729336.599329,528058346.92794627
94,Бета-калибровка,0.0022376559635032805,0.005142004758553378,0.04952733107465951,139092556.59007376,549305214.649825,6866315183.122812,549305214.649825
94,Изотоническая регрессия,0.2504418443750475,1.4214967931234767e-07,0.0495536908038521,139188113.25353822,523495023.9064904,6543687798.83113,523495023.90649045
94,Логит-калибровка,0.0064378990610730324,0.0024217530858187224,0.049589861591595584,139268167.29383707,543273044.6540273,6790913058.175342,543273044.6540273
94,Монотонный сплайн,0.40244616764052865,7.588012403861759e-07,0.049643522825153205,139437211.17439556,527082182.45668423,6588527280.708552,527082182.45668423
94,Французский сплайн,0.12156150569158466,7.684458059443103e-06,0.049615209610013054,139360674.9445415,526972689.02958554,6587158612.86982,526972689.02958554
95,Бета-калибровка,0.007196526087512847,0.023817797367796746,0.04903541834375832,137711068.87661085,549497343.4377809,6868716792.9722595,549497343.4377809
95,Изотоническая регрессия,0.38315565864650675,6.414971686280112e-05,0.0492292780900107,138276314.9879861,523644133.0923163,6545551663.653954,523644133.0923163
95,Логит-калибровка,0.025783375362470703,0.022733819629004247,0.04911193680110604,137925963.31222618,543485797.6546311,6793572470.68289,543485797.6546311
95,Монотонный сплайн,0.22974764193700747,4.502759286654229e-05,0.04920473383068501,138204314.84282327,527426836.31388664,6592835453.923583,527426836.31388664
95,Французский сплайн,0.12457563547287395,0.000504655925752001,0.04916609348455805,138098892.93412912,527298084.6578196,6591226058.222745,527298084.6578196
96,Бета-калибровка,0.004665011926829979,0.017671501563636168,0.048676967334954635,136704395.0634866,549117880.9501216,6863973511.87652,549117880.9501216
96,Изотоническая регрессия,0.49035602864393485,9.777976192334486e-07,0.04873139488195417,136878059.7864801,523441499.8183249,6543018747.729061,523441499.8183249
96,Логит-калибровка,0.017912249792986036,0.009461448986826012,0.04874979058172702,136908911.8697222,543081863.2143402,6788523290.179253,543081863.2143402
96,Монотонный сплайн,0.47685912524724516,5.175829172199733e-06,0.04881766013107311,137117088.4036016,527037108.6872231,6587963858.590288,527037108.6872231
96,Французский сплайн,0.12188973994871785,7.446066084121765e-05,0.0487812680863386,137018071.1614314,526914657.98478925,6586433224.809866,526914657.98478925
97,Бета-калибровка,0.0032424626875962852,0.018686059733393375,0.048918687151708336,137383240.99685773,549609594.5586342,6870119931.982927,549609594.5586342
97,Изотоническая регрессия,0.43630567127443864,9.670774285731991e-07,0.0490263840913775,137705550.6822246,524767876.4197905,6559598455.247381,524767876.4197905
97,Логит-калибровка,0.006433486523746968,0.010074344012546121,0.04899080514943845,137585777.18168294,543530984.0322495,6794137300.403118,543530984.0322495
97,Монотонный сплайн,0.36438832823995443,4.7422446586960765e-06,0.049113749414735536,137948240.36106637,528218980.17920107,6602737252.240013,528218980.17920107
97,Французский сплайн,0.11846730615298703,7.987455006900781e-05,0.04906525157712181,137814738.79076928,528089887.7066546,6601123596.333181,528089887.7066546
98,Бета-калибровка,0.006301460010724172,0.015828148781964053,0.04791028772885573,134551252.05771846,546846839.5615056,6835585494.518819,546846839.5615056
98,Изотоническая регрессия,0.5589211744112423,1.308922031839463e-07,0.04799897940936597,134822698.97326338,520682123.0616521,6508526538.270651,520682123.0616521
98,Логит-калибровка,0.02553002630724623,0.008360403069758491,0.047996855465166,134794368.8883722,540670343.1460795,6758379289.325994,540670343.1460795
98,Монотонный сплайн,0.3650061064638944,7.015746546661201e-07,0.04809621618460916,135092781.04705983,524343382.1429662,6554292276.787078,524343382.1429662
98,Французский сплайн,0.24564942286472308,6.355514790701449e-05,0.04804402581730464,134949131.53040904,524264152.84000283,6553301910.500034,524264152.84000283
99,Бета-калибровка,0.0022394216720348988,0.005900987427742633,0.04842256676979884,135989936.5163031,548858010.4970236,6860725131.212793,548858010.4970236
99,Изотоническая регрессия,0.4782135665853229,1.4405652942199702e-07,0.04847970911090621,136172899.867069,522788286.9401477,6534853586.751846,522788286.9401477
99,Логит-калибровка,0.006461354609460597,0.008241303126633483,0.048540282292818294,136320528.79115093,542730362.7067318,6784129533.834147,542730362.7067318
99,Монотонный сплайн,0.33638552671666894,8.151035024688426e-07,0.048604261694843554,136519563.28331453,526338692.96633005,6579233662.079124,526338692.96633005
99,Французский сплайн,0.1250611349430425,6.0419959579350934e-05,0.048556050230012,136387220.8098415,526260643.79859114,6578258047.482389,526260643.79859114
100,Бета-калибровка,0.0009294824265787314,0.048517412032022936,0.048213014287405244,135401429.3247489,547519313.4928818,6843991418.661022,547519313.4928818
100,Изотоническая регрессия,0.3284901368997402,9.182023899403504e-06,0.048187918574077934,135351760.92344046,521617391.95119333,6520217399.389915,521617391.95119333
100,Логит-калибровка,0.0045017002210176816,0.02908535129785372,0.048298912448836724,135642665.72131306,541354185.1631663,6766927314.539579,541354185.1631663
100,Монотонный сплайн,0.47590847185951657,4.481033593056094e-05,0.0483086437743951,135687890.34790903,525160295.8629546,6564503698.286934,525160295.8629546
100,Французский сплайн,0.24651291572360087,0.000499235080337588,0.04827438369910015,135594533.3128499,525086480.4842521,6563581006.053151,525086480.4842521
101,Бета-калибровка,0.0005818026311012721,0.005785102172538331,0.04830425497283873,135657669.6657203,547741385.1053151,6846767313.816438,547741385.1053151
101,Изотоническая регрессия,0.6303937569048113,1.215159127707526e-06,0.04845210643914704,136094064.92370057,521934953.9592201,6524186924.490252,521934953.9592201
101,Логит-калибровка,0.002647917701241039,0.008097820582003253,0.048380110778247935,135870703.1096315,541649103.4493104,6770613793.116381,541649103.4493104
101,Монотонный сплайн,0.39421494790486167,7.353028939333344e-07,0.04851440123364387,136265849.65529206,525470559.22792196,6568381990.349024,525470559.22792196
101,Французский сплайн,0.39324951086144044,0.0004915668395153011,0.04847268025614471,136151699.0700989,525385715.63055134,6567321445.381893,525385715.63055134
102,Бета-калибровка,0.016364523882547916,0.051696549876334055,0.04881115384734571,137081244.46488568,550760561.5975263,6884507019.969078,550760561.5975263
102,Изотоническая регрессия,0.4926505497649864,9.773026306401265e-07,0.048918423747968884,137402952.85379583,525666744.67848414,6570834308.481052,525666744.67848414
102,Логит-калибровка,0.029877255552600426,0.03125717719942378,0.04889826103186221,137325876.28188184,544785135.3884883,6809814192.356104,544785135.3884883
102,Монотонный сплайн,0.4794603755037522,4.925422549970965e-06,0.049036712789720514,137732639.11191472,529166259.24713415,6614578240.589176,529166259.24713415
102,Французский сплайн,0.11786711381242765,0.0005524502680256346,0.04899084459603298,137606231.1757481,529069031.9411234,6613362899.264043,529069031.9411234
103,Бета-калибровка,0.00022119173679440904,0.00512498975595258,0.04794191908103132,134640085.54716837,547886794.3926398,6848584929.907997,547886794.3926398
103,Изотоническая регрессия,0.23028260987882226,1.2537162058609715e-06,0.0480144405593072,134864804.46675834,522126477.9441786,6526580974.302231,522126477.9441785
103,Логит-калибровка,0.0012850709382837616,0.002413315230624881,0.04803553297884508,134902990.81778854,541766231.8025628,6772077897.532034,541766231.8025628
103,Монотонный сплайн,0.41399140287003267,5.959032398723001e-06,0.04811753263874794,135151292.88451335,525812263.46868324,6572653293.358541,525812263.46868324
103,Французский сплайн,0.27540099397003553,7.795042787918969e-06,0.048072404719071156,135027526.57326686,525699323.7608089,6571241547.010112,525699323.7608089
104,Бета-калибровка,0.0034225922130902277,0.11308521045156583,0.04948980777461224,138987176.15422106,549865217.797918,6873315222.473974,549865217.797918
104,Изотоническая регрессия,0.5517174859809086,0.00039745181207397604,0.04957500600500123,139247974.86444545,523616014.56056345,6545200182.007044,523616014.56056345
104,Логит-калибровка,0.006428341137874003,0.08079547708247899,0.049562880680053434,139192394.10186204,543883049.5547384,6798538119.434231,543883049.5547384
104,Монотонный сплайн,0.4055548456445217,0.0002939205721410407,0.04955584407584279,139191076.3477645,527362093.2688358,6592026165.860447,527362093.2688358
104,Французский сплайн,0.2754100191189646,0.0031305812852373115,0.04953613716186892,139138749.99794656,527260356.0558901,6590754450.698626,527260356.0558901
105,Бета-калибровка,0.0034033057412088214,0.016732120283128257,0.048496493258961895,136197551.66846856,549218769.040611,6865234613.007637,549218769.040611
105,Изотоническая регрессия,0.41683540340845304,8.239369333335977e-06,0.048513004653944536,136266048.27013785,523855646.1622263,6548195577.027828,523855646.1622263
105,Логит-калибровка,0.006422278128069387,0.022752412427494255,0.04858499129446934,136446089.55138773,543190952.1462357,6789886901.827946,543190952.1462357
105,Монотонный сплайн,0.5466158556152847,4.1813615843080214e-05,0.04860838906193957,136530593.99915951,527481201.43888116,6593515017.986014,527481201.43888116
105,Французский сплайн,0.11710059927037818,0.0005034869215586593,0.04858017230053898,136454593.31114537,527334089.4658513,6591676118.323141,527334089.4658513
106,Бета-калибровка,0.011375069704663166,0.005791393154200032,0.048274939077598,135575338.90552622,547811672.282988,6847645903.53735,547811672.282988
106,Изотоническая регрессия,0.46734319686285286,8.790809630553493e-06,0.048396559184127455,135936870.01270357,522111656.6937212,6526395708.6715145,522111656.6937212
106,Логит-калибровка,0.030042947817010456,0.008107635984494807,0.04834437490022291,135770342.46978605,541727123.4375492,6771589042.969365,541727123.4375492
106,Монотонный сплайн,0.3604258185591965,4.4172795868468876e-05,0.04848582337721002,136184583.07910433,525816653.7111053,6572708171.388817,525816653.7111053
106,Французский сплайн,0.14080857420281093,0.0005219281261688437,0.04844226468821769,136065142.6899076,525705604.69429684,6571320058.678711,525705604.69429684
107,Бета-калибровка,0.009407498430485047,0.017798424713554542,0.049123626117966994,137958791.5896985,549532470.8896382,6869155886.120478,549532470.8896382
107,Изотоническая регрессия,0.48869701621406314,1.1903178043609354e-06,0.04917109287103596,138112548.8190174,523880055.8704399,6548500698.380499,523880055.8704399
107,Логит-калибровка,0.03004380300212831,0.009535166472229687,0.04919889646400095,138170180.82950026,543491704.875664,6793646310.945801,543491704.875664
107,Монотонный сплайн,0.47702897456445537,6.700811360293778e-07,0.04929363800910769,138454299.3912103,527474639.58341205,6593432994.79265,527474639.58341205
107,Французский сплайн,0.12193894424606126,7.064739669414489e-05,0.04925422421782052,138346102.1151753,527373869.2598966,6592173365.748707,527373869.2598966
108,Бета-калибровка,0.00019070393899817194,0.005330183033479471,0.04878437647745592,137006042.89928722,547930347.6066585,6849129345.08323,547930347.6066585
108,Изотоническая регрессия,0.49502241434028527,1.3417195114669737e-07,0.04888441663378632,137308762.87432548,521933877.3357859,6524173466.697324,521933877.3357859
108,Логит-калибровка,0.0011378623367408148,0.0025207786010677776,0.048827919540004636,137128329.236149,541939782.6383557,6774247282.979447,541939782.6383557
108,Монотонный сплайн,0.26414618389467404,6.792931159572756e-07,0.04891207174828025,137383432.1078689,525787509.86971325,6572343873.371415,525787509.86971325
108,Французский сплайн,0.11799581745100456,7.973453386939647e-06,0.04889408324952769,137335729.6037997,525643523.6722841,6570544045.903551,525643523.67228407
109,Бета-калибровка,0.0022378286666866,0.04994837057127972,0.049126455234814216,137966736.88145226,548989780.8396368,6862372260.4954605,548989780.8396368
109,Изотоническая регрессия,0.6144448130574767,8.379412694708364e-06,0.049273659805612255,138401434.99808145,523040257.28133225,6538003216.016653,523040257.2813323
109,Логит-калибровка,0.006443462217175733,0.030061624975294573,0.04918418976113775,138128878.52517927,542984843.4977243,6787310543.721552,542984843.4977243
109,Монотонный сплайн,0.24142684026866224,4.1956807556690894e-05,0.04931025467427368,138501521.75145105,526625133.5263337,6582814169.07917,526625133.5263337
109,Французский сплайн,0.20137088300249412,0.0005258462779460545,0.04927499045197726,138405235.1120299,526533657.261382,6581670715.767274,526533657.261382
110,Бета-калибровка,0.0008070489795562618,0.08334769499098663,0.04914171050781011,138009579.79013395,550566135.5349748,6882076694.187183,550566135.5349748
110,Изотоническая регрессия,0.5570832383362602,5.4825201577515684e-05,0.04918932337441585,138162551.3647095,525363139.8593017,6567039248.241271,525363139.8593017
110,Логит-калибровка,0.003948924746605672,0.07027107326732232,0.049221100892096775,138232539.7453646,544628546.1692371,6807856827.115463,544628546.1692371
110,Монотонный сплайн,0.3652671791881945,0.0002523754060480345,0.049292115361979603,138448629.75641835,529223920.57000357,6615299007.125044,529223920.5700035
110,Французский сплайн,0.12332591808158909,0.003529597134717301,0.04926140825491949,138364962.7164188,529066863.1826476,6613335789.783094,529066863.1826476
111,Бета-калибровка,0.002237724999551678,0.017104793084396407,0.0500512353737684,140563889.42369115,551041137.8106465,6888014222.633082,551041137.8106465
111,Изотоническая регрессия,0.44627356635584986,1.0672079389088472e-06,0.05013476522733413,140819643.86444518,525743107.99731755,6571788849.966471,525743107.99731755
111,Логит-калибровка,0.006440885695350584,0.009121049646178327,0.050112775002153734,140736717.31604856,545083833.0217432,6813547912.77179,545083833.0217432
111,Монотонный сплайн,0.3486407626514246,5.366826670678684e-06,0.05023081180480662,141086860.14738092,529440043.51329887,6618000543.916235,529440043.51329887
111,Французский сплайн,0.12237692574521815,6.985059010712929e-05,0.05019473204381362,140988129.85700175,529283429.3723153,6616042867.15394,529283429.3723153
112,Бета-калибровка,0.004896639553410792,0.005681683240631953,0.04976451672582124,139758668.7727964,551975420.2597015,6899692753.246269,551975420.2597015
112,Изотоническая регрессия,0.04104630312209402,7.880887651186216e-06,0.049797221212338996,139870967.65273285,526563964.7587068,6582049559.483835,526563964.7587068
112,Логит-калибровка,0.018758459097678606,0.002707776416190048,0.0498514887158046,140002920.9094656,545993153.953026,6824914424.412827,545993153.953026
112,Монотонный сплайн,0.06928741040781833,3.973974378649166e-05,0.04984786684638593,140009997.76278985,530149698.90733767,6626871236.341721,530149698.9073377
112,Французский сплайн,0.12116288303549846,9.243136133042958e-06,0.04981618273769283,139924175.7981462,530033016.2552568,6625412703.19071,530033016.2552568
113,Бета-калибровка,0.0034291948077601678,0.01756893108793332,0.04802230940260839,134865853.7262854,547451565.7396163,6843144571.745203,547451565.7396163
113,Изотоническая регрессия,0.4412534991290998,1.0710252298010299e-06,0.048235749565854545,135486089.4807459,521942306.41285706,6524278830.160713,521942306.41285706
113,Логит-калибровка,0.006430598478689329,0.009399078508120004,0.048080320305028144,135028771.54464105,541416041.0813363,6767700513.516702,541416041.0813363
113,Монотонный сплайн,0.4117181093617151,5.306730933103714e-06,0.0482775112943362,135600773.33276743,525637379.35122836,6570467241.890354,525637379.35122836
113,Французский сплайн,0.24901685341856797,7.201085528114438e-05,0.04823019501260675,135470464.15136802,525518431.8403507,6568980398.004383,525518431.8403507
114,Бета-калибровка,0.011374925415574812,0.0961797013447246,0.049905206973339916,140153783.26392782,548959349.9100549,6861991873.875687,548959349.9100549
114,Изотоническая регрессия,0.46091050768598696,8.720656333161547e-06,0.050064500242899206,140622909.68215814,523489098.46227443,6543613730.778431,523489098.46227443
114,Логит-калибровка,0.03003814933750574,0.06215140563979854,0.0499578120336603,140301519.31533164,542897794.8305037,6786222435.381296,542897794.8305037
114,Монотонный сплайн,0.4777806976511636,5.629008424686702e-06,0.05006843653547317,140631299.5672875,527243705.1659748,6590546314.574685,527243705.1659748
114,Французский сплайн,0.31623081345846266,0.0024028156387409173,0.0500379495159913,140548295.18865168,527092520.4030845,6588656505.038557,527092520.4030845
115,Бета-калибровка,0.002237660772622481,0.1485733235376141,0.04911304491964906,137929075.35234243,548754820.3712655,6859435254.64082,548754820.3712655
115,Изотоническая регрессия,0.6294177043450286,5.263983891302941e-05,0.04926870313072435,138388112.67232627,523371977.38079894,6542149717.259987,523371977.38079894
115,Логит-калибровка,0.006434439136783883,0.08459392127170405,0.04915615320579658,138050140.66315907,542742342.5656435,6784279282.070543,542742342.5656435
115,Монотонный сплайн,0.6686398476940899,3.6073224199339796e-05,0.04930451813261779,138485526.28440323,526931923.52972645,6586649044.12158,526931923.52972645
115,Французский сплайн,0.2754336528750632,0.003414098877038923,0.04926809867358964,138386362.32044548,526772835.13312626,6584660439.164078,526772835.13312626
116,Бета-калибровка,0.002440994213744797,0.11317561557394482,0.04967634153915614,139511037.57856613,549365820.2085171,6867072752.606464,549365820.2085171
116,Изотоническая регрессия,0.49230072797960944,5.588951775767138e-05,0.0497279865560873,139677007.44411558,523340666.1886794,6541758327.358493,523340666.1886794
116,Логит-калибровка,0.010280467291990884,0.08302150657275632,0.049715600489366976,139621292.41433823,543389075.8604854,6792363448.256067,543389075.8604854
116,Монотонный сплайн,0.4791803683046492,3.90938705901912e-05,0.04977649127307199,139810496.32814103,527284872.8908343,6591060911.135428,527284872.8908343
116,Французский сплайн,0.12436273394179923,0.003342092490589877,0.0497538929784871,139749684.57142842,527145766.0513698,6589322075.642122,527145766.0513698
117,Бета-калибровка,0.0033841662967639572,0.005489101120435179,0.048753717314055124,136919939.70479244,547864764.5239813,6848309556.549767,547864764.5239813
117,Изотоническая регрессия,0.5561389097159701,1.0342323982512185e-07,0.04885180081772876,137216925.41650945,522092169.0133568,6526152112.66696,522092169.0133568
117,Логит-калибровка,0.013671006840662123,0.0026061279071685323,0.04879834838410487,137045281.60192016,541821353.798188,6772766922.477351,541821353.798188
117,Монотонный сплайн,0.47516588887705785,5.500224775317646e-07,0.04887455415397524,137277786.5606508,525804063.130474,6572550789.130924,525804063.13047403
117,Французский сплайн,0.3241119319521638,9.093012812786164e-06,0.048847748738035525,137205462.72931767,525673789.9705743,6570922374.632178,525673789.9705743
118,Бета-калибровка,0.00967651627474818,0.04876551545651772,0.04953557043307195,139115696.00423926,549493415.4976641,6868667693.7208,549493415.4976641
118,Изотоническая регрессия,0.48846359401451156,9.536036758179098e-06,0.04964037124447153,139430948.60297382,524045621.50486493,6550570268.810811,524045621.50486493
118,Логит-калибровка,0.029996450116517432,0.029252828664343977,0.04959000523534034,139268570.70292982,543531110.1368835,6794138876.711044,543531110.1368835
118,Монотонный сплайн,0.3146318272905527,4.5754305255593287e-05,0.04971574609785272,139639555.70874053,527674417.3500798,6595930216.875998,527674417.3500798
118,Французский сплайн,0.11995558828393202,0.0004993241796221245,0.04968787644308548,139564346.15641293,527540749.6615879,6594259370.769848,527540749.6615879
119,Бета-калибровка,0.002600436447025893,0.04722155190676025,0.04869887699536311,136765926.15377778,546819881.4248824,6835248517.8110285,546819881.4248824
119,Изотоническая регрессия,0.48970080504297253,6.934069384504561e-05,0.04876694924518143,136977910.66016752,520820963.37358737,6510262042.169842,520820963.37358737
119,Логит-калибровка,0.00973769898646774,0.028207176029960392,0.0487415230890866,136885693.44339082,540765020.25056,6759562753.132,540765020.25056
119,Монотонный сплайн,0.3649948827887679,0.00031483923057746334,0.04879810053705147,137062475.57397223,524698862.0229481,6558735775.28685,524698862.0229481
119,Французский сплайн,0.12043363230008833,0.0004887883190505596,0.048783553542410485,137024455.4761169,524539243.4924023,6556740543.655029,524539243.4924023
120,Бета-калибровка,0.0034048417541705537,0.0048773403413435515,0.04866870354282638,136681187.02967364,548100019.785315,6851250247.316438,548100019.785315
120,Изотоническая регрессия,0.6760317706121374,1.6000053923087087e-08,0.04868249374925241,136740606.24540046,522325812.2873025,6529072653.591282,522325812.28730255
120,Логит-калибровка,0.006422679718459674,0.0022832925071955452,0.048739447851647945,136879865.3465681,541996528.14238,6774956601.779751,541996528.14238
120,Монотонный сплайн,0.38433228348636794,8.946934240136416e-08,0.04877713374432388,137003804.329296,525880319.0054986,6573503987.568731,525880319.0054986
120,Французский сплайн,0.11885096127023762,7.384767588819613e-06,0.048745465823915646,136917400.8109975,525781276.1914271,6572265952.3928385,525781276.1914271
121,Бета-калибровка,0.016474841081019903,0.01737343338069664,0.048709026855853405,136794431.02197874,547189490.3182405,6839868628.978006,547189490.3182405
121,Изотоническая регрессия,0.42509975389437366,1.045149391864685e-06,0.048959665900434095,137519734.1147791,521562784.14571536,6519534801.821442,521562784.14571536
121,Логит-калибровка,0.02991479888727649,0.00928151321647392,0.048757008905186604,136929183.80932608,541136311.2133477,6764203890.166846,541136311.2133477
121,Монотонный сплайн,0.3099499298446391,5.435662214933245e-06,0.04889727363737977,137341825.0008868,525421550.4089445,6567769380.111805,525421550.4089445
121,Французский сплайн,0.12359638526597187,7.11454503295007e-05,0.04886705551946653,137259428.24400175,525268776.163012,6565859702.03765,525268776.163012
122,Бета-калибровка,0.016526706420035918,0.04849284191771062,0.04997414155416425,140347379.14071488,551118323.8700919,6888979048.376146,551118323.8700917
122,Изотоническая регрессия,0.5895422881991821,1.149859331318478e-06,0.04998020689389013,140385462.64080107,525521934.19823647,6569024177.477957,525521934.19823647
122,Логит-калибровка,0.029936052247894182,0.029071538878015273,0.0500563379499889,140578219.49874884,545133856.6234679,6814173207.793349,545133856.6234679
122,Монотонный сплайн,0.32116322302887074,5.761395465202565e-06,0.05006768372772857,140628215.9133237,529006697.3209148,6612583716.511435,529006697.3209148
122,Французский сплайн,0.35354242551311327,0.0005087851748728556,0.05004242903536043,140560154.00058943,528894335.3062066,6611179191.327582,528894335.3062066
123,Бета-калибровка,0.0034150664854021304,0.01670946387694686,0.04926807000549173,138364447.803423,550011644.9237641,6875145561.54705,550011644.923764
123,Изотоническая регрессия,0.6249916547546561,1.2326654965966613e-07,0.04923761789884423,138300334.50711414,524096574.4705217,6551207180.88152,524096574.4705217
123,Логит-калибровка,0.006425794859473258,0.008884468089001903,0.04937104881488122,138653653.4917124,543910366.8814391,6798879586.017989,543910366.8814391
123,Монотонный сплайн,0.5179520640920725,6.740986042652323e-07,0.04935912032069724,138638612.41947275,527705128.53379035,6596314106.6723795,527705128.53379035
123,Французский сплайн,0.2754109180937995,6.816474905847315e-05,0.0493263962036983,138549479.85647973,527604490.264372,6595056128.304651,527604490.264372
124,Бета-калибровка,0.011374638754650414,0.005798256982921956,0.049211066311839045,138204358.6301688,547847487.7462645,6848093596.828304,547847487.7462645
124,Изотоническая регрессия,0.42407578958558556,7.869130871955082e-06,0.049304877276608566,138489823.74362752,522143683.34148204,6526796041.768525,522143683.34148204
124,Логит-калибровка,0.030026234159581222,0.008118393605974168,0.04924511429679287,138299978.9911131,541848577.2477747,6773107215.597185,541848577.2477748
124,Монотонный сплайн,0.30980271676358095,4.035693846233331e-05,0.04936880686482764,138666789.21794128,525923653.0450292,6574045663.062864,525923653.0450292
124,Французский сплайн,0.1282280058580728,7.010305170884756e-05,0.049348385089359036,138611961.8488534,525763151.25228107,6572039390.653513,525763151.2522811
125,Бета-калибровка,0.010946718776084736,0.0863079404528849,0.049902819098072634,140147077.1550272,551203796.2971108,6890047453.713884,551203796.2971108
125,Изотоническая регрессия,0.38734995565006836,5.584703509894369e-05,0.05007705988912199,140657344.99261022,525648866.0051835,6570610825.064794,525648866.0051835
125,Логит-калибровка,0.02992340476112657,0.051531031851561576,0.0499672759666311,140328097.8246868,545299444.4680148,6816243055.850184,545299444.4680147
125,Монотонный сплайн,0.2931179299353731,0.00026815366149550614,0.05007672966791944,140653786.0153321,529415615.0912947,6617695188.641183,529415615.0912947
125,Французский сплайн,0.1316981069318015,0.0034505043547915656,0.05004586535035147,140569628.56081852,529262208.57153076,6615777607.1441345,529262208.57153076
126,Бета-калибровка,0.002237799938995235,0.005468869008425484,0.048741626933178364,136885985.07913813,549738849.38761,6871735617.345125,549738849.38761
126,Изотоническая регрессия,0.4330643201023942,1.0622395280982987e-07,0.04894159691518728,137468989.17661196,524129096.47396994,6551613705.9246235,524129096.47396994
126,Логит-калибровка,0.006442811260319336,0.0025951750087789107,0.0488287899700487,137130773.75188476,543727038.9250668,6796587986.563335,543727038.9250668
126,Монотонный сплайн,0.47528600959030076,5.718722454202464e-07,0.04894162746921197,137466457.25991595,527761075.8682487,6597013448.353109,527761075.8682487
126,Французский сплайн,0.1237829887829591,8.84136126619052e-06,0.04889859010338664,137348072.4780503,527680119.6127374,6596001495.159219,527680119.6127374
127,Бета-калибровка,0.011374550133733417,0.018242587389215456,0.04821986440588412,135420667.19748497,549685896.2238362,6871073702.797952,549685896.2238362
127,Изотоническая регрессия,0.5816248911263633,9.79479290692862e-08,0.04840365250443976,135958106.49346864,524657235.1971991,6558215439.96499,524657235.19719917
127,Логит-калибровка,0.030009448057840685,0.009806238213951003,0.04831441656032219,135686207.46800888,543643545.6912975,6795544321.141219,543643545.6912975
127,Монотонный сплайн,0.544975986762278,5.402341826194729e-07,0.048447088729878886,136077226.231337,528311680.6323058,6603896007.903822,528311680.6323058
127,Французский сплайн,0.3251111699109205,7.752161884235844e-05,0.04839752124177208,135940733.074476,528198894.29294837,6602486178.661854,528198894.29294837
128,Бета-калибровка,0.01468727790719358,0.017421679031072026,0.0489391440216928,137440692.07052207,548987924.8174648,6862349060.218309,548987924.8174648
128,Изотоническая регрессия,0.4899969615936139,9.93465861663465e-07,0.0490541541594015,137785932.1412632,523376148.28991914,6542201853.623989,523376148.28991914
128,Логит-калибровка,0.02991375143416371,0.009310726206246955,0.049008830757429615,137636400.29916534,542958532.1035088,6786981651.29386,542958532.1035088
128,Монотонный сплайн,0.38868922238683706,5.185446919514281e-06,0.049128356973091064,137991200.12342972,527123029.989348,6589037874.86685,527123029.989348
128,Французский сплайн,0.11711659337905249,7.219329047402991e-05,0.04908860943221115,137882556.05317384,526982283.7326142,6587278546.657679,526982283.7326142
129,Бета-калибровка,0.0022376460187058934,0.005207479290840373,0.04952884395828967,139096805.37246072,548798032.6115541,6859975407.644426,548798032.6115541
129,Изотоническая регрессия,0.41303957685809023,1.4339986581010058e-07,0.04962025503373891,139373856.23675236,522396587.7553896,6529957346.942369,522396587.7553896
129,Логит-калибровка,0.006436346067516612,0.002456407620126856,0.04958700970140257,139260158.04541904,542769553.0549788,6784619413.187235,542769553.0549788
129,Монотонный сплайн,0.20845711450297022,7.554661017691211e-07,0.049622706251222753,139377646.52797863,526212893.2121018,6577661165.151272,526212893.2121018
129,Французский сплайн,0.27542768432472425,7.906255616411117e-06,0.04960457310555268,139329753.1565309,526115195.0138693,6576439937.673366,526115195.0138693
130,Бета-калибровка,0.006087622736223456,0.004816565993709193,0.048902853052240625,137338772.51191255,546592748.7583166,6832409359.478958,546592748.7583166
130,Изотоническая регрессия,0.37638284964149066,1.3191038556600618e-06,0.04903220882599179,137724300.86691535,520372965.7685643,6504662072.107053,520372965.7685643
130,Логит-калибровка,0.022442072373116087,0.0022512578174330783,0.0489388039354249,137439736.97224727,540532814.0825604,6756660176.032005,540532814.0825604
130,Монотонный сплайн,0.30930626951393636,6.96934531280395e-06,0.049026789415564806,137705914.48818845,524024196.38262147,6550302454.782768,524024196.38262147
130,Французский сплайн,0.12089755279094407,7.048925863968232e-06,0.049005144749109775,137648225.32743728,523903731.2573818,6548796640.717272,523903731.2573818
131,Бета-калибровка,0.0006936498495839867,0.016850860741841375,0.04829568838928804,135633611.27247655,547188485.1371849,6839856064.214811,547188485.1371849
131,Изотоническая регрессия,0.49345839562297417,1.0573600227490228e-06,0.04840879358336611,135973142.6995254,521264815.3458618,6515810191.823273,521264815.3458618
131,Логит-калибровка,0.003084016170496769,0.008969136723497556,0.04835716616533148,135806265.45871693,541120114.0273987,6764001425.3424835,541120114.0273987
131,Монотонный сплайн,0.5747510652525178,5.438540898255401e-06,0.0484514374517951,136089657.3538356,525000375.60776734,6562504695.097092,525000375.60776734
131,Французский сплайн,0.11799838279742828,6.997201966038404e-05,0.04842268135005572,136012067.33886132,524858221.4397497,6560727767.996872,524858221.4397497
132,Бета-калибровка,0.0003880911127001909,0.04823345448472926,0.04898434297777628,137567628.81878692,547726439.8006531,6846580497.508163,547726439.8006531
132,Изотоническая регрессия,0.38920533286074604,1.238643337011701e-06,0.049056006603681784,137789340.54577994,521717797.9346953,6521472474.183691,521717797.9346953
132,Логит-калибровка,0.0021067911826641527,0.028893465264799936,0.04904646503901457,137742092.4155685,541570638.5472105,6769632981.84013,541570638.5472105
132,Монотонный сплайн,0.36440421766419734,7.476543495429475e-07,0.049096348797930164,137899950.02102864,525449243.45893717,6568115543.236713,525449243.45893717
132,Французский сплайн,0.24961095045636483,0.0004942808406710133,0.04906309724721743,137809263.9918653,525342445.8412296,6566780573.015369,525342445.84122956
133,Бета-калибровка,0.0018467941049004092,0.048889466710051656,0.0490930879525207,137873028.20585912,548895288.6587223,6861191108.234028,548895288.6587223
133,Изотоническая регрессия,0.5943932669453406,1.1415995980422394e-06,0.049227466498779855,138271346.91517338,523339571.1783759,6541744639.729698,523339571.1783759
133,Логит-калибровка,0.006416494520139491,0.029340372543199163,0.04915956720069294,138059728.52642608,542874771.1164157,6785934638.955196,542874771.1164157
133,Монотонный сплайн,0.463985919997128,5.453163970933703e-06,0.0493145304991749,138513017.35465455,527079409.28311706,6588492616.038963,527079409.28311706
133,Французский сплайн,0.1179931297953932,0.000506555936052063,0.0492790116209962,138416084.29261646,526915152.2323669,6586439402.904587,526915152.2323669
134,Бета-калибровка,0.0034383413816719355,0.050314531410581814,0.04973253856947428,139668861.31851155,550899801.867245,6886247523.340561,550899801.867245
134,Изотоническая регрессия,0.7467347462118179,1.1212167073015498e-06,0.049791057639071136,139853538.2735674,525153484.4476711,6564418555.595888,525153484.4476711
134,Логит-калибровка,0.006434111382110322,0.030308292551113846,0.049814206301355524,139898216.97672683,544916066.3041893,6811450828.802366,544916066.3041893
134,Монотонный сплайн,0.5920304847395255,5.845829529435964e-06,0.049829957490352,139959951.4636609,528627810.273152,6607847628.4144,528627810.273152
134,Французский сплайн,0.2754244519292324,0.0005233844258329154,0.04980595990078501,139895358.02141082,528533552.1134143,6606669401.417678,528533552.1134142
135,Бета-калибровка,0.002237665288260868,0.048018616865783785,0.048976736093430374,137546265.64478984,550570623.5836093,6882132794.795117,550570623.5836093
135,Изотоническая регрессия,0.46387630043001293,1.0694474840805776e-06,0.048936253348938065,137453623.50515768,524742159.5317374,6559276994.146717,524742159.53173745
135,Логит-калибровка,0.006438482881037662,0.028752458034191578,0.04909570623837213,137880381.3998443,544550926.5443861,6806886581.804827,544550926.5443861
135,Монотонный сплайн,0.27193765098570827,5.520659116214946e-06,0.04901449740761275,137670566.47233716,528498047.9084811,6606225598.856014,528498047.9084811
135,Французский сплайн,0.2754325144027475,0.0005096516885619143,0.04899501279733193,137618606.15700996,528376544.5466856,6604706806.8335705,528376544.5466856
136,Бета-калибровка,0.0005936842306180469,0.09577324672242139,0.04875263009993041,136916886.37264454,546015546.5291231,6825194331.6140375,546015546.5291231
136,Изотоническая регрессия,0.6440557556606066,1.0111897730267405e-05,0.0487582871092968,136954181.91774914,519248228.75143886,6490602859.392986,519248228.75143886
136,Логит-калибровка,0.0030516940279033977,0.061850362535354746,0.04879721964277517,137042111.6447698,539844370.2712663,6748054628.390829,539844370.2712662
136,Монотонный сплайн,0.2886859611894327,4.9533464291661996e-05,0.04882643478446564,137142419.98385555,522899429.46100986,6536242868.262622,522899429.46100986
136,Французский сплайн,0.24339261640995632,0.0024062495725009248,0.04880368164340629,137081557.1378789,522864887.12410593,6535811089.051324,522864887.12410593
137,Бета-калибровка,0.0019238512454552768,0.023651124609346597,0.049202720296371696,138180919.68033028,547954758.2219502,6849434477.774377,547954758.2219502
137,Изотоническая регрессия,0.45419748961513207,6.051726245586084e-05,0.0494116620746786,138788761.3705274,522694097.7814518,6533676222.268147,522694097.7814518
137,Логит-калибровка,0.008360194926558156,0.022730019499803123,0.04922714649151743,138249518.20677757,541948566.2166722,6774357077.708401,541948566.2166722
137,Монотонный сплайн,0.30214695592047097,4.017592561529841e-05,0.049463949121786074,138932176.62973785,526210746.5670096,6577634332.08762,526210746.5670096
137,Французский сплайн,0.12249033657275087,0.0033479465743775595,0.04942528985763164,138826859.50109458,526077113.54384387,6575963919.298049,526077113.54384387
138,Бета-калибровка,0.0033779163396404016,0.017228814474982024,0.048108055213648394,135106662.26201016,547093685.1554339,6838671064.4429245,547093685.1554339
138,Изотоническая регрессия,0.5947904848690981,1.145400901886252e-06,0.04817286507927733,135310441.48864245,521458207.90153885,6518227598.769236,521458207.90153885
138,Логит-калибровка,0.006415936838248908,0.009193706048254672,0.048166386589736494,135270480.09861597,541044231.899973,6763052898.749662,541044231.899973
138,Монотонный сплайн,0.4454170729100386,5.629549184579572e-06,0.04827321538017486,135589180.84597313,525004180.7284589,6562552259.105736,525004180.7284589
138,Французский сплайн,0.11913033333992895,6.866224620321e-05,0.04824137620693909,135502770.52987838,524849583.99167264,6560619799.895908,524849583.99167264
139,Бета-калибровка,0.005324242211002638,0.05487281275076718,0.049058314999437545,137775371.84442037,550594029.4891989,6882425368.614986,550594029.4891989
139,Изотоническая регрессия,0.4948865601955467,5.357990888209293e-05,0.049164897958013376,138096347.02528477,525206460.26676285,6565080753.334536,525206460.26676285
139,Логит-калибровка,0.020021907173194485,0.07269963606244062,0.04915498091391102,138046848.3986277,544588379.8831066,6807354748.538833,544588379.8831066
139,Монотонный сплайн,0.4370214172181594,3.7741980563537014e-05,0.04918351257399636,138145243.06685632,528839311.56329054,6610491394.541131,528839311.56329054
139,Французский сплайн,0.12281151662798462,0.0034256330629374413,0.04915296279251214,138062646.92249942,528706838.07362944,6608835475.920367,528706838.07362944
140,Бета-калибровка,0.003086823597415928,0.005701562745266447,0.048840008920057354,137162281.05108908,549195666.1082537,6864945826.35317,549195666.1082537
140,Изотоническая регрессия,0.48972950004530036,1.0380111507826552e-07,0.04895320267312726,137501702.3872106,523839826.0137139,6547997825.171424,523839826.0137139
140,Логит-калибровка,0.012594767509052904,0.0027184110168211846,0.048911261004405154,137362385.40477145,543164010.0015249,6789550125.01906,543164010.0015249
140,Монотонный сплайн,0.47750610935019655,5.321572868174959e-07,0.04901290336211176,137666305.19417614,527404462.69974095,6592555783.746761,527404462.69974095
140,Французский сплайн,0.11981325957722722,9.138840638204491e-06,0.048971741360930646,137553750.6603387,527267019.0264529,6590837737.830662,527267019.0264529
141,Бета-калибровка,0.0002800799978242784,0.05029068470496321,0.049464899922322406,138917224.94185022,550108893.8105178,6876361172.631471,550108893.8105178
141,Изотоническая регрессия,0.6957048918616653,7.545211811661182e-06,0.04949162949232369,139013700.66624188,524763988.08085287,6559549851.01066,524763988.08085287
141,Логит-калибровка,0.0008846932910934924,0.030297887783622,0.0495349686426861,139114005.93611965,544134864.9098607,6801685811.373259,544134864.9098607
141,Монотонный сплайн,0.566090082422527,3.855934471036648e-05,0.049584985604123305,139272927.74815038,528433897.482756,6605423718.53445,528433897.482756
141,Французский сплайн,0.08875838650523572,0.0005451442028148475,0.04956019918636618,139206169.22072083,528281697.67470515,6603521220.933815,528281697.67470515
142,Бета-калибровка,0.008723812961719254,0.0075683335742642195,0.04835690080077754,135805520.20890367,549475600.9269313,6868445011.58664,549475600.9269313
142,Изотоническая регрессия,0.2599537321175973,8.243244298561783e-07,0.04846258639817827,136124214.44064385,524070620.5320077,6550882756.650096,524070620.5320077
142,Логит-калибровка,0.027561333966382044,0.005984039969090671,0.04844466904589306,136052008.5484861,543435738.436332,6792946730.45415,543435738.436332
142,Монотонный сплайн,0.26418139229844584,4.726448310187766e-06,0.04856006473299314,136395129.0161844,527634142.9526543,6595426786.908178,527634142.9526543
142,Французский сплайн,0.16479836980037305,0.0005587660652330431,0.048512005282850344,136262971.6022807,527537906.17447543,6594223827.180943,527537906.17447543
143,Бета-калибровка,0.012612938542042332,0.017120969164782472,0.048790404602020734,137022972.28431505,549790179.479754,6872377243.496923,549790179.479754
143,Изотоническая регрессия,0.4937495841119332,1.1199921741049392e-06,0.048801104084435075,137073352.71072748,523827918.4489712,6547848980.61214,523827918.4489712
143,Логит-калибровка,0.029918574523319356,0.009130404341702942,0.04889506539037332,137316901.64232445,543738436.58997,6796730457.374624,543738436.58997
143,Монотонный сплайн,0.48025176983606616,5.593319197437984e-06,0.048872884072180156,137272022.6854602,527555026.23345184,6594437827.918148,527555026.23345184
143,Французский сплайн,0.12305340848045332,6.998386718127603e-05,0.048846861525950865,137201873.28125793,527447725.3112706,6593096566.3908825,527447725.3112706
144,Бета-калибровка,0.016551906926250165,0.017514318079538238,0.04906876577976833,137804721.8159014,549759474.5743937,6871993432.179922,549759474.5743937
144,Изотоническая регрессия,0.23386941072689688,7.928676479142618e-06,0.04916913690324608,138107773.2790763,524492172.7924223,6556152159.905278,524492172.7924223
144,Логит-калибровка,0.02994680476011131,0.009367018004326221,0.049133482094400174,137986471.11391348,543836738.5814216,6797959232.267771,543836738.5814216
144,Монотонный сплайн,0.12685992346593505,4.0735692859263956e-05,0.04920621431568108,138208943.63844794,528099096.23688585,6601238702.961073,528099096.23688585
144,Французский сплайн,0.10693482084803482,7.23855869393016e-05,0.049184143706881796,138149785.87184525,527944411.5994366,6599305144.992957,527944411.5994366
145,Бета-калибровка,0.002238241569647423,0.048284123591481626,0.0493221279788158,138516264.2157063,549714511.8788695,6871431398.485869,549714511.8788695
145,Изотоническая регрессия,0.46806311653439203,1.0279008740769728e-06,0.049333605642271156,138569906.4857543,524183656.8217345,6552295710.271681,524183656.8217345
145,Логит-калибровка,0.006449713151242776,0.028930024740554977,0.04939782144469348,138728841.74527717,543682428.6762185,6796030358.452732,543682428.6762185
145,Монотонный сплайн,0.3634759425722043,6.981975636958529e-07,0.04939006698462572,138725350.70445776,527788012.0569148,6597350150.711435,527788012.0569148
145,Французский сплайн,0.24288126749447259,0.0005102230461421927,0.04936668226461414,138662759.15175802,527636654.2417654,6595458178.022067,527636654.2417654
146,Бета-калибровка,0.016482671825993986,0.04618119248444898,0.04949404506365395,138999076.15676576,547874361.9926417,6848429524.908022,547874361.9926417
146,Изотоническая регрессия,0.28624790599510747,7.276508047137044e-05,0.049713747886657306,139637497.9648884,521664116.7844521,6520801459.805651,521664116.7844521
146,Логит-калибровка,0.029917971940765446,0.02750234894566385,0.049530539572670944,139101567.3358891,541838909.1685691,6772986364.607114,541838909.1685691
146,Монотонный сплайн,0.2378748934930714,0.00032090321504856455,0.04969857466382268,139592056.0628329,525420000.3679139,6567750004.598925,525420000.3679139
146,Французский сплайн,0.11960664493295586,0.00045776435321137957,0.04966399637873151,139497787.81002063,525318316.81471974,6566478960.183997,525318316.81471974
147,Бета-калибровка,0.0014617117319744928,0.04664976799309586,0.048768941809456526,136962696.1776777,546727744.1574602,6834096801.968252,546727744.1574602
147,Изотоническая регрессия,0.4614709973638648,6.818164516971769e-05,0.04881815166714459,137122544.74200886,520411442.2006589,6505143027.508236,520411442.2006589
147,Логит-калибровка,0.005914361324612977,0.02782217658286367,0.04882899282349555,137131343.4455049,540546601.2449661,6756832515.562077,540546601.2449661
147,Монотонный сплайн,0.2637562866510328,4.6527365901214706e-05,0.04890981914262351,137377106.04715204,523956506.1386732,6549456326.733415,523956506.1386732
147,Французский сплайн,0.1205196674371545,0.0004714840493068535,0.048870130585138526,137268400.26050782,523909973.0755012,6548874663.443765,523909973.0755012
148,Бета-калибровка,0.016593822752770708,0.04984346522652504,0.04875372714778235,136919967.32183194,548781657.5388098,6859770719.235121,548781657.5388098
148,Изотоническая регрессия,0.4657189659585628,6.432595944064917e-05,0.04886287619458847,137246833.50488225,522989173.476675,6537364668.458437,522989173.476675
148,Логит-калибровка,0.029966108003272672,0.029986874729977606,0.048821308018319604,137109761.43864876,542738589.2720664,6784232365.900829,542738589.2720664
148,Монотонный сплайн,0.47685661696550324,0.0002798634402663427,0.04888739650223755,137313066.68376786,526630144.47238606,6582876805.904825,526630144.47238606
148,Французский сплайн,0.11956963730387084,0.0005176495774376857,0.04885382512350946,137221499.4885744,526536027.21450466,6581700340.181308,526536027.21450466
149,Бета-калибровка,0.0006932532189947739,0.1131024299636433,0.049085687409418544,137852244.52061105,550303418.1097937,6878792726.37242,550303418.1097937
149,Изотоническая регрессия,0.47851839107237515,6.238718114125397e-05,0.04912094939382754,137972443.47762525,524462852.7802647,6555785659.753307,524462852.7802647
149,Логит-калибровка,0.003081743830317898,0.08074762389473991,0.0491881379868926,138139966.72238916,544249001.183097,6803112514.788712,544249001.183097
149,Монотонный сплайн,0.36573866436337393,0.00028608776111250215,0.04921754909088521,138240820.73176342,528011633.7780789,6600145422.225986,528011633.7780789
149,Французский сплайн,0.12023476259608319,0.0031673106372607043,0.049176575252330275,138128702.21453658,527932025.2423229,6599150315.5290365,527932025.2423229
150,Бета-калибровка,0.0008582349785048464,0.005192317772892523,0.04786162254395047,134414580.7524305,548352778.7889396,6854409734.861745,548352778.7889396
150,Изотоническая регрессия,0.5952499395114756,1.2441303621430861e-08,0.04795175742082402,134689004.34064215,522662168.39340246,6533277104.91753,522662168.39340246
150,Логит-калибровка,0.0041957472644293765,0.0024489786577461966,0.04796496411132172,134704805.21023592,542258742.0571742,6778234275.714678,542258742.0571742
150,Монотонный сплайн,0.5234814736733728,6.860561908408125e-08,0.04801114559546899,134853197.96545205,526356261.84980226,6579453273.122528,526356261.84980226
150,Французский сплайн,0.2757980313506637,8.237671330456145e-06,0.047968250297143966,134735340.11748892,526226886.0746909,6577836075.933636,526226886.0746909
151,Бета-калибровка,0.009286172273321425,0.11355873404098993,0.04966136210891532,139468969.34667778,550894333.6638566,6886179170.798208,550894333.6638566
151,Изотоническая регрессия,0.22929929457067433,0.00037469529361184786,0.049676181611103994,139531877.23662448,525222665.43565625,6565283317.9457035,525222665.43565625
151,Логит-калибровка,0.030010277762857238,0.08571738963965257,0.04971638369089018,139623491.957496,544955732.217993,6811946652.724912,544955732.217993
151,Монотонный сплайн,0.3421074028596395,0.0015622318489260508,0.04982764046388628,139954553.12938017,528910076.53084946,6611375956.635618,528910076.53084946
151,Французский сплайн,0.12529072107263065,0.003384925812442372,0.04978861071572875,139847497.35794744,528800014.83768415,6610000185.471051,528800014.83768415
152,Бета-калибровка,0.003375382254823185,0.11308531170704222,0.04963231404936524,139387390.77623734,550973475.4750755,6887168443.438442,550973475.4750755
152,Изотоническая регрессия,0.2979448603707954,0.002060268961460734,0.04969235607665176,139575986.0056688,525730779.16442466,6571634739.555308,525730779.16442466
152,Логит-калибровка,0.006415419799158156,0.12796991583176315,0.049722450612618416,139640530.30047756,544939155.1389307,6811739439.236633,544939155.1389307
152,Монотонный сплайн,0.3236657145524733,0.008047968285741908,0.04975634876563087,139752830.4561517,529390064.10601795,6617375801.325225,529390064.10601795
152,Французский сплайн,0.24412904588456605,0.018009352947153095,0.0497213554342374,139657304.11163983,529280259.81541145,6616003247.692644,529280259.81541145
153,Бета-калибровка,0.0022376461693400336,0.016748695401047405,0.048934162252479846,137426701.2698644,549100466.7315711,6863755834.144638,549100466.7315711
153,Изотоническая регрессия,0.633933537074056,1.1068843611622653e-06,0.049064422470545564,137813454.06628016,523321200.0997571,6541515001.2469635,523321200.0997571
153,Логит-калибровка,0.006436132555101448,0.009454459317391818,0.04900040238461993,137612730.05696663,543055049.7802701,6788188122.253377,543055049.7802701
153,Монотонный сплайн,0.5200278717190127,5.241496974195793e-06,0.049015528913447196,137673829.68295798,527076627.36966705,6588457842.120838,527076627.36966705
153,Французский сплайн,0.2754458977994717,7.158474361518288e-05,0.04898900503996321,137601657.27735126,526991598.8723462,6587394985.904327,526991598.8723462
154,Бета-калибровка,0.0009697255892471975,0.016638982293144866,0.049147633459535434,138026213.80775934,546855500.495203,6835693756.190039,546855500.495203
154,Изотоническая регрессия,0.4086410217092801,1.1627194924065634e-06,0.049250536051153704,138336853.04606006,520599516.98413175,6507493962.301647,520599516.98413175
154,Логит-калибровка,0.0046540163049409175,0.008841266898763502,0.049180204406591654,138117686.05547202,540786571.30519,6759832141.314875,540786571.30519
154,Монотонный сплайн,0.16981594496566743,6.044711583239677e-06,0.04926582913827445,138376708.54295456,524467052.18691367,6555838152.336421,524467052.18691367
154,Французский сплайн,0.1263601725410099,6.528179609079635e-05,0.049249592778643866,138334196.81788263,524328957.2896515,6554111966.120644,524328957.2896515
155,Бета-калибровка,0.004705328229869004,0.047910685753941654,0.049305774921519226,138470338.2895946,547815955.2530649,6847699440.66331,547815955.2530649
155,Изотоническая регрессия,0.44976992932837706,1.12432833013363e-06,0.049325202134036364,138546186.47322774,521807465.2680346,6522593315.850432,521807465.2680346
155,Логит-калибровка,0.01802233796548799,0.028675293561152795,0.04936122473290357,138626063.5398864,541706654.083885,6771333176.048561,541706654.083885
155,Монотонный сплайн,0.34802764465558655,5.871947153918872e-06,0.04939341771847111,138734683.05804417,525488257.8602333,6568603223.252916,525488257.8602333
155,Французский сплайн,0.5388953148338853,0.0004897948913120532,0.0493722913076838,138678333.19364136,525372651.66953766,6567158145.869221,525372651.66953766
156,Бета-калибровка,0.0009527693041323883,0.005727916330552975,0.04802370463960594,134869772.1098693,547209676.7833384,6840120959.791731,547209676.7833384
156,Изотоническая регрессия,0.38975672121060506,8.425916846064577e-06,0.04809532185864767,135092429.90782613,521431360.727303,6517892009.091288,521431360.727303
156,Логит-калибровка,0.004603715734839303,0.008006197215642354,0.04810403131273063,135095361.53867272,541057887.8954494,6763223598.693116,541057887.8954494
156,Монотонный сплайн,0.3501350155007641,3.9012530831600375e-05,0.048166492621435325,135289265.5261808,525080408.1857396,6563505102.321744,525080408.1857396
156,Французский сплайн,0.2754446109676785,7.055360989955745e-05,0.04812787188208102,135183783.37225652,524990970.4110588,6562387130.138234,524990970.4110588
157,Бета-калибровка,0.016313540212974945,0.01690691805037753,0.04815457829087276,135237317.67208707,548286729.151791,6853584114.397387,548286729.151791
157,Изотоническая регрессия,0.45937459479591597,1.2306547095875362e-06,0.04809857756032733,135100616.42042327,522674671.2146176,6533433390.18272,522674671.21461767
157,Логит-калибровка,0.02986344618224476,0.009001002358478075,0.04825019791600312,135505855.82730317,542183901.8513963,6777298773.142454,542183901.8513963
157,Монотонный сплайн,0.3151691125848559,6.32903345706895e-06,0.04827835680472402,135602865.26516768,525988529.1870056,6574856614.83757,525988529.1870056
157,Французский сплайн,0.11971950195757504,6.756286528093542e-05,0.048244658291149295,135510854.41154405,525920315.39136803,6574003942.392101,525920315.39136803
158,Бета-калибровка,0.002636965731377127,0.05442788728517872,0.048882565143687357,137281795.94953158,548220433.631385,6852755420.392313,548220433.6313851
158,Изотоническая регрессия,0.4884340825976905,0.00039990002391205904,0.04895188394775445,137497998.87887362,522486589.13461447,6531082364.182682,522486589.1346145
158,Логит-калибровка,0.011025526308923693,0.07183631566491289,0.04895160597387803,137475690.21703908,542108510.7090375,6776356383.86297,542108510.7090375
158,Монотонный сплайн,0.26683428960265704,0.0016534057016706388,0.049070089674254906,137827162.64022607,525875843.0033855,6573448037.542318,525875843.0033855
158,Французский сплайн,0.107066711308313,0.00322839938221355,0.0490310337082586,137720170.19470578,525771474.88987935,6572143436.123491,525771474.88987935
159,Бета-калибровка,0.006226985969283344,0.02368827496705262,0.04910561011448818,137908195.44552863,548080756.9624524,6851009462.030653,548080756.9624524
159,Изотоническая регрессия,0.6723574665271705,8.91392401015451e-06,0.049176489721428296,138128781.7336592,521676823.845531,6520960298.069138,521676823.845531
159,Логит-калибровка,0.02283526439753314,0.022729609541494326,0.04916577952311951,138077175.21272886,541970829.4226526,6774635367.783157,541970829.4226526
159,Монотонный сплайн,0.3859406629369773,6.0324948747262224e-06,0.0492847775477587,138429615.5000919,525329477.058375,6566618463.229688,525329477.058375
159,Французский сплайн,0.3187455544807876,0.002399772308525228,0.04924243465852549,138313859.45235628,525252054.21876264,6565650677.734533,525252054.21876264
160,Бета-калибровка,0.016442858175985793,0.049194895943394865,0.04940027505853995,138735732.47440362,550276041.6057487,6878450520.0718565,550276041.6057487
160,Изотоническая регрессия,0.40344675660624274,1.0402177418411506e-06,0.04953172946237489,139126676.22213364,524577062.78395784,6557213284.799474,524577062.7839579
160,Логит-калибровка,0.029903038826893387,0.02954611605110901,0.04947022854889706,138932189.85672247,544339687.8972943,6804246098.716178,544339687.8972943
160,Монотонный сплайн,0.26744550486109575,5.528762553297522e-06,0.04959709694937206,139307249.67805332,528474921.78864825,6605936522.358103,528474921.78864825
160,Французский сплайн,0.09970707908335688,0.0005094807722362438,0.049564052451495935,139217331.30523062,528305915.57322246,6603823944.665281,528305915.57322246
161,Бета-калибровка,0.001178922566867486,0.04673767146967049,0.04803161690504477,134891992.91612774,549112644.1386466,6863908051.733083,549112644.1386466
161,Изотоническая регрессия,0.5320709429396521,9.359868546084237e-06,0.04805817259253833,134988219.50888464,522929654.5793115,6536620682.241394,522929654.5793115
161,Логит-калибровка,0.005502362089951635,0.02788050051796008,0.048158876712947746,135249389.36064246,542959317.1303097,6786991464.12887,542959317.1303096
161,Монотонный сплайн,0.4829765184543172,4.748520279215903e-05,0.0481599164759367,135270848.61626285,526481565.8675724,6581019573.344656,526481565.8675725
161,Французский сплайн,0.24549928373001445,0.00047399979410697024,0.04810747178703635,135126454.13893884,526477081.0032905,6580963512.541131,526477081.0032905
162,Бета-калибровка,0.005274180398268522,0.01673112148160883,0.049266340720062175,138359591.27822265,548509858.7187335,6856373233.984171,548509858.7187335
162,Изотоническая регрессия,0.7210272773525671,6.685180921970527e-05,0.049477268048687954,138973367.98793525,522513182.9846072,6531414787.3075905,522513182.9846072
162,Логит-калибровка,0.019890652963504337,0.02273840150191895,0.04932013921096953,138510678.96008682,542485018.6865995,6781062733.582493,542485018.6865995
162,Монотонный сплайн,0.6498428558486852,4.5926069062929916e-05,0.04946996084081216,138949922.85812253,526330776.10621667,6579134701.327708,526330776.10621667
162,Французский сплайн,0.21515260195764024,0.003152881900653473,0.0494318491374144,138845769.26569378,526197950.82265854,6577474385.283233,526197950.82265854
163,Бета-калибровка,0.0006990014777741754,0.004070259494682109,0.04881898832254716,137103246.80504146,549614984.9168751,6870187311.4609375,549614984.9168751
163,Изотоническая регрессия,0.6325809731972281,1.3335019450865527e-08,0.0488644740129352,137252516.8179272,523902310.3565062,6548778879.456327,523902310.3565062
163,Логит-калибровка,0.0035245350230541784,0.002568256524496187,0.048899087575128126,137328197.54598987,543609770.2232709,6795122127.790885,543609770.2232709
163,Монотонный сплайн,0.41216292575079566,6.803247119704591e-08,0.04896469040224401,137531393.14383274,527506588.02220887,6593832350.277611,527506588.02220887
163,Французский сплайн,0.243465216912162,8.40129410448314e-06,0.04893342912899107,137446210.74179125,527399963.4079989,6592499542.599987,527399963.4079989
164,Бета-калибровка,0.016472307803423854,0.017350137164056197,0.04933563662987365,138554201.91133714,549821514.3690715,6872768929.613394,549821514.3690715
164,Изотоническая регрессия,0.18023660190084578,1.209919623054659e-07,0.04947722407585523,138973124.89463183,523857812.9658616,6548222662.073271,523857812.9658616
164,Логит-калибровка,0.029913795676525634,0.009267350031631967,0.04941955219663814,138789870.38903856,543815553.3712828,6797694417.141036,543815553.3712828
164,Монотонный сплайн,0.32211780427578707,6.297371556035981e-07,0.04951815688737692,139085325.27147704,527677948.6787226,6595974358.484033,527677948.6787227
164,Французский сплайн,0.12319801378857052,6.987345668702567e-05,0.04948036623945211,138981967.68916386,527533862.7524886,6594173284.406108,527533862.7524886
165,Бета-калибровка,0.00299529632123475,0.005060600256885363,0.048888528238296106,137298542.70443076,548957873.9671146,6861973424.588932,548957873.9671146
165,Изотоническая регрессия,0.494737473119501,1.4768734495157835e-07,0.04897459052430361,137561289.62845427,522943957.4655012,6536799468.318766,522943957.4655012
165,Логит-калибровка,0.012300005401381181,0.002379054405888986,0.048979008743295825,137552648.15467197,542894014.263193,6786175178.289913,542894014.263193
165,Монотонный сплайн,0.32342284354799133,7.934125280761836e-07,0.04903216001463836,137719949.54887134,526521172.97294885,6581514662.16186,526521172.97294885
165,Французский сплайн,0.24888125117704862,7.571425398164217e-06,0.048998694981504366,137628826.20258456,526453305.60824156,6580666320.10302,526453305.60824156
166,Бета-калибровка,0.0022389702771219737,0.016778947195950134,0.049898752207690175,140135655.70007712,550835714.1024407,6885446426.280508,550835714.1024407
166,Изотоническая регрессия,0.4062793619352264,5.931261931407996e-05,0.050038768324749225,140550644.1632257,525091979.0273063,6563649737.84133,525091979.0273063
166,Логит-калибровка,0.006457434499654175,0.02286403441854383,0.04997082351444312,140338060.75796205,544885649.5352628,6811070619.1907835,544885649.5352628
166,Монотонный сплайн,0.4424586279975957,4.015282411571896e-05,0.0500173995416481,140487843.16752848,528694387.56771505,6608679844.596437,528694387.56771505
166,Французский сплайн,0.1223038116932969,0.000511680466226643,0.04999219744061781,140419853.70402813,528560376.96774596,6607004712.096825,528560376.96774596
167,Бета-калибровка,0.0016467275490314255,0.023779413003440778,0.049056699836400625,137770835.82054752,549424211.4755726,6867802643.444658,549424211.4755727
167,Изотоническая регрессия,0.49182866041365425,6.09369744202422e-05,0.04902904865296315,137715545.43698174,523370322.9503834,6542129036.879793,523370322.9503834
167,Логит-калибровка,0.007319632620299839,0.022731724961714113,0.049149491220992374,138031431.14503497,543374371.3601303,6792179642.001629,543374371.3601303
167,Монотонный сплайн,0.45404638891532845,4.422618865373497e-05,0.04916576857280046,138096121.24463877,527026641.73587155,6587833021.698394,527026641.73587155
167,Французский сплайн,0.12250474704173145,0.0030928872307689095,0.049137039868926626,138018728.7747376,526908847.03311,6586360587.913875,526908847.03310996
168,Бета-калибровка,0.004466136527861358,0.04810132537707624,0.048333893425319914,135740906.29566845,546170517.1081529,6827131463.851911,546170517.1081529
168,Изотоническая регрессия,0.48860893985584786,9.951690912839675e-06,0.04834065295167117,135781058.94947332,519714093.992431,6496426174.905388,519714093.99243104
168,Логит-калибровка,0.01729336646622491,0.028800636259921988,0.048379989976179705,135870363.84910312,540088128.7103214,6751101608.879019,540088128.7103214
168,Монотонный сплайн,0.3454375719937464,4.532760992119363e-05,0.048396845219796314,135936598.3054229,523392994.9516194,6542412436.895242,523392994.9516194
168,Французский сплайн,0.12094436459998945,0.0004757744415592188,0.0483799349649509,135891457.14779735,523310772.08219063,6541384651.027383,523310772.08219063
169,Бета-калибровка,0.0010817225563687625,0.017041442309656898,0.04858732059096934,136452631.1476783,547625731.6389987,6845321645.487484,547625731.6389987
169,Изотоническая регрессия,0.46950971751338433,1.2247352393365772e-07,0.048698087617928786,136784758.86619118,521611109.60846937,6520138870.105867,521611109.60846937
169,Логит-калибровка,0.005736350812822798,0.00908288670061399,0.04865087757260403,136631124.57490116,541492090.6626835,6768651133.283544,541492090.6626835
169,Монотонный сплайн,0.23265462213190372,6.521548505061674e-07,0.04872882246148385,136868486.95230004,525398798.9360635,6567484986.700794,525398798.9360635
169,Французский сплайн,0.12212485124016305,6.923022118999121e-05,0.04869333210074526,136771330.81517813,525292002.0133009,6566150025.166262,525292002.0133009
170,Бета-калибровка,0.007047377443174536,0.023630881667242247,0.048310480810562995,135675154.3083851,546599879.779356,6832498497.24195,546599879.779356
170,Изотоническая регрессия,0.5103810491103624,1.0047211284983967e-05,0.048451726393319586,136093236.80299872,520407378.70958155,6505092233.869769,520407378.70958155
170,Логит-калибровка,0.025369633118578958,0.022730556122295947,0.04836001853858014,135814276.06374848,540543456.5105276,6756793206.381594,540543456.5105276
170,Монотонный сплайн,0.6662635982158136,6.524766675324179e-06,0.04847603755648301,136158583.25629163,524216918.1712328,6552711477.140409,524216918.1712328
170,Французский сплайн,0.44881921257309254,0.0023561587496026054,0.04844552437078218,136075751.4021725,524085476.5724733,6551068457.155916,524085476.5724733
171,Бета-калибровка,4.042996340528517e-06,0.017447533302839612,0.04973133347357838,139665476.92719752,551538710.7080414,6894233883.850517,551538710.7080414
171,Изотоническая регрессия,0.15439764544342802,1.262649927558678e-07,0.04992913420021814,140240594.88789263,526134470.21325517,6576680877.665689,526134470.21325517
171,Логит-калибровка,3.240056546629033e-05,0.009326262325293527,0.04982449411523109,139927109.27321503,545598917.5784454,6819986469.730568,545598917.5784454
171,Монотонный сплайн,0.09236331131171349,6.757367281142977e-07,0.049906318949333756,140174305.084997,529896388.5573131,6623704856.9664135,529896388.5573131
171,Французский сплайн,0.04466276558880411,7.172629383721896e-05,0.04987729402376208,140094993.76543397,529753527.22108126,6621919090.263516,529753527.22108126
172,Бета-калибровка,0.0034535753355068735,0.00529317764088242,0.049040972700486726,137726667.73204693,548311082.270782,6853888528.384775,548311082.270782
172,Изотоническая регрессия,0.4878065971653228,1.1852561950707672e-08,0.04915893084336604,138078751.7805092,522871875.639861,6535898445.498263,522871875.639861
172,Логит-калибровка,0.01390922296419746,0.002502397915063463,0.04909883621269,137889171.6197186,542275559.3716171,6778444492.145212,542275559.3716171
172,Монотонный сплайн,0.22402951009328725,7.205477575150352e-08,0.04921859598555398,138243314.7017564,526375632.3075013,6579695403.843766,526375632.3075013
172,Французский сплайн,0.13342980585447295,8.514126400588618e-06,0.04918857367040701,138162005.77650774,526243231.5206219,6578040394.007774,526243231.5206219
173,Бета-калибровка,0.0033778972300466358,0.048335526078252394,0.04830745946856133,135666669.17150766,548430766.666168,6855384583.327099,548430766.666168
173,Изотоническая регрессия,0.2818942739463671,8.8918418561087e-06,0.048417974317276735,135998686.67263997,522541891.36555266,6531773642.069408,522541891.36555266
173,Логит-калибровка,0.006415914363990732,0.02896281000567995,0.04840085156256628,135928951.52831113,542346465.5845441,6779330819.806801,542346465.5845441
173,Монотонный сплайн,0.2767432606283703,4.389665712426058e-05,0.04845922594260748,136111956.326414,526292425.1121359,6578655313.901698,526292425.1121359
173,Французский сплайн,0.17114044828177136,0.0004932378588399141,0.048422781491897736,136012212.28740287,526167671.63075197,6577095895.384399,526167671.63075197
174,Бета-калибровка,0.011374648902799996,0.09634827075408303,0.04862428788080848,136556450.08446252,549821900.0704193,6872773750.880241,549821900.0704193
174,Изотоническая регрессия,0.48848490069143635,5.039490810681017e-05,0.048784307645290695,137027497.19103438,524348064.8485512,6554350810.606891,524348064.8485513
174,Логит-калибровка,0.03002719604476288,0.062277292389550695,0.048708716398800866,136793559.13439235,543836071.4986329,6797950893.732911,543836071.4986329
174,Монотонный сплайн,0.3609307414270565,3.513974890822184e-05,0.04887791405598621,137287747.4641348,527920701.9169134,6599008773.961417,527920701.9169134
174,Французский сплайн,0.12028626248563531,0.002380532680934393,0.048830351891384016,137156795.62718952,527784083.8440702,6597301048.050877,527784083.8440702
175,Бета-калибровка,0.006456864868815491,0.11323315930599165,0.049564256229756076,139196257.195647,550448814.6361767,6880610182.9522085,550448814.6361767
175,Изотоническая регрессия,0.6639611695702065,0.0004173912307989262,0.04964790925490813,139451759.551484,524626697.5042317,6557833718.8028965,524626697.5042317
175,Логит-калибровка,0.025993217899909514,0.1457898135208276,0.04963101969440048,139383755.70975435,544439196.8146672,6805489960.183339,544439196.8146672
175,Монотонный сплайн,0.20097833268075505,0.0017427690219922161,0.049769657404677876,139790703.35002184,528280396.3264781,6603504954.0809765,528280396.3264781
175,Французский сплайн,0.34043871138525655,0.01699033016011763,0.04972515592397829,139668625.31965482,528182428.37333196,6602280354.666649,528182428.3733319
176,Бета-калибровка,0.011374761946839394,0.01677482199613728,0.04905866577258027,137776356.95571443,548939011.1542373,6861737639.427965,548939011.1542373
176,Изотоническая регрессия,0.6345461861189572,1.1012270521308204e-06,0.04908582680122949,137873685.58857292,522862462.40991616,6535780780.123951,522862462.40991616
176,Логит-калибровка,0.030032440884944358,0.022855838604294222,0.04912035741752579,137949611.77137944,542912878.9375026,6786410986.718782,542912878.9375026
176,Монотонный сплайн,0.59233412443472,6.042444133223092e-06,0.0491954106087678,138178595.9322812,526604770.50908244,6582559631.36353,526604770.50908244
176,Французский сплайн,0.4440723726311777,0.0004983647039556609,0.04916327320292422,138091132.70242107,526504154.47600865,6581301930.950109,526504154.47600865
177,Бета-калибровка,0.004642340865105925,0.02373330219380921,0.04909100831214375,137867187.74382454,549517283.3090148,6868966041.362684,549517283.3090148
177,Изотоническая регрессия,0.4910417264284547,9.47064649180814e-07,0.04919078963039387,138169180.79799816,524037538.92136323,6550469236.51704,524037538.92136323
177,Логит-калибровка,0.01785302795064228,0.02273012847333446,0.04916428703694828,138072983.71456558,543504865.8875151,6793810823.593937,543504865.8875151
177,Монотонный сплайн,0.4783663643740861,4.890389434274569e-06,0.04930575984874794,138488832.16717443,527834674.3558013,6597933429.447516,527834674.3558013
177,Французский сплайн,0.11758770860486074,0.0005313363986205263,0.04926739956165103,138384270.40244436,527666185.9466088,6595827324.332609,527666185.9466087
178,Бета-калибровка,0.003912033427191752,0.01739683154543436,0.04997384272539291,140346539.90999347,550379944.9421866,6879749311.777332,550379944.9421866
178,Изотоническая регрессия,0.6482539720511803,1.1746078198404748e-06,0.05014825376047908,140856927.06092945,524712166.753393,6558902084.417413,524712166.75339305
178,Логит-калибровка,0.015476971448534724,0.009294726316704492,0.05002571183184178,140492209.1085445,544450231.6347061,6805627895.433826,544450231.6347061
178,Монотонный сплайн,0.38426008287585867,5.778684044878347e-06,0.05015218136030126,140865064.23793235,528670736.100464,6608384201.255799,528670736.100464
178,Французский сплайн,0.3166663317810005,6.970673123221387e-05,0.05012778917615779,140799366.2480405,528479103.97374225,6605988799.67178,528479103.97374225
179,Бета-калибровка,0.006597097867912634,0.05299947510594837,0.04916531812399965,138075879.41944063,549991709.298772,6874896366.23465,549991709.298772
179,Изотоническая регрессия,0.6270211365403298,4.969555513066274e-05,0.04923897930208463,138303201.07197446,524793184.75796115,6559914809.474515,524793184.7579612
179,Логит-калибровка,0.02172661761704001,0.03215703389876621,0.049227550264717555,138250652.16343278,544020028.4953616,6800250356.192019,544020028.4953616
179,Монотонный сплайн,0.582895800981051,0.0002289937300546948,0.04933753725081586,138577240.7231623,528512628.4888413,6606407856.110516,528512628.4888413
179,Французский сплайн,0.4867360763386942,0.0005890883867091782,0.049304961258919255,138488405.31713712,528369247.04552007,6604615588.069,528369247.04552
180,Бета-калибровка,0.016278127088520795,0.04924535281510881,0.04901315629453228,137648548.13756445,549595216.921104,6869940211.5138,549595216.921104
180,Изотоническая регрессия,0.49348808725678933,9.10961453063444e-06,0.04911254911072624,137948493.3225636,524000236.48196864,6550002956.024608,524000236.48196864
180,Логит-калибровка,0.0299323354720241,0.02957948000473183,0.0490948881813542,137878083.9685151,543555665.9682243,6794445824.602803,543555665.9682243
180,Монотонный сплайн,0.3450929636601452,6.154717322901285e-06,0.04913847709898712,138018496.97623032,527577997.76141953,6594724972.017744,527577997.76141953
180,Французский сплайн,0.12045375626520594,0.0005073203006029493,0.049106024474326944,137929978.47249353,527480515.46052754,6593506443.256594,527480515.46052754
181,Бета-калибровка,0.0022394915282122913,0.05459622812876534,0.04889983042157051,137330283.75593865,547517010.3732207,6843962629.665258,547517010.3732207
181,Изотоническая регрессия,0.4501653077806535,6.0783465058824516e-05,0.04895279939851922,137501287.4308014,521430797.209442,6517884965.118025,521430797.209442
181,Логит-калибровка,0.006461912823659713,0.0722311779874601,0.048955497927844434,137486620.3805583,541403681.4454863,6767546018.06858,541403681.4454863
181,Монотонный сплайн,0.3331227702166697,0.0002755846269762522,0.049031839491666805,137720028.61853033,525062460.2428932,6563280753.036165,525062460.2428932
181,Французский сплайн,0.27546287185140966,0.0031381263620660913,0.048997658130750237,137627186.25062788,524957761.36074656,6561972017.009333,524957761.36074656
182,Бета-калибровка,0.011374549467809716,0.016736261381590452,0.048625039269900826,136558560.28558952,548070937.4734037,6850886718.417546,548070937.4734037
182,Изотоническая регрессия,0.5783934583968992,1.4380497612350715e-07,0.048725377687747845,136861639.49827105,522028267.8676975,6525353348.346218,522028267.86769754
182,Логит-калибровка,0.030018647154585715,0.008898905950654307,0.04870792078505943,136791324.7327609,541967448.3216672,6774593104.020841,541967448.3216672
182,Монотонный сплайн,0.30345518959410933,8.152716223574407e-08,0.04877444027532181,136996374.14583266,525888260.73716426,6573603259.214553,525888260.73716426
182,Французский сплайн,0.3763195057646236,6.585001267040143e-05,0.048741412766200816,136906535.41733888,525787567.46805334,6572344593.350666,525787567.46805334
183,Бета-калибровка,0.01137924480904071,0.0502324658197145,0.04969934595774359,139575643.18772712,549030818.4730871,6862885230.9135895,549030818.4730871
183,Изотоническая регрессия,0.49319002923575883,0.0004045192341355478,0.04985785006733713,140041476.92910957,523440702.357389,6543008779.467361,523440702.357389
183,Логит-калибровка,0.030105288458748485,0.030251453070737785,0.04974179266665008,139694850.52502006,543013561.9704195,6787669524.630243,543013561.9704195
183,Монотонный сплайн,0.47772228637094194,0.0016744342660845255,0.049876720240236004,140091582.3780435,527185712.7437329,6589821409.296661,527185712.7437329
183,Французский сплайн,0.12839288366611357,0.000517399437347485,0.04984647229318921,140009505.814219,527064439.1356796,6588305489.195995,527064439.1356796
184,Бета-калибровка,0.0046601017434200216,0.018689094303053436,0.04950464106910216,139028833.9784665,551243140.3939772,6890539254.924715,551243140.3939772
184,Изотоническая регрессия,0.48936710248050935,7.93011435483007e-06,0.0495597205776719,139204329.67033377,525779435.73305064,6572242946.663134,525779435.73305064
184,Логит-калибровка,0.017899676658996107,0.010074152591549207,0.049579293295088346,139238487.2899261,545330611.1382954,6816632639.228691,545330611.1382953
184,Монотонный сплайн,0.47681915051253565,3.658685376765416e-05,0.04961061989172419,139344539.35545665,529633377.5965744,6620417219.95718,529633377.5965744
184,Французский сплайн,0.1274683316810017,7.713240636422231e-05,0.04959274746483622,139297091.44736364,529489383.5354089,6618617294.192612,529489383.5354089
185,Бета-калибровка,0.003355331646808361,0.01803559780153186,0.04946970536649755,138930720.55127174,550607254.3543127,6882590679.428907,550607254.3543127
185,Изотоническая регрессия,0.3800630184217792,8.727735801963969e-07,0.049582324756174405,139268887.6452402,525113059.4926667,6563913243.658335,525113059.4926667
185,Логит-калибровка,0.006412218025445927,0.009681563351611789,0.04954194483850379,139133597.88445407,544604675.3809052,6807558442.261313,544604675.3809052
185,Монотонный сплайн,0.22892928715147964,4.346645880522838e-06,0.04959303033989567,139295964.43635073,528753731.24216473,6609421640.52706,528753731.24216473
185,Французский сплайн,0.09570814422413235,7.754830992319047e-05,0.04955844980552171,139201841.1198106,528610841.03973323,6607635512.996666,528610841.03973323
186,Бета-калибровка,0.002237648837692744,0.017504812344161996,0.049558765206790055,139180836.2067492,549630772.8365571,6870384660.4569645,549630772.8365571
186,Изотоническая регрессия,0.565789555080404,9.953121256274298e-07,0.0496590338626625,139483121.49990138,523962776.09544194,6549534701.193024,523962776.09544194
186,Логит-калибровка,0.006437159621225395,0.009361359001545933,0.04961848217266679,139348545.3337174,543603341.7766486,6795041772.208108,543603341.7766486
186,Монотонный сплайн,0.373863889369352,5.3293378497403495e-06,0.04969424985684802,139579190.7650938,527639540.1071055,6595494251.338819,527639540.1071055
186,Французский сплайн,0.2451752153465666,7.304985879935918e-05,0.049661802117030855,139490812.87633848,527521180.7316073,6594014759.145091,527521180.7316073
187,Бета-калибровка,0.011374535445939802,0.02335355238972337,0.049184982117708706,138131103.7793731,548087532.9999413,6851094162.499268,548087532.9999413
187,Изотоническая регрессия,0.198257501164471,5.984153763694746e-05,0.04918332223564251,138145936.96657842,522522160.2608994,6531527003.261243,522522160.2608994
187,Логит-калибровка,0.030014426158081815,0.03182288577230721,0.04922148763447243,138233625.87265238,542064301.4982109,6775803768.727636,542064301.4982109
187,Монотонный сплайн,0.2842340759428721,4.235922491267228e-05,0.049298582140074175,138467015.86123458,526234544.7594843,6577931809.493553,526234544.7594843
187,Французский сплайн,0.2428063737115494,0.0034055524070791374,0.04927871302893181,138413934.37934464,526071285.0932645,6575891063.665806,526071285.0932645
188,Бета-калибровка,0.01120104034498224,0.01728657013464667,0.04865226581623097,136635023.31830308,548842017.937429,6860525224.217861,548842017.937429
188,Изотоническая регрессия,0.4351432710960276,1.0468835747724706e-06,0.04866135897234244,136681968.93792647,523258260.64158404,6540728258.0198,523258260.64158404
188,Логит-калибровка,0.029959179786830818,0.00922990532047267,0.048726305293796755,136842955.7870988,542825885.7504581,6785323571.880728,542825885.7504581
188,Монотонный сплайн,0.41736770023578373,5.4208571639669285e-06,0.048763283959056714,136965526.24167845,526979381.40799326,6587242267.5999155,526979381.40799326
188,Французский сплайн,0.12185533431604868,7.1511582776331e-05,0.04873792930610863,136897062.0500902,526847402.1535869,6585592526.919836,526847402.1535869
189,Бета-калибровка,0.00027834502751080943,0.017775615551106613,0.048904507914478756,137343420.02702215,549117864.7518792,6863973309.39849,549117864.7518792
189,Изотоническая регрессия,0.47273288916083644,1.0201890262740564e-06,0.049064303970941275,137813480.0719915,523814227.6468102,6547677845.585128,523814227.64681023
189,Логит-калибровка,0.0008785510277591323,0.009522505593158759,0.04896297438032262,137507617.24969804,543117391.9460214,6788967399.325268,543117391.9460214
189,Монотонный сплайн,0.4111261025284514,5.437546520198764e-06,0.04913849234913744,138019373.35759664,527233942.653487,6590424283.168588,527233942.653487
189,Французский сплайн,0.08850470918863321,7.18726926404562e-05,0.04909476543099982,137899024.93857235,527144080.865041,6589301010.813013,527144080.865041
190,Бета-калибровка,0.0018133666035476776,0.005175874697625065,0.048785570636263036,137009396.5748811,547677829.5782055,6845972869.727568,547677829.5782055
190,Изотоническая регрессия,0.47606486579103086,1.3192747237617865e-08,0.04892146749642789,137412577.31696808,521840027.37540853,6523000342.192607,521840027.37540853
190,Логит-калибровка,0.007968755327000794,0.002440238042234037,0.048840934664025434,137164880.91044903,541629224.4436004,6770365305.545006,541629224.4436004
190,Монотонный сплайн,0.4782342287646176,7.18493533041235e-08,0.04896032369426357,137518987.43027776,525612157.1651618,6570151964.564523,525612157.1651618
190,Французский сплайн,0.12224721574876196,8.041161235619772e-06,0.04892482835150591,137422061.71599025,525482122.6620307,6568526533.275383,525482122.6620307
191,Бета-калибровка,0.0002738682145759137,0.005454258442080992,0.048492052666572354,136185080.7088018,548795305.3154601,6859941316.443251,548795305.3154601
191,Изотоническая регрессия,0.3605259738672544,1.281850336227479e-07,0.04855808888183698,136391586.41575095,523133623.48851186,6539170293.606399,523133623.48851186
191,Логит-калибровка,0.0008618018756359932,0.0025867140929729466,0.04858269404352786,136439637.95184362,542722389.8278011,6784029872.847513,542722389.8278011
191,Монотонный сплайн,0.5845053558709575,6.750469860009853e-07,0.04856888647896319,136418905.9587024,526787499.4676844,6584843743.346055,526787499.4676844
191,Французский сплайн,0.08810693685333398,8.408056686217996e-06,0.04854248766142356,136347693.099526,526677435.7597793,6583467946.997241,526677435.7597793
192,Бета-калибровка,0.0013851151343165276,0.047208596137057544,0.048713006354650146,136805607.0463995,547747194.5530777,6846839931.913471,547747194.5530777
192,Изотоническая регрессия,0.3721555418551674,9.157790667356746e-06,0.048809064974475486,137097504.07431692,521886422.7416602,6523580284.270752,521886422.7416602
192,Логит-калибровка,0.006317990815569201,0.02819800694269809,0.04877509392098665,136979973.7676989,541675487.7441051,6770943596.801313,541675487.7441051
192,Монотонный сплайн,0.19938290299508155,4.4467757885198446e-05,0.048900916042534874,137352480.6400733,525393017.4189079,6567412717.736348,525393017.4189079
192,Французский сплайн,0.11701693930455259,0.0004841717801206013,0.048861420379246255,137244462.98295304,525291033.6118506,6566137920.148132,525291033.6118506
193,Бета-калибровка,0.0011807181158821854,0.048533329797242036,0.04802048865275792,134860740.33240536,546934249.0782635,6836678113.478292,546934249.0782635
193,Изотоническая регрессия,0.4934967814371665,9.5631117643939e-06,0.04813650482685674,135207609.7557445,520785199.7958621,6509814997.448276,520785199.7958621
193,Логит-калибровка,0.00550849609990086,0.029093243244794134,0.048078577732881614,135023877.70502472,540833767.2734444,6760422090.9180565,540833767.2734444
193,Монотонный сплайн,0.44531663832042273,4.5818238809359305e-05,0.048172608928897076,135305891.9248973,524495826.81808186,6556197835.226023,524495826.81808186
193,Французский сплайн,0.12258823062347816,0.0004951677433656654,0.04813663490720791,135207973.0690388,524416388.55834013,6555204856.979252,524416388.55834013
194,Бета-калибровка,0.0023307320572019154,0.0058170209084677455,0.0484953409879067,136194315.63043717,547705753.1049354,6846321913.811694,547705753.1049354
194,Изотоническая регрессия,0.2702205975950306,1.3666111950052425e-07,0.04859714426890618,136501389.1647961,521573714.1051849,6519671426.314812,521573714.1051849
194,Логит-калибровка,0.009905925504099043,0.008148167676448508,0.04856601646861783,136392800.65046632,541617336.0960971,6770216701.201214,541617336.0960971
194,Монотонный сплайн,0.15991730458876008,7.366445718665375e-07,0.04862421172722785,136574763.15507898,525231005.94949436,6565387574.368679,525231005.94949436
194,Французский сплайн,0.24404036600616577,6.579060744794193e-05,0.04859307728721558,136489930.9196941,525138872.77290744,6564235909.661343,525138872.77290744
195,Бета-калибровка,0.000854925945106744,0.02343660350346387,0.04883095140522465,137136843.9264329,547263122.3218737,6840789029.023422,547263122.3218737
195,Изотоническая регрессия,0.475701317836715,9.742404882444961e-06,0.04888457129162072,137308360.01538765,521253767.39984566,6515672092.498071,521253767.39984566
195,Логит-калибровка,0.0036862261234344687,0.02786036475597005,0.04887541445956584,137261713.96824473,541233348.0173733,6765416850.217167,541233348.0173733
195,Монотонный сплайн,0.2764695206821284,6.564477388908456e-06,0.048955900299895466,137506211.5619993,525093097.33805215,6563663716.725653,525093097.33805215
195,Французский сплайн,0.12011845655112621,0.0004734316313329588,0.04893571593637279,137452057.14827207,524943467.556782,6561793344.459775,524943467.556782
196,Бета-калибровка,0.0007778134217483106,0.01668274986629714,0.0491751780468603,138103570.02680248,550173031.3926079,6877162892.4076,550173031.3926079
196,Изотоническая регрессия,0.4430606808475469,1.2397051230512919e-06,0.049401468960970474,138759656.62998948,524594913.46248674,6557436418.281084,524594913.46248674
196,Логит-калибровка,0.0038367013617662364,0.008866821647660034,0.0492543533133395,138325925.84518266,544210164.3824248,6802627054.78031,544210164.3824248
196,Монотонный сплайн,0.3817800643471935,8.035254082590352e-07,0.049434680597412295,138849975.64299756,528239077.9374251,6602988474.2178135,528239077.9374251
196,Французский сплайн,0.2754026936864371,6.556831784391496e-05,0.04939277899842335,138735185.91367936,528094918.95385134,6601186486.9231415,528094918.95385134
197,Бета-калибровка,0.006959182588298625,0.005987778319066665,0.04950482027571318,139029337.2623129,550517354.0535998,6881466925.669997,550517354.0535998
197,Изотоническая регрессия,0.4909408238443846,0.00035461193466184977,0.04961969593421676,139373003.66165435,525234108.27836514,6565426353.479565,525234108.2783652
197,Логит-калибровка,0.02512682390795367,0.008407816669401496,0.049580036415910966,139240574.27044436,544533537.6930476,6806669221.163095,544533537.6930476
197,Монотонный сплайн,0.47605403499916893,0.0015790361760623462,0.04962513922890194,139385416.28686792,528929443.52281344,6611618044.035168,528929443.52281344
197,Французский сплайн,0.12441338047556505,0.0034201144962256983,0.049597993802167555,139311887.33511093,528771447.9025816,6609643098.782269,528771447.9025816
198,Бета-калибровка,0.0011842795984433742,0.012960396443146132,0.04960348114488425,139306416.44729292,549264572.864455,6865807160.805687,549264572.864455
198,Изотоническая регрессия,0.44915313640595067,7.657468294716137e-06,0.04970827236357924,139622598.90587595,523598509.3784331,6544981367.230414,523598509.3784331
198,Логит-калибровка,0.005520655210106962,0.018860401894644507,0.04964855754757366,139433009.01660585,543250280.2847241,6790628503.5590515,543250280.2847241
198,Монотонный сплайн,0.3523442583999473,3.7713353320325453e-05,0.04973689130238548,139699859.21321756,527297149.17479753,6591214364.684969,527297149.17479753
198,Французский сплайн,0.1247016739141058,0.0005346585249148314,0.049709885723763045,139627047.47209784,527156866.52206707,6589460831.525839,527156866.52206707
199,Бета-калибровка,0.0008016741270342299,0.016442293071286904,0.04895037298821937,137472227.5001153,548441857.7546597,6855523221.933247,548441857.7546597
199,Изотоническая регрессия,0.4054793841570249,1.3035742657811639e-06,0.04905980067641542,137799995.81964505,522599000.06625164,6532487500.828146,522599000.06625164
199,Логит-калибровка,0.003972439666808053,0.00872459358741744,0.04901518715642929,137654251.61011603,542402540.3019185,6780031753.77398,542402540.3019185
199,Монотонный сплайн,0.3620595883116113,6.333477515779766e-06,0.049148680182628635,138046725.0258395,526319315.36916775,6578991442.114597,526319315.36916775
199,Французский сплайн,0.2428671977412456,6.481895203447223e-05,0.049113954182632674,137951993.3254364,526184822.4711712,6577310280.889641,526184822.4711712
200,Бета-калибровка,0.016570448154509858,0.005146727783579225,0.049224954468543185,138243362.1294567,549023493.8605084,6862793673.256355,549023493.8605084
200,Изотоническая регрессия,0.28469504100334886,1.7291671832252167e-08,0.04938430925722783,138711226.11799866,523192873.75749123,6539910921.96864,523192873.75749123
200,Логит-калибровка,0.02995515025229404,0.0024241629100110822,0.049275903035857105,138386446.08590108,543066871.2837753,6788335891.047192,543066871.2837753
200,Монотонный сплайн,0.23620484091255128,9.343870850544528e-08,0.049426600245474406,138826983.49154383,526826334.4561532,6585329180.701915,526826334.4561532
200,Французский сплайн,0.12435200542855251,7.600280894473244e-06,0.049392538586502166,138734276.19473898,526719349.57456267,6583991869.682034,526719349.57456267
201,Бета-калибровка,0.0016775814671524572,0.0049777531888310295,0.04888805972619011,137297226.9350323,547638030.163326,6845475377.041576,547638030.163326
201,Изотоническая регрессия,0.8174699457892409,1.4247971603960738e-08,0.049000632049194616,137634903.04695818,521704144.9044362,6521301811.305452,521704144.9044362
201,Логит-калибровка,0.007504204612120419,0.002335860034505053,0.04894153261179835,137447400.18697447,541588354.2196686,6769854427.745859,541588354.2196686
201,Монотонный сплайн,0.6854471661833421,8.166759135820478e-08,0.04900744631908278,137651193.92313433,525483616.08868474,6568545201.108559,525483616.08868474
201,Французский сплайн,0.44426104100619523,7.650214638522021e-06,0.048984655103576885,137589855.92138907,525347606.5939981,6566845082.424975,525347606.593998
202,Бета-калибровка,0.0002784662578401468,0.004766615464666688,0.04873136526781558,136857166.21813327,547437205.4435532,6842965068.044415,547437205.4435532
202,Изотоническая регрессия,0.3864175377289111,1.6273168150602218e-07,0.048729080882605115,136872278.75070822,520914991.9158163,6511437398.947703,520914991.9158163
202,Логит-калибровка,0.0008789688492608105,0.0022254186175703137,0.0487923906251598,137028549.83169878,541344102.581139,6766801282.264237,541344102.581139
202,Монотонный сплайн,0.3785721562551111,8.598596336135098e-07,0.048808483908259495,137092168.228904,524840031.8468795,6560500398.085994,524840031.8468795
202,Французский сплайн,0.08852972081021945,7.0117859116876635e-06,0.04878581667524645,137031599.26057994,524721816.9938889,6559022712.423611,524721816.9938889
203,Бета-калибровка,0.0014285705092473727,0.04988208655036723,0.04974694757234023,139709327.5621603,551588374.2846023,6894854678.557529,551588374.2846023
203,Изотоническая регрессия,0.21323243220138494,5.7368947868240905e-05,0.04982877020365488,139959928.63994437,526079682.36850536,6575996029.606317,526079682.36850536
203,Логит-калибровка,0.006537143556963396,0.030018028526096092,0.049828202096329544,139937522.76733187,545684019.0652165,6821050238.315207,545684019.0652165
203,Монотонный сплайн,0.28867588069348676,4.080743022406794e-05,0.04983429695678524,139972407.85853583,529810811.54185045,6622635144.27313,529810811.54185045
203,Французский сплайн,0.2205203246954024,0.000530317134783372,0.04981846983558189,139930885.1464587,529672948.1277017,6620911851.596271,529672948.1277017
204,Бета-калибровка,0.0012606135294923972,0.09689465524533286,0.04941128866264365,138766663.08016843,549517864.808743,6868973310.109286,549517864.808743
204,Изотоническая регрессия,0.47082189104213357,8.980733870560233e-06,0.049579276583371544,139258891.95674065,523705573.0654951,6546319663.318689,523705573.06549513
204,Логит-калибровка,0.005808597581327261,0.06267544583478234,0.04948055546498767,138961191.9678714,543490630.7649693,6793632884.562117,543490630.7649693
204,Монотонный сплайн,0.2256484732733928,4.3470470654248134e-05,0.04957180868944367,139235017.0471564,527452107.0369439,6593151337.961798,527452107.0369439
204,Французский сплайн,0.1725730466489704,0.0025747622126850588,0.04953665457554961,139139116.70199782,527363157.48764443,6592039468.595556,527363157.48764443
205,Бета-калибровка,0.00337124790569616,0.023432407716361677,0.04783755342366559,134346985.03502244,547348226.675791,6841852833.447388,547348226.675791
205,Изотоническая регрессия,0.3368554227929563,1.228143243781387e-06,0.047921769492748956,134606101.84343615,521592726.33811665,6519909079.226458,521592726.33811665
205,Логит-калибровка,0.006414623107099646,0.028007398099973067,0.04791835878479759,134573918.81122556,541258100.8709077,6765726260.886346,541258100.8709077
205,Монотонный сплайн,0.3677859680083331,6.251562692492287e-06,0.048034816806562616,134920593.16556948,525176163.3330036,6564702041.662545,525176163.3330035
205,Французский сплайн,0.18197591192734705,0.00047446742188791746,0.047993259349499044,134806659.08499488,525077949.76419795,6563474372.052474,525077949.76419795
206,Бета-калибровка,0.002237658108743791,0.017029893274102696,0.04903676088881031,137714839.2801349,548461796.6631343,6855772458.289179,548461796.6631343
206,Изотоническая регрессия,0.2361582696017116,1.1935182225000763e-06,0.04918056152617515,138140814.99011028,522515818.87280273,6531447735.910034,522515818.87280273
206,Логит-калибровка,0.006438059337557786,0.009074876452246064,0.04909308857839385,137873029.9635613,542422866.8384153,6780285835.480191,542422866.8384153
206,Монотонный сплайн,0.25170149553944676,5.696393247908946e-06,0.04916647284497452,138098669.07801127,526198388.4279963,6577479855.349955,526198388.4279963
206,Французский сплайн,0.13222054823512797,6.695811937464928e-05,0.04913607543277762,138015772.89949602,526110632.00947475,6576382900.118435,526110632.00947475
207,Бета-калибровка,0.0046809459953414765,0.005833946326056726,0.04931332461350332,138491540.84456274,549038355.1693337,6862979439.616671,549038355.1693337
207,Изотоническая регрессия,0.49153586347776707,1.059870593303088e-06,0.04943458524432953,138851942.80017507,523881630.1735033,6548520377.168791,523881630.1735033
207,Логит-калибровка,0.017956133568871716,0.002788626580170437,0.049346315180438964,138584191.55274478,543087860.8395936,6788598260.49492,543087860.8395936
207,Монотонный сплайн,0.3840305409534447,5.012837674900713e-06,0.049448000428026176,138886968.64782035,527659543.2228118,6595744290.285147,527659543.2228118
207,Французский сплайн,0.11717578381937177,9.213114442654282e-06,0.04942871621677188,138835434.49779314,527488918.04428875,6593611475.55361,527488918.04428875
208,Бета-калибровка,0.01614030710438751,0.050753263460868885,0.048861930140624836,137223844.6069308,549821824.798568,6872772809.982101,549821824.798568
208,Изотоническая регрессия,0.5305209641735377,8.583439208890859e-07,0.04891630684255121,137398682.1366208,524383154.3513838,6554789429.392298,524383154.3513838
208,Логит-калибровка,0.029922953884051032,0.030615256173315425,0.04894783089093598,137465088.27410462,543741228.2237351,6796765352.796688,543741228.2237351
208,Монотонный сплайн,0.3675795067371596,4.405611685463395e-06,0.049041838089394364,137748171.73243403,527879836.11181366,6598497951.397671,527879836.11181366
208,Французский сплайн,0.1805393156288761,0.0005548079448873165,0.048991502334124616,137609683.6000719,527776597.9033533,6597207473.791915,527776597.9033533
209,Бета-калибровка,0.0011304145830892893,0.016866794304678842,0.04873275978737161,136861082.58685443,548153676.0791028,6851920950.988784,548153676.0791028
209,Изотоническая регрессия,0.5365264036066885,1.159329665254567e-06,0.04885118809191195,137215204.63732553,522017215.94800115,6525215199.350014,522017215.94800115
209,Логит-калибровка,0.005325323935050033,0.00897686727820671,0.04880415179894597,137061579.9121599,542046910.1647242,6775586377.059053,542046910.1647242
209,Монотонный сплайн,0.6018205040218113,7.217371420623859e-07,0.04885309717732195,137217675.30717933,525775203.33822984,6572190041.727873,525775203.33822984
209,Французский сплайн,0.2754251994994161,6.6984128715749e-05,0.048816356693259906,137117277.93558046,525709946.19950557,6571374327.493819,525709946.19950557
210,Бета-калибровка,0.011381209627912638,0.05004148712102838,0.04863120139584151,136575866.0000813,548169623.0463282,6852120288.079102,548169623.0463282
210,Изотоническая регрессия,0.33430943082562015,6.424504112386713e-05,0.04868157178699176,136737897.4065877,522410128.729014,6530126609.112675,522410128.729014
210,Логит-калибровка,0.03012524039959997,0.030123593951453084,0.04868627203571109,136730526.385091,542126490.9170177,6776581136.462721,542126490.9170177
210,Монотонный сплайн,0.35467144598464606,0.00027953290870095425,0.04879691002893878,137058937.32532525,525923874.0452482,6574048425.565603,525923874.0452482
210,Французский сплайн,0.12603935289239923,0.0005241886285318088,0.04876293390823718,136966297.22558677,525817832.24819124,6572722903.10239,525817832.2481912
211,Бета-калибровка,0.001369931433645353,0.05085165258627927,0.049575750052368354,139228536.44707128,549130460.5113102,6864130756.391378,549130460.5113102
211,Изотоническая регрессия,0.4189192517758391,9.843374461598458e-07,0.049695145224870445,139585373.84952614,523741626.89431214,6546770336.178902,523741626.89431214
211,Логит-калибровка,0.00626685835802498,0.030679523437324652,0.049623056364139356,139361391.49304897,543131613.2833283,6789145166.041603,543131613.2833283
211,Монотонный сплайн,0.4766951953179733,5.004904506857365e-06,0.049745332720785025,139723709.86831233,527321752.49038416,6591521906.129803,527321752.49038416
211,Французский сплайн,0.11908207250052427,0.0005441527271420248,0.04971797208507441,139649515.2156422,527167127.61071384,6589589095.133924,527167127.61071384
212,Бета-калибровка,0.002238662822857801,0.02356729636770461,0.047982344421116124,134753616.07226256,548008851.8540133,6850110648.175166,548008851.8540133
212,Изотоническая регрессия,0.3293724253887522,5.49629747984765e-05,0.048074814924059094,135034718.63272753,522772855.4808624,6534660693.51078,522772855.4808624
212,Логит-калибровка,0.006454523479529869,0.03213737136833591,0.04806040238375022,134972834.05452415,541946170.4100705,6774327130.125881,541946170.4100705
212,Монотонный сплайн,0.3655549299744011,0.0002557172608100979,0.04817751651767881,135320091.7807979,526336001.5401784,6579200019.25223,526336001.5401784
212,Французский сплайн,0.2450744694746318,0.0033742834609129437,0.04813925525670109,135215583.25532705,526186106.8403711,6577326335.504639,526186106.8403711
213,Бета-калибровка,4.59730605301997e-05,0.05080362378604555,0.04921995683573435,138229326.77747637,548581540.0711563,6857269250.889452,548581540.0711563
213,Изотоническая регрессия,0.4849847767703825,1.0305336664911547e-06,0.049300438592006,138475564.14178967,522840604.30551505,6535507553.818937,522840604.30551505
213,Логит-калибровка,0.0003271538935675604,0.030646751586778626,0.04925811797489453,138336498.52069378,542601152.9904156,6782514412.380196,542601152.9904156
213,Монотонный сплайн,0.24888271829237715,5.2041722663816485e-06,0.049369784538290176,138667443.5716591,526521049.7960355,6581513122.450444,526521049.7960355
213,Французский сплайн,0.14029340316359185,0.00054311373813411,0.04934596686744908,138603407.85416588,526368114.4413954,6579601430.517443,526368114.4413954
214,Бета-калибровка,0.0022875990545540206,0.0049887646142464355,0.04927581021971754,138386185.42105475,548533368.0863469,6856667101.079335,548533368.0863469
214,Изотоническая регрессия,0.4701452802754619,1.2227655205657706e-06,0.049385177348469485,138715458.06544173,522766481.35448754,6534581016.931094,522766481.35448754
214,Логит-калибровка,0.008697045032490445,0.0023416360454191886,0.04933730305830405,138558881.90894112,542475565.2217059,6780944565.271324,542475565.2217059
214,Монотонный сплайн,0.3335866840361609,6.0691868584235925e-06,0.04947623854329643,138968100.1025914,526306104.0353873,6578826300.442341,526306104.0353873
214,Французский сплайн,0.2913654397239011,7.512832118437353e-06,0.049437265443383824,138861606.06638855,526198970.20304775,6577487127.538097,526198970.20304775
215,Бета-калибровка,0.015191231561734474,0.005346464729196543,0.05002142602236936,140480172.8412221,549916994.6417911,6873962433.022388,549916994.6417911
215,Изотоническая регрессия,0.3796097857086409,1.0855708218529488e-06,0.05001002336520887,140469677.6188526,523929747.38229966,6549121842.278746,523929747.38229966
215,Логит-калибровка,0.029867072561722233,0.002529967568830536,0.05007617069162564,140633917.77036148,543940928.515577,6799261606.444712,543940928.515577
215,Монотонный сплайн,0.34542255577529324,5.679338964140173e-06,0.050044987172274784,140564989.51342815,527696921.08351994,6596211513.543999,527696921.08351994
215,Французский сплайн,0.2163349909399572,8.387409025901307e-06,0.05003822916699097,140548751.8414784,527576998.12706155,6594712476.58827,527576998.12706155
216,Бета-калибровка,0.002051325939196309,0.0052127504500345395,0.04906333503433198,137789470.11041796,549556820.4063002,6869460255.0787525,549556820.4063003
216,Изотоническая регрессия,0.34307917109417163,1.506599400987062e-08,0.049107860505167675,137934727.84271294,523345943.1343223,6541824289.1790285,523345943.1343223
216,Логит-калибровка,0.008872043843408044,0.002459001656656294,0.049147681710065595,138026349.31454825,543547958.7877142,6794349484.846428,543547958.7877142
216,Монотонный сплайн,0.305538288291973,8.853402576552293e-08,0.04915575368787347,138066729.88933772,526947576.3003268,6586844703.754086,526947576.3003268
216,Французский сплайн,0.13401643949354108,7.902932734021697e-06,0.04913269632539579,138004501.52859646,526930481.7662153,6586631022.077692,526930481.7662153
217,Бета-калибровка,7.619889811539133e-05,0.016731868191836148,0.04858745468121426,136453007.7267221,549485338.1549125,6868566726.936405,549485338.1549125
217,Изотоническая регрессия,0.32806027034938334,1.1665167662976885e-06,0.04868449852793266,136747552.0658461,523554836.57745564,6544435457.218195,523554836.57745564
217,Логит-калибровка,0.0005084200445208393,0.022735143992995317,0.04869619368737622,136758390.35162738,543427257.110539,6792840713.881738,543427257.110539
217,Монотонный сплайн,0.30365514528418625,6.288889378672347e-06,0.04871206724933165,136821841.6289848,527166823.3659464,6589585292.074329,527166823.3659464
217,Французский сплайн,0.1173428240279641,0.0004857291195725977,0.04867613630180395,136724013.42267162,527048263.16909724,6588103289.613715,527048263.16909724
218,Бета-калибровка,0.016566794050440505,0.016487571860545964,0.04880848332091479,137073744.5584571,548463952.9593532,6855799411.991914,548463952.9593531
218,Изотоническая регрессия,0.3375384981705539,1.3352161138172743e-07,0.048844725673403006,137197055.58118498,522790810.1331926,6534885126.664907,522790810.13319266
218,Логит-калибровка,0.02995367380950495,0.008751439044076423,0.048885162314354816,137289089.84363407,542451342.7472004,6780641784.340005,542451342.7472004
218,Монотонный сплайн,0.4885575428892858,7.127169303683677e-07,0.04894903773080476,137486772.4227004,526313149.8087468,6578914372.609335,526313149.8087468
218,Французский сплайн,0.3177616740295896,6.575884203139816e-05,0.04892495820473593,137422221.92002606,526181938.4973303,6577274231.21663,526181938.4973303
219,Бета-калибровка,0.004657846266335742,0.017879775665801848,0.04924037972974389,138286682.43301275,549214537.3536397,6865181716.920496,549214537.3536397
219,Изотоническая регрессия,0.6638557207886163,1.065251330847347e-07,0.049274504911435923,138403927.99327666,523680118.94016576,6546001486.752071,523680118.9401658
219,Логит-калибровка,0.017893740311463936,0.009586188147269695,0.04930613701580961,138471355.19519967,543157617.3059231,6789470216.324038,543157617.3059231
219,Монотонный сплайн,0.32408885215358624,5.970053572187652e-07,0.04939780870886173,138747236.74821478,527179106.12698585,6589738826.587323,527179106.12698585
219,Французский сплайн,0.2231119181546567,7.38604322884145e-05,0.049360383283517204,138645037.33742577,527079885.0323787,6588498562.904734,527079885.0323787
220,Бета-калибровка,0.007003583402811531,0.051916745523431417,0.049869664286133895,140053965.18117845,551578895.7047105,6894736196.308881,551578895.7047105
220,Изотоническая регрессия,0.4943926454731665,7.445354699529833e-06,0.05002561576735947,140512749.72105235,526691893.38115704,6583648667.264463,526691893.38115704
220,Логит-калибровка,0.025247910535357042,0.03140919331128771,0.04992576968489636,140211531.58306292,545738375.2699082,6821729690.873853,545738375.2699082
220,Монотонный сплайн,0.3477042313566769,3.583027088893447e-05,0.05005524499999722,140593402.09506,530570448.5648508,6632130607.060635,530570448.5648508
220,Французский сплайн,0.12239918718440143,0.0005572986805538942,0.050030298889787585,140525939.2105723,530348060.2016023,6629350752.520029,530348060.2016023
221,Бета-калибровка,6.477198206568979e-05,0.017661720321813148,0.04950861948414252,139040006.95926586,550961184.7170452,6887014808.963064,550961184.7170452
221,Изотоническая регрессия,0.3861763373273527,7.718911003282188e-06,0.04963272088050614,139409224.12081343,525940855.96960366,6574260699.620045,525940855.96960366
221,Логит-калибровка,0.00038317292153012346,0.009455394236442885,0.04959076828408327,139270713.64901948,544986074.2542408,6812325928.178008,544986074.2542408
221,Монотонный сплайн,0.23053981461866105,4.0025808261774605e-05,0.049693917272140786,139578303.92088434,529689871.5550264,6621123394.437829,529689871.5550264
221,Французский сплайн,0.15048962511631087,7.326020725778431e-05,0.04965775296240476,139479438.11980554,529513762.54214686,6618922031.776836,529513762.54214686
222,Бета-калибровка,0.008853057307379515,0.04769017879022784,0.048397257953888724,135918859.23770112,548917528.692349,6861469108.654362,548917528.692349
222,Изотоническая регрессия,0.8111115158690869,1.1394301972886182e-06,0.04849465191267105,136213669.2315454,523675117.4406868,6545938968.008585,523675117.4406868
222,Логит-калибровка,0.030017954177069626,0.028525862793760456,0.04848527832789481,136166055.6560598,542881933.898412,6786024173.73015,542881933.898412
222,Монотонный сплайн,0.5146728778701168,6.09714339718457e-06,0.048613292181316395,136543954.3777916,527263442.9171215,6590793036.464018,527263442.9171215
222,Французский сплайн,0.4448011392423749,0.0004948070417806087,0.04857029756804393,136425865.84970415,527161265.76671267,6589515822.083908,527161265.76671267
223,Бета-калибровка,0.0007059641900345351,0.04791672552273706,0.04885464702160987,137203390.69548917,548869198.0544422,6860864975.680527,548869198.0544422
223,Изотоническая регрессия,0.46973758302798596,8.545994100603324e-06,0.04901039672173721,137661967.35332674,523193050.06367874,6539913125.795985,523193050.0636788
223,Логит-калибровка,0.0035449835692756247,0.028680502931057998,0.0489224139864411,137393707.4395212,542872069.676614,6785900870.957676,542872069.676614
223,Монотонный сплайн,0.43798269562119163,4.374028183011916e-05,0.04899917808569751,137627826.0321493,526963775.66919076,6587047195.864885,526963775.66919076
223,Французский сплайн,0.10358834952017495,0.0004992048425837768,0.048973608234721216,137558569.24238065,526831903.5741117,6585398794.676395,526831903.5741117
224,Бета-калибровка,0.0007554778856597962,0.005594130418745573,0.04980464940769806,139871377.3965792,550395745.3717477,6879946817.146845,550395745.3717477
224,Изотоническая регрессия,0.41382169752714326,1.188235208675356e-07,0.049899610563528804,140158637.50661427,524921933.3936976,6561524167.42122,524921933.3936976
224,Логит-калибровка,0.00374801592723814,0.0026611982227959996,0.04986933222236521,140053032.61329043,544420765.1326187,6805259564.157732,544420765.1326187
224,Монотонный сплайн,0.48917730465192555,6.044720246215614e-07,0.04993933108908421,140267733.76420057,528600307.87685144,6607503848.460642,528600307.87685144
224,Французский сплайн,0.316751738952053,8.938913226975303e-06,0.04991359548670633,140197944.5235441,528450293.5009993,6605628668.762491,528450293.5009992
225,Бета-калибровка,0.003230754370650106,0.005288130330421026,0.04797108501756683,134721995.16333467,547379124.1740377,6842239052.175471,547379124.1740377
225,Изотоническая регрессия,0.6290022083901506,1.082293249393144e-07,0.048140565694895124,135219971.09754348,521655670.7499909,6520695884.374886,521655670.7499909
225,Логит-калибровка,0.013058559011695735,0.0024994994075996416,0.04803962494638506,134914482.6994278,541300547.3123167,6766256841.403959,541300547.3123167
225,Монотонный сплайн,0.18999454619360404,5.922360034820941e-07,0.04816669511658824,135290524.24822867,525315962.82101035,6566449535.26263,525315962.82101035
225,Французский сплайн,0.322084091599792,8.574587643743273e-06,0.04812508789144208,135176542.9338926,525185825.336454,6564822816.705675,525185825.336454
226,Бета-калибровка,0.0041361692262201055,0.049904699500765426,0.049543597106211625,139138238.11308473,549277498.5626061,6865968732.0325775,549277498.5626061
226,Изотоническая регрессия,0.4350967797612163,1.1669484180990866e-06,0.04968015516661797,139541481.76992995,523313393.06229186,6541417413.278648,523313393.06229186
226,Логит-калибровка,0.016152778751462253,0.030030934478807225,0.04958600967641616,139257349.57524717,543295862.9533619,6791198286.917023,543295862.9533619
226,Монотонный сплайн,0.3729614926660221,5.734454075883422e-06,0.04968322126968961,139547183.68587375,527239973.8045311,6590499672.556638,527239973.8045311
226,Французский сплайн,0.19283066424614928,0.0005220541278629254,0.04965572975273115,139472769.67271608,527116566.94340414,6588957086.792552,527116566.94340414
227,Бета-калибровка,0.0018193882696852183,0.09096667818420895,0.04887306569486822,137255117.6974679,547446913.1169677,6843086413.962095,547446913.1169677
227,Изотоническая регрессия,0.4128317400724897,9.342248900408118e-06,0.04899774004959429,137626661.55528066,521163929.39009416,6514549117.376177,521163929.39009416
227,Логит-калибровка,0.007987871000237203,0.0623585210932354,0.04894672173990871,137461973.33435965,541284469.6929264,6766055871.161579,541284469.6929264
227,Монотонный сплайн,0.08754850662468568,4.6358674065383364e-05,0.04901128778611772,137661514.40164393,524958407.3279592,6561980091.599489,524958407.3279592
227,Французский сплайн,0.05905828508887863,0.0024372515968171526,0.048977816317641455,137570586.09719646,524864376.2087976,6560804702.60997,524864376.2087976
228,Бета-калибровка,0.004142902033751829,0.0053137609691803235,0.048756505333310864,136927769.57807022,547679527.2075267,6845994090.094084,547679527.2075267
228,Изотоническая регрессия,0.3599284940531839,1.1494586148533867e-06,0.04878106733443262,137017320.7020206,521749803.8196598,6521872547.7457485,521749803.8196598
228,Логит-калибровка,0.01617141433560191,0.002512437770657361,0.048815781145934795,137094239.7702433,541581983.2893302,6769774791.116628,541581983.2893302
228,Монотонный сплайн,0.38470198951921486,5.860598139002595e-06,0.04889072359813257,137322532.01415086,525652269.7591577,6570653371.9894705,525652269.7591577
228,Французский сплайн,0.11749702195148666,8.140178382541269e-06,0.04885974984273126,137238271.4527145,525538634.1796104,6569232927.24513,525538634.1796104
229,Бета-калибровка,0.016550602829440982,0.01675931072357037,0.04910455300057056,137905226.64680237,548973280.4047925,6862166005.059906,548973280.4047925
229,Изотоническая регрессия,0.5411432034094137,5.8765052474534514e-05,0.04928675327709503,138438804.7033937,523641958.1757797,6545524477.197247,523641958.1757797
229,Логит-калибровка,0.02994625991623857,0.022823787753852187,0.04914866074414748,138029098.8338638,542990915.7358117,6787386446.697647,542990915.7358117
229,Монотонный сплайн,0.2606101526781324,0.00026441618232374905,0.04935474971320527,138626833.35696453,527361757.6176574,6592021970.220718,527361757.6176574
229,Французский сплайн,0.14721637978088775,0.003317111406019373,0.04930987809106308,138503738.71003264,527183243.5731032,6589790544.66379,527183243.5731032
230,Бета-калибровка,0.00919813463084386,0.054678793265989976,0.04928484998110935,138411572.68694752,549196646.9675753,6864958087.09469,549196646.9675753
230,Изотоническая регрессия,0.4663497439160748,0.0021813979945586454,0.049269704345778785,138390446.08468515,522941812.6380799,6536772657.975999,522941812.6380799
230,Логит-калибровка,0.029888516616725345,0.04876400776030428,0.04935316625224629,138603432.1028085,543109925.0750544,6788874063.438179,543109925.0750543
230,Монотонный сплайн,0.36176562623964603,0.0016671933578363207,0.049394180784110876,138737142.69497997,526708854.2518961,6583860678.148701,526708854.2518961
230,Французский сплайн,0.18033705538264966,0.017137577714773543,0.04935887605669696,138640757.2254266,526649285.9394602,6583116074.243253,526649285.93946016
231,Бета-калибровка,0.006305489063611011,0.017997538311124793,0.04976308368029822,139754644.2077495,549627578.9143107,6870344736.428884,549627578.9143107
231,Изотоническая регрессия,0.4690472022319266,9.167577450537128e-07,0.04985678175860467,140039194.29086536,523782050.1391709,6547275626.739636,523782050.1391709
231,Логит-калибровка,0.025536198089229446,0.009658051746188142,0.049811756022426955,139891335.61338383,543652310.1363587,6795653876.704483,543652310.1363587
231,Монотонный сплайн,0.3642560894734947,4.682854783655374e-06,0.04983724534762986,139981317.27724618,527713569.79304516,6596419622.413065,527713569.79304516
231,Французский сплайн,0.18739590706887904,7.565474444599537e-05,0.049820628730357766,139937651.32638794,527526196.8213419,6594077460.266773,527526196.8213419
232,Бета-калибровка,0.0008394030815428118,0.017059511521068344,0.04924380328375991,138296297.14211133,548904910.0621583,6861311375.776979,548904910.0621583
232,Изотоническая регрессия,0.5121594684898907,1.2471740463991515e-07,0.0493896711990079,138727480.59529376,522914834.89850783,6536435436.231347,522914834.89850783
232,Логит-калибровка,0.00411343302845181,0.009093204557700506,0.0492876820527519,138419526.27694842,542928790.7221444,6786609884.026805,542928790.7221445
232,Монотонный сплайн,0.6090976565917805,6.735405148452918e-07,0.04938535238419165,138712066.92599255,526717734.02802503,6583971675.350313,526717734.02802503
232,Французский сплайн,0.12272471942956188,6.952704284845936e-05,0.04935455067021146,138628721.09289044,526563029.7799987,6582037872.249984,526563029.7799987
233,Бета-калибровка,0.0033932705137432978,0.004943267262225827,0.0489837218108746,137565884.33366022,547567983.0250415,6844599787.813019,547567983.0250415
233,Изотоническая регрессия,0.6302614354208764,1.2251374341276089e-06,0.04916070711605084,138084338.26471716,521421772.54377365,6517772156.797171,521421772.5437737
233,Логит-калибровка,0.006419450890292852,0.002317806331163548,0.04903406694231006,137707273.60078356,541526150.721369,6769076884.017114,541526150.721369
233,Монотонный сплайн,0.5484579257710214,6.296397547429593e-06,0.04917791931055357,138129758.078103,525124341.9705234,6564054274.631542,525124341.97052336
233,Французский сплайн,0.2754023615931958,7.495430294112232e-06,0.04914819204619548,138049101.5791794,525008141.39761096,6562601767.470137,525008141.39761096
234,Бета-калибровка,0.01640566226326538,0.016806674346862845,0.04862267908097289,136551931.93100423,548645262.8083904,6858065785.104879,548645262.8083904
234,Изотоническая регрессия,0.6327478766061883,1.140667757118757e-06,0.04881417358922408,137110774.7079769,523204291.6747361,6540053645.934201,523204291.6747361
234,Логит-калибровка,0.029890001945431593,0.008942186418119348,0.04868421460547645,136724748.29802006,542645461.6799085,6783068270.998856,542645461.6799085
234,Монотонный сплайн,0.3842548355958233,5.840353853022531e-06,0.048817378410620595,137116626.07628945,526709066.5521254,6583863331.9015665,526709066.5521254
234,Французский сплайн,0.31613780425759075,6.791452768967749e-05,0.04877978179796055,137014044.03306428,526595258.75569284,6582440734.44616,526595258.75569284
235,Бета-калибровка,0.00028076868277466496,0.005328837246793509,0.049598435952148905,139292247.528015,549855578.86606,6873194735.825748,549855578.86606
235,Изотоническая регрессия,0.6425120364776915,1.2345637750799347e-08,0.04971883984558747,139651439.42234784,524256106.2938138,6553201328.672672,524256106.2938138
235,Логит-калибровка,0.0008870604170697681,0.00252090393131104,0.049666217954895016,139482606.50452718,543845967.1714389,6798074589.642986,543845967.1714389
235,Монотонный сплайн,0.38611152424896794,7.258278985932349e-08,0.049783116294011914,139829214.03452256,527833060.24255633,6597913253.031954,527833060.24255633
235,Французский сплайн,0.08866690529599772,8.509384283720696e-06,0.0497455246788583,139726410.1386786,527692279.077268,6596153488.465849,527692279.077268
236,Бета-калибровка,0.0027679984777482887,0.11323460177509079,0.04953751048067232,139121144.43392017,550550630.1469872,6881882876.837341,550550630.1469872
236,Изотоническая регрессия,0.5376405834636161,5.979152284444227e-05,0.04956980074945221,139232399.6247616,524548164.38602024,6556852054.825253,524548164.38602024
236,Логит-калибровка,0.006410890768653588,0.0848738248963326,0.049607784373292045,139318501.6339534,544579858.7478938,6807248234.348672,544579858.7478938
236,Монотонный сплайн,0.16055752054283084,0.00027210869723930293,0.04961353614801074,139352720.42634848,528260410.4767659,6603255130.959574,528260410.4767659
236,Французский сплайн,0.27539573034206655,0.003336828897753262,0.04959001236360534,139289190.3770111,528182487.92943513,6602281099.117939,528182487.92943513
237,Бета-калибровка,0.008862034094053981,0.12093018385160176,0.04830062329862534,135647470.4718594,547216091.0395195,6840201137.993994,547216091.0395195
237,Изотоническая регрессия,0.4923769536327807,0.0021326105188076362,0.048412898070144164,135983354.14019287,521645247.24446326,6520565590.555792,521645247.2444633
237,Логит-калибровка,0.029883636619716252,0.08130716986047991,0.04836817909617192,135837194.17368922,541105947.9427925,6763824349.284906,541105947.9427925
237,Монотонный сплайн,0.41037608190392993,0.00844239014806073,0.04853801460455839,136331895.12821728,525170776.5925051,6564634707.406314,525170776.5925051
237,Французский сплайн,0.1156362545473839,0.0032066303247981595,0.04849344608520946,136209520.6258075,525069382.72598976,6563367284.074872,525069382.72598976
238,Бета-калибровка,0.00023169287244095485,0.017152158778963984,0.048879859719087905,137274198.03508648,549150954.906725,6864386936.334063,549150954.906725
238,Изотоническая регрессия,0.4103147131577628,8.211448728741683e-06,0.0489662861603886,137538206.85283536,523304990.048486,6541312375.606075,523304990.048486
238,Логит-калибровка,0.0008795503805455233,0.009149505618704933,0.04895069473875366,137473131.10431576,543126417.6890678,6789080221.113348,543126417.6890678
238,Монотонный сплайн,0.37167602616682793,4.057808469929754e-05,0.048995092582238636,137616163.68603653,527066198.6893585,6588327483.616981,527066198.6893585
238,Французский сплайн,0.08860112655143182,7.114852543828066e-05,0.04896601278653707,137537330.4048615,526953137.3739718,6586914217.174648,526953137.3739718
239,Бета-калибровка,0.002237671177457692,0.017426797505862207,0.04820943687892933,135391382.5307851,547462088.1040697,6843276101.300871,547462088.1040697
239,Изотоническая регрессия,0.4181593726494421,8.577658233716518e-06,0.048341904993756304,135783498.7844652,521452529.4730083,6518156618.412604,521452529.4730083
239,Логит-калибровка,0.006438824202446328,0.009313323630205601,0.04827424718023535,135573395.78097296,541378855.004884,6767235687.5610485,541378855.004884
239,Монотонный сплайн,0.38446991468562464,4.229825492052625e-05,0.04834338884570568,135784847.72766915,525322026.5889463,6566525332.361829,525322026.5889463
239,Французский сплайн,0.1263291701274102,7.173786411270113e-05,0.04831246156776744,135700816.00939488,525210334.49093056,6565129181.136633,525210334.49093056
240,Бета-калибровка,0.01613375958750242,0.10665456448754254,0.04850479980572843,136220879.7744077,547602142.9344206,6845026786.680258,547602142.9344206
240,Изотоническая регрессия,0.38487711522393697,0.00037881482763490207,0.0485840107796254,136464505.07349998,521681679.1046548,6521020988.808186,521681679.1046548
240,Логит-калибровка,0.029840790542146712,0.0906250845813355,0.048560802848522766,136378158.71979132,541510187.1750319,6768877339.687899,541510187.1750319
240,Монотонный сплайн,0.34575484022654235,0.00027231078582758947,0.048650007595645244,136647285.14810455,525479309.47837186,6568491368.479649,525479309.47837186
240,Французский сплайн,0.11522906751870389,0.01774583179008802,0.04861510636575017,136551805.48828483,525396577.56489927,6567457219.56124,525396577.56489927
241,Бета-калибровка,0.0022376481682810524,0.016605220856413798,0.04922208002551874,138235289.54366684,549148756.7956644,6864359459.945806,549148756.7956644
241,Изотоническая регрессия,0.5348058304614738,1.044055707400476e-06,0.04933310121558238,138568968.25384155,523491536.89377826,6543644211.172228,523491536.89377826
241,Логит-калибровка,0.006437008721831186,0.008822833070290144,0.04929616586368474,138443352.21157223,543075271.8646485,6788440898.308105,543075271.8646485
241,Монотонный сплайн,0.5424970009898107,5.7175517444978525e-06,0.04936101697682949,138644426.53787762,527118013.74380517,6588975171.797564,527118013.74380517
241,Французский сплайн,0.2754271021647323,6.87113978300852e-05,0.04932853139782834,138556043.98751926,526989886.3771121,6587373579.713901,526989886.3771121
242,Бета-калибровка,0.00012833686743226995,0.01743768527450718,0.04962738204611984,139373539.73832297,550434106.4628899,6880426330.786123,550434106.4628899
242,Изотоническая регрессия,0.364722765328098,1.2519615565395516e-07,0.049804425266020094,139891438.71709082,525235146.74812067,6565439334.351509,525235146.74812067
242,Логит-калибровка,0.0008080506509142314,0.009319818336206228,0.04968459334955515,139534211.96289068,544478595.7006593,6805982446.25824,544478595.7006593
242,Монотонный сплайн,0.3349247149680681,6.710209746924973e-07,0.04990466427422878,140169921.17506582,528858831.6702229,6610735395.877785,528858831.6702229
242,Французский сплайн,0.19889382425709412,7.129893552115353e-05,0.04985768612461895,140040941.8173507,528706927.61968243,6608836595.24603,528706927.61968243
243,Бета-калибровка,0.0006352659152774848,0.01657403591646003,0.04890124617739446,137334259.7645946,548561801.4803762,6857022518.504702,548561801.4803762
243,Изотоническая регрессия,0.5787909155839044,1.1516499362001672e-06,0.04897786174734992,137571911.73125753,522625291.01916426,6532816137.739553,522625291.01916426
243,Логит-калибровка,0.003229798556332459,0.008802328696174222,0.04897953063628467,137554113.83894187,542449608.2211516,6780620102.764395,542449608.2211516
243,Монотонный сплайн,0.545772521368292,5.965650812343317e-06,0.04907188102604375,137832642.2182294,526097696.2376658,6576221202.970822,526097696.2376658
243,Французский сплайн,0.32329354910905705,6.516671991552119e-05,0.04902654938640539,137708541.17545024,526033523.34367347,6575419041.795918,526033523.34367347
244,Бета-калибровка,0.003387188179977461,0.0167312621423783,0.04967446110667512,139505756.57198644,550779766.7762814,6884747084.703518,550779766.7762814
244,Изотоническая регрессия,0.38823800433023137,1.3648542405949639e-07,0.04965298951432236,139467103.35202295,524836532.507264,6560456656.340801,524836532.507264
244,Логит-калибровка,0.0064179694671380235,0.009048052317233922,0.04977496622296727,139788015.1405813,544730084.0913975,6809126051.142469,544730084.0913975
244,Монотонный сплайн,0.37032235978633987,6.898388834950308e-07,0.049688118465883405,139562436.43129927,528446665.2692145,6605583315.865181,528446665.2692145
244,Французский сплайн,0.18157593684452464,6.735529446297788e-05,0.049667818582391755,139508593.65667495,528349074.5928998,6604363432.411247,528349074.59289986
245,Бета-калибровка,0.0004566209038880517,0.005381761131038842,0.049499158163023936,139013435.78503644,548232430.2417792,6852905378.022241,548232430.2417792
245,Изотоническая регрессия,0.6349170032572301,1.50808341873792e-08,0.04959460134115073,139302408.4064877,522164160.37010044,6527052004.626255,522164160.37010044
245,Логит-калибровка,0.0021323884024331027,0.002548146936568327,0.04953253305482047,139107165.83115783,542222188.9409719,6777777361.762148,542222188.9409719
245,Монотонный сплайн,0.4151919444746282,7.916584343528521e-08,0.04965285966719733,139463128.07150283,525901316.5937842,6573766457.422302,525901316.5937842
245,Французский сплайн,0.12547008773753154,8.233180829721701e-06,0.049629546318801614,139400440.4864709,525784132.7117448,6572301658.896809,525784132.7117448
246,Бета-калибровка,0.0014661941016270927,0.05122137054114184,0.04874091030442261,136883972.49894047,549509211.2680063,6868865140.850079,549509211.2680063
246,Изотоническая регрессия,0.4918825542019176,1.0144017191985991e-06,0.048788163135242785,137036291.74901584,524407120.7686651,6555089009.6083145,524407120.7686652
246,Логит-калибровка,0.006685026432940892,0.030933173199742828,0.04881502712077227,137092122.16597685,543513878.5389342,6793923481.736678,543513878.5389342
246,Монотонный сплайн,0.366708771958689,6.330424392514538e-07,0.04885400175194014,137218394.3893663,528141931.2961136,6601774141.20142,528141931.2961136
246,Французский сплайн,0.1200255962972379,0.0005581497647950214,0.04883014579278621,137154061.14200738,527988115.93011975,6599851449.126497,527988115.93011975
247,Бета-калибровка,0.01657423111620714,0.04897433570961222,0.05008867983285715,140669048.44259602,550362378.9081975,6879529736.3524685,550362378.9081975
247,Изотоническая регрессия,0.1898333809751322,9.134998034201128e-06,0.05029231090242465,141261257.9383694,524623265.5307565,6557790819.134456,524623265.5307565
247,Логит-калибровка,0.029956995290028994,0.029399991452282625,0.050118657340983794,140753237.2764189,544532228.6299374,6806652857.874216,544532228.6299374
247,Монотонный сплайн,0.28958352030188783,4.312556992690332e-05,0.05036457642658656,141461309.60767993,528639733.9434546,6607996674.293182,528639733.9434546
247,Французский сплайн,0.11834812700863666,0.0005163203965971167,0.05033613007408004,141384277.45351627,528469700.3960124,6605871254.950155,528469700.3960124
248,Бета-калибровка,0.002638339688590244,0.00564155802590743,0.048238276665473534,135472376.18731588,548376871.530247,6854710894.128087,548376871.530247
248,Изотоническая регрессия,0.7672535605425794,1.1236732530552552e-08,0.048381282587239956,135893967.2180047,523504005.5963739,6543800069.954674,523504005.5963739
248,Логит-калибровка,0.011029728187076544,0.0026866654302014252,0.0483070650198817,135665561.40183574,542379517.9668049,6779743974.58506,542379517.9668049
248,Монотонный сплайн,0.44355425823615235,6.528468429232303e-08,0.048398479775427806,135939380.70385617,527140052.23710084,6589250652.96376,527140052.2371008
248,Французский сплайн,0.37344279391365093,9.172333781138575e-06,0.04837355043450627,135872236.29065332,526935155.30555,6586689441.319374,526935155.30555
249,Бета-калибровка,0.01488507377399588,0.04841012777294037,0.04921993647282859,138229269.5902918,549197494.8915312,6864968686.144139,549197494.8915312
249,Изотоническая регрессия,0.4049526067442931,9.530906849378007e-06,0.04931904305325067,138527334.51074916,524007687.668314,6550096095.853924,524007687.668314
249,Логит-калибровка,0.029880711849368836,0.029014817292312534,0.04927703076706483,138389613.2062249,543190501.7448149,6789881271.8101845,543190501.7448149
249,Монотонный сплайн,0.28694364459976934,4.7781953614956934e-05,0.049406422976076565,138770248.21917444,527711114.5914361,6596388932.392951,527711114.5914361
249,Французский сплайн,0.11712093535774577,0.0005117662085086407,0.04936995270870722,138670249.9291728,527581141.5959065,6594764269.948831,527581141.5959065
250,Бета-калибровка,0.0022418922530538935,0.017087832019668587,0.04778067018918862,134187234.15931731,546015539.9005673,6825194248.757091,546015539.9005673
250,Изотоническая регрессия,0.2800970269659429,9.70881252101466e-07,0.047903569800267894,134554511.42707235,520415996.68853545,6505199958.606693,520415996.68853545
250,Логит-калибровка,0.006478676886627678,0.009110689950714892,0.04782302078884799,134306171.58340067,539936973.7284056,6749212171.605069,539936973.7284056
250,Монотонный сплайн,0.46575325478970314,5.213951763480357e-06,0.047939865228781846,134653448.28916684,524122854.18600243,6551535677.32503,524122854.18600243
250,Французский сплайн,0.12434185483305964,6.971848878810684e-05,0.047910295819426074,134573347.45908362,523981977.38489,6549774717.311125,523981977.38489
251,Бета-калибровка,0.0015136128102666599,0.054618019804436355,0.04882847893370395,137129900.23741418,549078759.9912592,6863484499.890741,549078759.9912592
251,Изотоническая регрессия,0.4425042936062229,5.804240942832706e-05,0.04890826176062187,137375968.72853047,523650185.8682583,6545627323.353228,523650185.8682583
251,Логит-калибровка,0.006418372074158836,0.07227114445129343,0.048910195249753416,137359392.33940747,543013048.0509884,6787663100.637354,543013048.0509884
251,Монотонный сплайн,0.386191155455866,0.00026722431508036234,0.048943845772978126,137473183.9063986,527219667.70118463,6590245846.264807,527219667.70118463
251,Французский сплайн,0.12118383197269278,0.003278126282863391,0.04891140820291493,137384868.7027302,527092828.5626109,6588660357.032636,527092828.5626109
252,Бета-калибровка,0.010498394241146465,0.05027538320702111,0.04917688560041249,138108365.5201984,548328791.6763444,6854109895.954304,548328791.6763444
252,Изотоническая регрессия,0.18960120771015054,7.680255450048448e-06,0.04933182892042757,138565155.9401288,522987724.6912961,6537346558.641202,522987724.6912961
252,Логит-калибровка,0.029862471880276152,0.030289135785968365,0.04920920866092786,138199141.6033498,542326053.6677189,6779075670.846487,542326053.6677189
252,Монотонный сплайн,0.29085683646871857,3.607199407355118e-05,0.04937627389230729,138687229.8169233,526744969.23060477,6584312115.382559,526744969.23060477
252,Французский сплайн,0.2948873056934638,0.0005445497040402507,0.04934364296227347,138598341.39944983,526567849.4090073,6582098117.612591,526567849.4090073
253,Бета-калибровка,0.01220894171175325,0.049273788860189134,0.049306488927805675,138472343.5048495,549539238.4332823,6869240480.416029,549539238.4332823
253,Изотоническая регрессия,0.7238930051394747,7.87631228212854e-06,0.049467309104336284,138944681.68861803,524723291.05727124,6559041138.21589,524723291.05727124
253,Логит-калибровка,0.029897870848713357,0.029604588231140695,0.04936237822517402,138629303.00757873,543584924.2596831,6794811553.246038,543584924.2596831
253,Монотонный сплайн,0.5508527678554,4.037468828219632e-05,0.04953786497352455,139140149.5851688,528375020.0648139,6604687750.810173,528375020.0648139
253,Французский сплайн,0.24435888581733703,0.0005315307623762023,0.049504068424694514,139047993.90190887,528167433.2987592,6602092916.234491,528167433.2987592
254,Бета-калибровка,0.0017270040376207376,0.016766574073183,0.04903339277479899,137705380.26874548,550159290.5726459,6876991132.158073,550159290.5726459
254,Изотоническая регрессия,0.4935085618501902,9.818048452011112e-07,0.0491097425092326,137940491.66292882,524631396.62062395,6557892457.757799,524631396.62062395
254,Логит-калибровка,0.007682251109512119,0.009600720671103556,0.049116378740982,137938438.05617386,544176242.0382957,6802203025.478698,544176242.0382959
254,Монотонный сплайн,0.4436733164585075,4.947329581483414e-06,0.04917756383972377,138128051.27009213,528532740.30556655,6606659253.81958,528532740.30556655
254,Французский сплайн,0.11902486538777149,7.536651841557785e-05,0.049147025491910135,138045180.97953683,528394425.41233313,6604930317.654164,528394425.41233313
255,Бета-калибровка,0.0022378053285282136,0.04608103154164516,0.04737692274431645,133053349.83513834,545563162.3931624,6819539529.914529,545563162.3931624
255,Изотоническая регрессия,0.4694783778963496,1.4419369546470215e-06,0.047466837280960704,133326795.81985004,519595206.6779745,6494940083.474682,519595206.6779745
255,Логит-калибровка,0.006442858681136777,0.027435087308450914,0.04746950347892957,133313353.57022583,539366882.3125632,6742086028.907041,539366882.3125632
255,Монотонный сплайн,0.5416047348553533,8.772814248250282e-07,0.04752173450683754,133478053.1350239,523225862.4619192,6540323280.773989,523225862.4619192
255,Французский сплайн,0.1214913791773346,0.00045360555744383414,0.047486709367312474,133382648.40055944,523111171.96384585,6538889649.548073,523111171.96384585
256,Бета-калибровка,0.016529887738522764,0.05446874244485597,0.04786319631277661,134419000.52480182,547193304.0195897,6839916300.244871,547193304.0195897
256,Изотоническая регрессия,0.5594108012826937,8.973424926871225e-06,0.04791392028301238,134582264.122812,521652510.59215397,6520656382.401924,521652510.59215397
256,Логит-калибровка,0.02993745153540777,0.06360145106668227,0.047941421110455185,134638687.04660234,541075720.5333846,6763446506.667309,541075720.5333846
256,Монотонный сплайн,0.36567586952353287,4.477254269070942e-05,0.04802788310484227,134899849.63513094,525143384.5254675,6564292306.568344,525143384.5254675
256,Французский сплайн,0.18595137575810108,0.002622210469373397,0.04798938193386733,134794239.78150302,525047039.49329257,6563087993.666157,525047039.49329257
257,Бета-калибровка,0.002067306696065736,0.12139762920098501,0.049069497137919534,137806775.76213324,547550036.8643374,6844375460.804219,547550036.8643374
257,Изотоническая регрессия,0.4693000979777713,0.00037667621894618556,0.04917219780641761,138116249.91954324,521692277.6539377,6521153470.674221,521692277.6539377
257,Логит-калибровка,0.008919727939717084,0.08166539374889391,0.04910435589348413,137904673.09126085,541525684.8912231,6769071061.140287,541525684.8912231
257,Монотонный сплайн,0.2762352098645052,0.00029177832882560636,0.049243096641546545,138312598.60791123,525416890.12401223,6567711126.550153,525416890.12401223
257,Французский сплайн,0.37594820135586005,0.0032431198215500164,0.04921418973519895,138234155.83630657,525270416.45233154,6565880205.654144,525270416.45233154
258,Бета-калибровка,0.003235022973965684,0.0059286387335402355,0.049751326399272294,139721625.0597163,549475091.6166764,6868438645.208455,549475091.6166764
258,Изотоническая регрессия,0.4694802413709275,9.424621679739302e-06,0.049842313953730365,139998204.10765636,523373880.4747416,6542173505.93427,523373880.4747416
258,Логит-калибровка,0.0064309049797090685,0.008318841401563654,0.04980694411690005,139877821.8579021,543477227.8451358,6793465348.064198,543477227.8451358
258,Монотонный сплайн,0.20039179280969696,5.92449724071813e-06,0.04987887120986508,140098092.86700797,527045838.8802948,6588072986.003685,527045838.8802948
258,Французский сплайн,0.16474199393201283,0.002551474328266187,0.04985415761411381,140031491.09546512,526945446.3014486,6586818078.768106,526945446.3014485
259,Бета-калибровка,0.011374811726622837,0.05454437579149257,0.04954796138148342,139150494.74375805,548615934.2815487,6857699178.519359,548615934.2815486
259,Изотоническая регрессия,0.2859217044063675,0.0022090887949033793,0.04963639344329885,139420016.54616052,522600069.9234669,6532500874.043337,522600069.9234669
259,Логит-калибровка,0.03003464011319921,0.07213374559487457,0.04959046469907535,139269861.06088322,542597984.9304099,6782474811.630124,542597984.9304099
259,Монотонный сплайн,0.3840435717519767,0.001638178734495964,0.04974489339805312,139721898.38080373,526282717.7966519,6578533972.458149,526282717.7966519
259,Французский сплайн,0.24762366503078076,0.017326731252923073,0.04971165147425797,139631286.60013545,526172938.1491618,6577161726.864523,526172938.1491618
260,Бета-калибровка,0.0002820747360751136,0.05069562262290048,0.04835925623123199,135812135.1997919,549164774.2023962,6864559677.52995,549164774.202396
260,Изотоническая регрессия,0.34985360093849394,8.376607029773785e-06,0.04855665137417044,136388027.71922025,523649200.8149695,6545615010.187119,523649200.8149695
260,Логит-калибровка,0.0008915765943957089,0.03056969742680471,0.04843728792609766,136031279.41165268,543197220.263284,6789965253.29105,543197220.2632841
260,Монотонный сплайн,0.16103829958616023,3.8920546034596905e-05,0.04860384947522264,136517685.173947,527282833.8522917,6591035423.153646,527282833.8522917
260,Французский сплайн,0.08897819599813385,0.0005251712406178964,0.04856208368324701,136403288.93564105,527125602.22115207,6589070027.7644005,527125602.22115207
261,Бета-калибровка,0.0022308464809933093,0.12214136072072142,0.050192312303586825,140960089.87339324,549479640.1918435,6868495502.398045,549479640.1918435
261,Изотоническая регрессия,0.5102027678212611,0.00038242898260333846,0.050346680291939644,141414307.7318833,523793841.46519077,6547423018.314884,523793841.46519077
261,Логит-калибровка,0.006449856375637851,0.082238631427951,0.05021338108229134,141019259.43150705,543564911.5723138,6794561394.653922,543564911.5723138
261,Монотонный сплайн,0.5441742227370279,0.0017173797984924473,0.050364046097492614,141460178.48591173,527665891.09887475,6595823638.735934,527665891.09887475
261,Французский сплайн,0.24992953984448887,0.0032556866330442744,0.05034464591019253,141408509.22342038,527489702.9338626,6593621286.673283,527489702.9338626
262,Бета-калибровка,0.0034314495674352733,0.005511220671097528,0.048750567311780346,136911093.23840392,549664927.806585,6870811597.582312,549664927.806585
262,Изотоническая регрессия,0.6764493460798697,1.0705448986988958e-07,0.048877856331192335,137289501.72052056,524297602.34365964,6553720029.295746,524297602.3436597
262,Логит-калибровка,0.006431538605720522,0.00261742335101501,0.04883469827386159,137147366.6323129,543641163.5539349,6795514544.424187,543641163.5539349
262,Монотонный сплайн,0.7310370761605791,6.144331272115278e-07,0.04897312525984329,137554235.38133213,527953610.3990201,6599420129.98775,527953610.3990201
262,Французский сплайн,0.27542617927684804,8.949342171573268e-06,0.04892749026110565,137428817.80674213,527819863.23752856,6597748290.469107,527819863.23752856
263,Бета-калибровка,0.002238216868297247,0.005320965401446332,0.04944630832426365,138865012.29786205,548890021.1590598,6861125264.488247,548890021.1590598
263,Изотоническая регрессия,0.6966456839861822,1.5024833032584467e-07,0.04955771371474932,139198932.796502,522576305.9925917,6532203824.907396,522576305.99259174
263,Логит-калибровка,0.00644946009425333,0.002515825043166265,0.04949685086593266,139006955.9718853,542908507.1070881,6786356338.838601,542908507.1070881
263,Монотонный сплайн,0.5146959973941425,7.594932000373034e-07,0.04961277544798037,139350739.3252482,526379522.7135214,6579744033.919018,526379522.7135214
263,Французский сплайн,0.125613967723267,7.932126591343603e-06,0.04958791327598242,139283643.43506587,526274362.82155514,6578429535.26944,526274362.82155514
264,Бета-калибровка,0.002240978638203131,0.005188058846500603,0.04871835266931336,136820621.63649964,547528832.1521351,6844110401.901689,547528832.1521351
264,Изотоническая регрессия,0.2816898555804407,1.319078194618178e-08,0.04889443698218792,137336784.42077655,521704073.8136846,6521300922.671058,521704073.8136846
264,Логит-калибровка,0.00647276767173411,0.0024465158448720376,0.048752841708324376,136917480.6536582,541532938.8550224,6769161735.68778,541532938.8550224
264,Монотонный сплайн,0.3605366663265095,7.415460789105984e-08,0.04890929058741243,137375585.70515952,525301838.3832027,6566272979.790033,525301838.3832027
264,Французский сплайн,0.12480925392685457,8.093741190477368e-06,0.04887510130918426,137282322.57549545,525181923.7163178,6564774046.453972,525181923.7163178
265,Бета-калибровка,0.0011367054420509698,0.048914300461108694,0.05003804393227696,140526842.57940662,549735459.1874393,6871693239.842993,549735459.1874393
265,Изотоническая регрессия,0.6257052176516031,9.400792855597251e-06,0.0501690868081506,140915434.59201014,523769483.9136233,6547118548.92029,523769483.9136233
265,Логит-калибровка,0.005344289097759598,0.02935210652369995,0.05007122466338232,140620027.34464288,543818000.9989097,6797725012.486372,543818000.9989097
265,Монотонный сплайн,0.545861805613737,4.654477126713177e-05,0.05014220273776132,140836958.364713,527656530.48066247,6595706631.00828,527656530.48066247
265,Французский сплайн,0.12688174004614472,0.000498736109521916,0.05012911733236382,140803150.80330998,527499139.1601604,6593739239.502005,527499139.1601604
266,Бета-калибровка,0.0012420927680915999,0.01671560271462932,0.047827531256602294,134318838.7810419,546972322.9413291,6837154036.766614,546972322.9413291
266,Изотоническая регрессия,0.4695282491090177,1.1193805879831673e-06,0.04787387810501903,134470766.47013545,521077454.90238035,6513468186.279755,521077454.90238035
266,Логит-калибровка,0.005804474711980463,0.00888717097406325,0.04790799742713422,134544819.97436374,540864320.1629661,6760804002.037077,540864320.1629661
266,Монотонный сплайн,0.5915814078174678,5.958573736880285e-06,0.0480080164302538,134844635.05837554,524671583.58514845,6558394794.814355,524671583.58514845
266,Французский сплайн,0.3744179114372371,6.686216612446402e-05,0.047970151164012466,134741009.48664308,524570775.64460737,6557134695.557592,524570775.64460737
267,Бета-калибровка,0.011377963946640219,0.005116705359813747,0.04836585149693294,135830657.3439865,548279713.2090682,6853496415.113352,548279713.2090682
267,Изотоническая регрессия,0.3900881655149695,1.0648622756814285e-06,0.04856013007587468,136398275.70508647,522608314.21093285,6532603927.63666,522608314.21093285
267,Логит-калибровка,0.030091307242159856,0.0024087029740463757,0.04844614931976909,136056165.74963954,542229413.328569,6777867666.607113,542229413.328569
267,Монотонный сплайн,0.4211237010500427,5.9376482436861495e-06,0.048573374896431515,136432373.03197157,526225631.6214415,6577820395.268018,526225631.6214415
267,Французский сплайн,0.12141089172341404,7.845622520834896e-06,0.04853203643088075,136319196.3788426,526116603.4496991,6576457543.121239,526116603.4496991
268,Бета-калибровка,0.002252663002465312,0.005806638609032017,0.049080839468310225,137838629.56280243,550033885.3233212,6875423566.541515,550033885.3233212
268,Изотоническая регрессия,0.3136382994632277,1.2779742980460825e-07,0.049144551192575374,138038846.3692287,524287086.47044957,6553588580.880619,524287086.47044957
268,Логит-калибровка,0.009646284575875495,0.008131730307523592,0.04918582042267312,138133458.07503515,543922912.46065,6799036405.758125,543922912.46065
268,Монотонный сплайн,0.224496254785163,6.587887069246647e-07,0.04928457778530279,138429141.51024225,527859948.79340494,6598249359.917562,527859948.79340494
268,Французский сплайн,0.13330392530882113,7.003083091040075e-05,0.04923086632872954,138281180.52366143,527768866.0661149,6597110825.826435,527768866.0661149
269,Бета-калибровка,0.0002779700877688664,0.09719645453666349,0.04886339447251147,137227957.0366012,548491925.1853013,6856149064.816267,548491925.1853013
269,Изотоническая регрессия,0.2556552502557831,9.06481412566474e-06,0.048919169588542,137405406.27246132,522718719.3289857,6533983991.612321,522718719.3289857
269,Логит-калибровка,0.0008772029772501216,0.06290156030907271,0.04892326735900477,137396104.05102897,542498415.8420179,6781230198.025225,542498415.8420179
269,Монотонный сплайн,0.3451512716575096,5.799906224987981e-06,0.048972651767260934,137553266.9613145,526404596.1056766,6580057451.320957,526404596.1056766
269,Французский сплайн,0.0884887217490519,0.002516416197812247,0.0489544069594234,137504397.17873794,526260800.01117855,6578260000.139732,526260800.0111786
270,Бета-калибровка,0.000993064096511174,0.016916270404529796,0.04946811741572057,138926260.95030963,548865259.4515165,6860815743.143957,548865259.4515165
270,Изотоническая регрессия,0.6813038585128365,1.014385272708003e-06,0.04948231389644676,138987060.34678108,522958279.77217805,6536978497.1522255,522958279.7721782
270,Логит-калибровка,0.004753458653794299,0.009009844289754208,0.04952748752124015,139092995.95465085,542798425.1783297,6784980314.72912,542798425.1783297
270,Монотонный сплайн,0.23534102397109552,5.326079494799417e-06,0.049554710422856335,139187336.11657947,526587163.7457761,6582339546.822201,526587163.7457761
270,Французский сплайн,0.32358643559899813,7.186592240654335e-05,0.04952943041498334,139119320.88027412,526490498.72838205,6581131234.104774,526490498.72838205
271,Бета-калибровка,0.005608472210175793,0.004070318201251356,0.04923364308575636,138267763.2420382,549875955.1332723,6873449439.165904,549875955.1332723
271,Изотоническая регрессия,0.4820935827115402,7.39336545914382e-06,0.04942803392081836,138834381.2632263,524706663.99790776,6558833299.973846,524706663.99790776
271,Логит-калибровка,0.02312731013188043,0.005686245405993719,0.04928721936006267,138418226.8508,543960461.1849782,6799505764.812228,543960461.1849782
271,Монотонный сплайн,0.3912111647439239,4.687113444854129e-06,0.04953493018286876,139131998.42862737,528458292.7250373,6605728659.062965,528458292.7250373
271,Французский сплайн,0.12321984540715003,0.0005608812350913414,0.049488851718159255,139005241.608083,528292593.6073376,6603657420.091719,528292593.6073376
272,Бета-калибровка,0.0027934440884584445,0.00553238257653069,0.0490558035862889,137768318.79173377,551158352.2442226,6889479403.052784,551158352.2442226
272,Изотоническая регрессия,0.723489119081258,1.1326708501098311e-07,0.04904973713835229,137772092.17934856,525755944.6834827,6571949308.543533,525755944.6834827
272,Логит-калибровка,0.011540420801230184,0.0026289448721177966,0.04915192517881552,138038266.67218554,545218639.7705736,6815232997.132171,545218639.7705736
272,Монотонный сплайн,0.5842194781581456,5.796903821805422e-07,0.04916336547296404,138088327.68080902,529508002.99821246,6618850037.477655,529508002.99821246
272,Французский сплайн,0.44362956033063183,9.018199517202619e-06,0.04913702936185648,138017136.42706895,529364929.0262197,6617061612.827747,529364929.0262197
273,Бета-калибровка,0.011374846575442774,0.09604925513756697,0.04921073943417688,138203440.62694234,550188495.1553144,6877356189.44143,550188495.1553144
273,Изотоническая регрессия,0.5073507390420973,8.608052845098197e-06,0.049281555386154925,138423608.9464775,524672292.43819046,6558403655.477381,524672292.43819046
273,Логит-калибровка,0.03003582000336801,0.06205575677062736,0.049297328855087995,138446618.35662913,544174335.388772,6802179192.35965,544174335.388772
273,Монотонный сплайн,0.23607757445194588,3.996369981925155e-05,0.04929832314240831,138468562.49060804,528348526.82095444,6604356585.26193,528348526.82095444
273,Французский сплайн,0.4052542590819047,0.0024139852578189567,0.04927041016567038,138392345.77349016,528235150.0427538,6602939375.534424,528235150.0427539
274,Бета-калибровка,0.0033923362095844914,0.12221281555349252,0.04999420164687909,140403715.90509522,550677392.3456023,6883467404.320028,550677392.3456023
274,Изотоническая регрессия,0.7292390954791841,5.983830196612338e-05,0.05003067460080621,140526956.94890416,524647994.76376545,6558099934.547069,524647994.76376545
274,Логит-калибровка,0.006419257430957321,0.08229423048635032,0.05006743759320388,140609391.7367538,544648383.2904372,6808104791.130466,544648383.2904372
274,Монотонный сплайн,0.6346955303947679,0.0002735734590771468,0.05009815682259423,140713621.7492814,528250403.0983391,6603130038.7292385,528250403.0983391
274,Французский сплайн,0.2754100906849838,0.003233117335336406,0.050065410307695894,140624425.93901122,528196480.1326057,6602456001.657571,528196480.13260573
275,Бета-калибровка,0.011374999406770715,0.023706437909638396,0.04869450603372706,136753650.7451191,548020623.019162,6850257787.739525,548020623.019162
275,Изотоническая регрессия,0.4373444167251307,5.8629744069580456e-05,0.04876626573363674,136976230.28634542,522448503.29121363,6530606291.14017,522448503.29121363
275,Логит-калибровка,0.030040626176056916,0.022729683216670966,0.04873899495886091,136878593.44246498,542065535.5446336,6775819194.30792,542065535.5446336
275,Монотонный сплайн,0.3693787352785267,3.953630480426097e-05,0.048872364784869234,137271304.17354056,526213588.0673244,6577669850.841556,526213588.0673244
275,Французский сплайн,0.24372440591934424,0.0033459116884975437,0.048847134268883936,137203315.65677732,526037136.3010381,6575464203.762976,526037136.3010381
276,Бета-калибровка,0.002239923520221238,0.005621155924627995,0.05027879491021474,141202967.6258471,551435456.4432197,6892943205.540245,551435456.4432197
276,Изотоническая регрессия,0.7672344382446328,9.099635803959311e-07,0.050467096594333405,141753202.47552592,526227531.18815535,6577844139.851942,526227531.1881554
276,Логит-калибровка,0.006465271200350233,0.002675615921039592,0.05032430442125558,141330776.53665417,545542831.4579442,6819285393.224302,545542831.4579442
276,Монотонный сплайн,0.5152099984737842,4.622715816887314e-06,0.050534781260772724,141940314.15595847,529942314.1751605,6624278927.189507,529942314.1751605
276,Французский сплайн,0.27545529429195986,8.917567473333416e-06,0.050493280504459156,141826658.3657186,529751954.04218954,6621899425.527369,529751954.04218954
277,Бета-калибровка,0.0010670183855395234,0.05000696544115453,0.047501903221588926,133404345.00751033,546852789.6552557,6835659870.690695,546852789.6552556
277,Изотоническая регрессия,0.6120127426267533,7.836501502307093e-06,0.04751988230271139,133476126.25893466,521216029.89838815,6515200373.729853,521216029.89838815
277,Логит-калибровка,0.005070582706907803,0.030103602439853577,0.04759003621979004,133651857.71965834,540695693.0364255,6758696162.955318,540695693.0364255
277,Монотонный сплайн,0.5945615527362031,3.9233690910041346e-05,0.04766835033014906,133890109.80991922,524839322.515381,6560491531.442261,524839322.515381
277,Французский сплайн,0.2652599046173771,0.0005299251727980598,0.04762478615223607,133770645.39238533,524728808.96998286,6559110112.124785,524728808.96998286
278,Бета-калибровка,0.0033955598418419683,0.017113515056334076,0.04952064679562369,139073784.46082956,551817075.7782811,6897713447.228513,551817075.7782811
278,Изотоническая регрессия,0.5375757131009409,1.3505064178952217e-07,0.049532732229818834,139128296.3942232,526446756.321302,6580584454.016275,526446756.32130206
278,Логит-калибровка,0.006420061002435369,0.009125163533169762,0.04961869683456103,139349148.1901812,545856736.0443366,6823209200.554207,545856736.0443366
278,Монотонный сплайн,0.3864556709979642,7.55559618868528e-08,0.04970755548271336,139616779.37932754,529911513.4690411,6623893918.363014,529911513.4690411
278,Французский сплайн,0.27540622165024997,6.846546112226078e-05,0.04966164821581686,139490225.14735687,529834014.99843895,6622925187.480488,529834014.99843895
279,Бета-калибровка,0.0034160477169689445,0.01690306571115955,0.04844711361769981,136058873.88394815,550380370.9995984,6879754637.494981,550380370.9995984
279,Изотоническая регрессия,0.3112399535769237,1.1869789865521685e-06,0.048452585649648494,136094453.93847284,524585348.8802872,6557316861.00359,524585348.8802872
279,Логит-калибровка,0.006426127729276064,0.008999452572034715,0.04856297269873123,136384252.5271168,544329037.0801201,6804112963.501502,544329037.0801201
279,Монотонный сплайн,0.45294095766972536,6.273711473396448e-06,0.04861664691290142,136552206.04408142,528133470.5632565,6601668382.040706,528133470.5632565
279,Французский сплайн,0.2698858504647545,6.806165774786764e-05,0.048568441375479804,136419822.85282323,528081575.85045886,6601019698.130735,528081575.85045886
280,Бета-калибровка,0.0022376469140823014,0.005016905006909206,0.04886063376397024,137220203.86273405,550645691.3972006,6883071142.465006,550645691.3972006
280,Изотоническая регрессия,0.6626623327626373,1.4706602045397347e-08,0.04893245462035161,137443553.15579543,525028873.53931236,6562860919.241405,525028873.53931236
280,Логит-калибровка,0.006436808257340675,0.0023563506430997593,0.048964733609802406,137512557.8697691,544595379.1610792,6807442239.513488,544595379.1610792
280,Монотонный сплайн,0.5437257604270598,7.840267030591143e-08,0.04898962922301827,137601131.49074602,528694001.9381265,6608675024.226582,528694001.9381265
280,Французский сплайн,0.27543843744942986,7.613452850630355e-06,0.04894241033320214,137471567.56939432,528585316.8092251,6607316460.1153145,528585316.8092251
281,Бета-калибровка,0.00028351944094923213,0.0011213011623228482,0.04904126300548307,137727483.02459866,548100197.6989763,6851252471.237203,548100197.6989763
281,Изотоническая регрессия,0.10313009960492178,1.1498521352259425e-06,0.04923106294096844,138281327.56341577,522448555.52254343,6530606944.031794,522448555.52254343
281,Логит-калибровка,0.000896490421357645,0.0016145819836341961,0.04907877851754637,137832841.58867726,542074048.094899,6775925601.186239,542074048.0948992
281,Монотонный сплайн,0.1012137018347776,6.00680274120305e-06,0.04926092353066386,138362176.9984275,526108198.9220633,6576352486.525791,526108198.92206335
281,Французский сплайн,0.040847567365446744,6.812459282332965e-05,0.04922241700839433,138256836.07703435,525993076.17915577,6574913452.239448,525993076.17915577
282,Бета-калибровка,0.00340966566115671,0.018362017433005477,0.048474465644648274,136135689.31643024,549298557.739949,6866231971.749361,549298557.739949
282,Изотоническая регрессия,0.5947480999878424,8.584057588113766e-07,0.048529619085481264,136311033.8396656,524351081.5725492,6554388519.656866,524351081.5725492
282,Логит-калибровка,0.006424174647225011,0.009879125441075384,0.04855523525013918,136362522.6764909,543244635.6546377,6790557945.682971,543244635.6546377
282,Монотонный сплайн,0.33307382218923987,4.581631317450439e-06,0.04864857234986574,136642469.49766958,527891614.2080352,6598645177.60044,527891614.20803523
282,Французский сплайн,0.1717438086223685,7.979765584304779e-05,0.04860898785659278,136533846.3381028,527760481.17841417,6597006014.730177,527760481.17841417
283,Бета-калибровка,0.00342938964254809,0.016817055644376692,0.04905839744670641,137775603.38933027,549424980.5071726,6867812256.339657,549424980.5071726
283,Изотоническая регрессия,0.634582581449042,1.005115964526507e-06,0.04909655934937919,137905142.4767965,523764523.8205928,6547056547.75741,523764523.8205928
283,Логит-калибровка,0.006430766870968279,0.008949739055532698,0.0491405938047347,138006443.64121693,543427912.2542964,6792848903.178704,543427912.2542964
283,Монотонный сплайн,0.4224313058420525,5.273431182593682e-06,0.04918083871151136,138138779.6783535,527511102.4509543,6593888780.636929,527511102.4509543
283,Французский сплайн,0.12058145074491083,6.924737714231427e-05,0.04915629975205425,138072830.91708335,527342902.0658697,6591786275.823371,527342902.0658697
284,Бета-калибровка,0.007805426659672607,0.09727700131737511,0.049801438619591076,139862360.21925956,549851775.895168,6873147198.689598,549851775.895168
284,Изотоническая регрессия,0.3287022419421504,5.835097357400248e-05,0.049950506827725685,140301694.1749848,524108131.0840862,6551351638.551077,524108131.0840862
284,Логит-калибровка,0.02772105732706222,0.06295730072443176,0.04985144282270002,140002792.02327076,543874470.1825684,6798430877.282106,543874470.1825686
284,Монотонный сплайн,0.30947677183826044,4.140627556142145e-05,0.05002357227431736,140504316.21696067,528082619.95199347,6601032749.399919,528082619.95199347
284,Французский сплайн,0.44426263852688697,0.0025204103769332817,0.04998662585029238,140403234.30947596,527925177.78001064,6599064722.250133,527925177.78001064
285,Бета-калибровка,0.0054491656252152135,0.050229863949548675,0.049320321823815426,138511191.81000325,550841383.0723326,6885517288.404158,550841383.0723326
285,Изотоническая регрессия,0.19008974151665972,1.037794072778431e-06,0.0493936836912317,138737194.4784551,525719608.03331816,6571495100.416477,525719608.03331816
285,Логит-калибровка,0.020396462229493074,0.030252631507907954,0.04941877087145403,138787676.1153915,544804435.4866635,6810055443.583294,544804435.4866635
285,Монотонный сплайн,0.2897236577618664,6.504369692047092e-07,0.04951278739096309,139069225.63664436,529291603.6080601,6616145045.10075,529291603.6080601
285,Французский сплайн,0.37460604772401307,0.0005325478857173546,0.04947014078446332,138951866.75321612,529181761.1729304,6614772014.66163,529181761.1729304
286,Бета-калибровка,0.0013759553114577547,0.017872759393093237,0.04893657422893398,137433475.0645382,549942625.5346484,6874282819.1831045,549942625.5346484
286,Изотоническая регрессия,0.476267684728767,1.0369322902109692e-06,0.0490271441318187,137708522.37979963,524676445.054229,6558455563.177862,524676445.054229
286,Логит-калибровка,0.006353047632943696,0.009582256931694868,0.04902086695397386,137670202.75354022,543933462.2986624,6799168278.73328,543933462.2986624
286,Монотонный сплайн,0.41216828192191934,5.006191899243677e-06,0.04919850983690108,138187089.257892,528098370.6839134,6601229633.548918,528098370.6839134
286,Французский сплайн,0.12305471010386071,7.393866429160632e-05,0.04915423324371153,138065299.4906283,527964133.35646033,6599551666.955753,527964133.35646033
287,Бета-калибровка,0.0002882313260821409,0.02347880026084316,0.04825773866373244,135527033.2632262,547817771.1829121,6847722139.7864,547817771.1829121
287,Изотоническая регрессия,0.5084257075867018,9.462698241044824e-06,0.048257940265154516,135549127.44065994,521786559.83501744,6522331997.937717,521786559.83501744
287,Логит-калибровка,0.00091216348526541,0.03200733346065708,0.04833569839904319,135745975.38387293,541725274.6718236,6771565933.397795,541725274.6718236
287,Монотонный сплайн,0.5445066157041502,5.899033517155753e-06,0.04837165647665528,135865461.89198744,525415118.3178325,6567688978.972906,525415118.3178325
287,Французский сплайн,0.08958668864805316,0.00240194130211623,0.04833931603816852,135777567.12140238,525320055.82034016,6566500697.7542515,525320055.82034016
288,Бета-калибровка,0.0107499289852869,0.01589649920047234,0.047696869367616725,133951887.93201481,545217578.7446862,6815219734.3085785,545217578.7446862
288,Изотоническая регрессия,0.49557829581994184,1.6634355321466847e-07,0.047787375385287836,134227832.23204237,518510202.0602431,6481377525.753039,518510202.0602432
288,Логит-калибровка,0.0299162546487642,0.008398007571898358,0.04776915197365307,134154886.40280727,538951776.1248751,6736897201.560938,538951776.1248751
288,Монотонный сплайн,0.3708110693449693,8.43350032893397e-07,0.04782279723361848,134324185.5798807,522258205.02228844,6528227562.778605,522258205.02228844
288,Французский сплайн,0.1274209270669134,6.022056654541928e-05,0.04777868817766479,134203434.19991697,522208433.5903519,6527605419.879398,522208433.5903519
289,Бета-калибровка,0.008760422389352051,0.054645529055988386,0.04854173828171181,136324617.79035947,548881009.8352137,6861012622.94017,548881009.8352137
289,Изотоническая регрессия,0.33657115999186754,8.006637815470431e-06,0.04861950570513081,136564069.42228937,523103286.2657517,6538791078.321897,523103286.2657517
289,Логит-калибровка,0.029898411872515542,0.06346223026802851,0.048632245266050624,136578797.6051766,542721657.9453111,6784020724.316387,542721657.9453111
289,Монотонный сплайн,0.30948707788144225,4.062235290451176e-05,0.04872183535651427,136848528.7507372,526854546.61144555,6585681832.643068,526854546.61144555
289,Французский сплайн,0.12405508928096762,0.002603522135275616,0.04866744618818656,136698556.98708034,526791481.57794964,6584893519.724371,526791481.57794964
290,Бета-калибровка,0.0009033332239395317,0.05453432257026498,0.04892448862997351,137399533.86841765,548405006.64355,6855062583.044375,548405006.64355
290,Изотоническая регрессия,0.6346020128980852,9.098025425784149e-06,0.04902616537174703,137706371.63001436,522906264.91029525,6536328311.37869,522906264.91029525
290,Логит-калибровка,0.004365463070711271,0.04823950030127245,0.048988403738045985,137579033.05792832,542350013.7434262,6779375171.792827,542350013.7434262
290,Монотонный сплайн,0.38095910916135994,5.679276089282901e-06,0.049094760352087916,137896134.4372502,526453362.0116948,6580667025.146185,526453362.0116948
290,Французский сплайн,0.29182532816200557,0.002399613432923119,0.049059539309025964,137800075.93999386,526307481.97287583,6578843524.660948,526307481.97287583
291,Бета-калибровка,0.009092387474822612,0.004808133062992535,0.049520144396794676,139072373.5239582,549759751.2670739,6871996890.838424,549759751.2670739
291,Изотоническая регрессия,0.4087434553798942,1.8936832574621431e-07,0.04961780758550259,139366743.6231255,524089371.35986054,6551117141.998257,524089371.3598606
291,Логит-калибровка,0.030033288694375097,0.002246995161159168,0.04958501637133603,139254559.9772601,543836279.7532094,6797953496.915117,543836279.7532094
291,Монотонный сплайн,0.39141702132004236,9.436340783745402e-07,0.049726444794478054,139668776.37046656,527833050.4522879,6597913130.653599,527833050.4522879
291,Французский сплайн,0.12122219117556589,7.034903804633172e-06,0.0496975352136761,139590503.46606678,527699113.62907016,6596238920.363378,527699113.62907016
292,Бета-калибровка,0.003383079565255246,0.11308438526420593,0.048958459258669915,137494936.98204857,548882794.3254201,6861034929.067751,548882794.3254201
292,Изотоническая регрессия,0.2810132294427702,0.0020708359393874355,0.04909493626513507,137899268.60700533,523358023.7692164,6541975297.115206,523358023.7692164
292,Логит-калибровка,0.006417021820891079,0.14536678055565833,0.04902033707452597,137668714.64009875,542893540.638153,6786169257.976912,542893540.638153
292,Монотонный сплайн,0.2638907567890805,0.0015302607576042915,0.049096867758284216,137901407.4328386,527036748.36077976,6587959354.509747,527036748.36077976
292,Французский сплайн,0.12183284578626538,0.017913804673709368,0.049072507976475006,137836150.26072863,526896617.5864088,6586207719.83011,526896617.5864088
293,Бета-калибровка,0.0034137749688790734,0.023691024220931493,0.0497221848032817,139639783.80153632,550008599.4054394,6875107492.567991,550008599.4054394
293,Изотоническая регрессия,0.38331692613523,9.80271068645603e-07,0.04991881739137037,140213415.16192454,524746159.3666564,6559326992.083204,524746159.3666564
293,Логит-калибровка,0.006425430328631358,0.022729610407134608,0.0497784820654164,139797889.0325154,544032081.3771741,6800401017.214676,544032081.3771741
293,Монотонный сплайн,0.23058178210114555,5.823135925961075e-07,0.049926587961138524,140232420.6181879,528298066.71133727,6603725833.891716,528298066.71133727
293,Французский сплайн,0.11905590333676465,0.0005474918648052841,0.04989060762389529,140134098.88335228,528152370.76959926,6601904634.61999,528152370.76959926
294,Бета-калибровка,0.011374776758258784,0.05487165848709895,0.04980963172541901,139885369.73766676,548911693.9428066,6861396174.285083,548911693.9428066
294,Изотоническая регрессия,0.31057209311855744,0.00040443506417161336,0.04992921021512858,140241884.76816708,522769605.3278531,6534620066.598164,522769605.3278531
294,Логит-калибровка,0.030033023853498958,0.07269892310666104,0.04984655128522531,139989054.62942678,542908202.1930902,6786352527.413627,542908202.1930902
294,Монотонный сплайн,0.38445799118919566,0.0016874754899620073,0.04992129650386502,140217097.02521032,526586773.5133784,6582334668.917229,526586773.5133784
294,Французский сплайн,0.31911333831190974,0.0031742257768551554,0.049897522244416084,140152993.4060753,526481936.36398256,6581024204.549782,526481936.36398256
295,Бета-калибровка,0.004140008669811493,0.05357864233948738,0.04897483028084544,137540913.36072636,550411993.5243086,6880149919.053857,550411993.5243086
295,Изотоническая регрессия,0.6799142280429802,8.408202220012058e-07,0.049178122227980105,138132290.06505933,525487399.858909,6568592498.236362,525487399.858909
295,Логит-калибровка,0.01616308883090489,0.03255641176813988,0.04902706855682735,137687619.33499393,544520359.5193675,6806504493.992093,544520359.5193675
295,Монотонный сплайн,0.6074063224347006,5.161690544045735e-07,0.04922248262990398,138254310.34162208,529329259.32245517,6616615741.530689,529329259.32245517
295,Французский сплайн,0.3919813319944448,0.0005935877895011771,0.04918377068464172,138148158.93349373,529122089.56916726,6614026119.614592,529122089.56916726
296,Бета-калибровка,0.008730352003000205,0.016282159217492778,0.04845446501901363,136079519.55939788,548375848.7231352,6854698109.039189,548375848.7231352
296,Изотоническая регрессия,0.3139489371245072,1.3971144100945282e-07,0.04853740675589806,136334459.5332641,522722787.8574151,6534034848.217689,522722787.8574151
296,Логит-калибровка,0.029882962963929918,0.00862886012837219,0.048543567730234854,136329755.61359155,542276664.9703637,6778458312.129547,542276664.9703637
296,Монотонный сплайн,0.3095656967526648,7.441902165255468e-07,0.04860302345699127,136515996.02650192,526154900.3525782,6576936254.407227,526154900.3525782
296,Французский сплайн,0.12057031133254033,6.493821814197658e-05,0.04856185383274654,136403126.7410978,526067867.55959034,6575848344.49488,526067867.55959034
297,Бета-калибровка,0.0016715251942841006,0.016768039744982397,0.04918163256121604,138121696.88491914,550054589.8979366,6875682373.724208,550054589.8979366
297,Изотоническая регрессия,0.39114179350950784,8.057097873685797e-06,0.04923161757931324,138283722.4097433,524609268.54590976,6557615856.823872,524609268.54590976
297,Логит-калибровка,0.007489780144674867,0.022841955218170507,0.04925184886174585,138318892.34332705,544065490.3149465,6800818628.9368305,544065490.3149465
297,Монотонный сплайн,0.43562578794062035,4.036767292935093e-05,0.04931847410282022,138524456.97897714,528085214.7122654,6601065183.9033165,528085214.7122654
297,Французский сплайн,0.23020303501659534,0.0005263691356628297,0.049287936170112095,138441727.31785244,527961912.4844771,6599523906.0559635,527961912.4844771
298,Бета-калибровка,0.014427323068651006,0.0055121445859815515,0.04964873249188188,139433500.33020106,548716981.9135737,6858962273.919671,548716981.9135737
298,Изотоническая регрессия,0.3703280581941345,1.0591950817064505e-08,0.04977341903514552,139805078.41830266,523110738.7286457,6538884234.10807,523110738.7286457
298,Логит-калибровка,0.02999542259189296,0.0026180201376593956,0.049691394402987726,139553312.04135072,542650611.0342572,6783132637.928215,542650611.0342572
298,Монотонный сплайн,0.3072780119001259,6.111553842102716e-08,0.049761010201851336,139767362.93465286,526849289.01078045,6585616112.634754,526849289.01078045
298,Французский сплайн,0.4195361357054357,9.000927029987746e-06,0.04973594560219294,139699756.48973382,526708724.5135263,6583859056.419079,526708724.5135263
299,Бета-калибровка,0.0013697070955920605,0.017315800177812358,0.04956910346085355,139209870.15946114,548521663.5547707,6856520794.434633,548521663.5547707
299,Изотоническая регрессия,0.44159560746549054,8.682141456924715e-06,0.04965882322920932,139483127.95691147,522564231.4728763,6532052893.4109535,522564231.4728763
299,Логит-калибровка,0.005559551519828592,0.009245985994734503,0.04961669935493051,139343538.46838683,542477713.3082197,6780971416.352746,542477713.3082197
299,Монотонный сплайн,0.5226943186919983,4.255049058445507e-05,0.04965265150366106,139462526.33638006,526302687.49656224,6578783593.707027,526302687.49656224
299,Французский сплайн,0.27543753743059096,6.949256422162991e-05,0.049633844426946884,139412901.2739229,526152210.8406168,6576902635.50771,526152210.8406168
300,Бета-калибровка,0.0012768808270852217,0.01642049664240282,0.049032819272723134,137703769.64551562,548161844.6469822,6852023058.087277,548161844.6469822
300,Изотоническая регрессия,0.4086048832254936,1.211826693213794e-06,0.049095451251007775,137901073.69333023,522683263.40155816,6533540792.519476,522683263.40155816
300,Логит-калибровка,0.00524528743403168,0.008710857368392843,0.049094602128519065,137877280.61773294,542041898.6631527,6775523733.289409,542041898.6631527
300,Монотонный сплайн,0.34661712787145416,6.595475080009563e-06,0.04922280989311794,138255871.64824525,526219956.62966096,6577749457.870762,526219956.629661
300,Французский сплайн,0.11717389697804961,6.498577849945215e-05,0.049177612724976706,138131807.61801812,526078451.3331542,6575980641.664426,526078451.3331542
301,Бета-калибровка,0.0008763640831442076,0.017700405963760196,0.049705879530435926,139593992.07327628,551610926.2419815,6895136578.024769,551610926.2419815
301,Изотоническая регрессия,0.47300467411641167,1.283276831047541e-07,0.049820565958499624,139935931.03785032,526360734.671281,6579509183.391012,526360734.671281
301,Логит-калибровка,0.004256580703453825,0.009478264494333987,0.04978526175363851,139816929.1089184,545728569.7086239,6821607121.3578,545728569.7086239
301,Монотонный сплайн,0.3452101535709422,6.247253502364548e-07,0.049873184070291024,140081311.03806618,530194225.5013249,6627427818.7665615,530194225.50132495
301,Французский сплайн,0.1225617965982138,7.334721537203604e-05,0.049846937721747385,140010039.75887838,530017076.1429775,6625213451.787218,530017076.1429775
302,Бета-калибровка,0.0031729759252298786,0.023712741536003053,0.049638591670237764,139405020.84669575,548911215.2154924,6861390190.193654,548911215.2154924
302,Изотоническая регрессия,0.4780543260523221,8.789711538735921e-06,0.049718686881572785,139651249.03820902,523163961.5441299,6539549519.301623,523163961.5441299
302,Логит-калибровка,0.012874225903245422,0.02272975026964929,0.049686806479077694,139540427.3158418,542875683.1769642,6785946039.712051,542875683.176964
302,Монотонный сплайн,0.2776568064983447,4.312819137968382e-05,0.04980871593614708,139901293.23573232,526758882.3533788,6584486029.417234,526758882.3533788
302,Французский сплайн,0.12266192556422263,0.0004962160043957762,0.04977425600382257,139807208.0594819,526658943.53464955,6583236794.18312,526658943.53464955
303,Бета-калибровка,0.005309610625862198,0.05276364468903618,0.048669953977712996,136684698.75100923,549212943.7453742,6865161796.817177,549212943.7453742
303,Изотоническая регрессия,0.37515253650455177,4.963347995348329e-05,0.04879534020140447,137058122.2216243,524401907.22054225,6555023840.256779,524401907.2205423
303,Логит-калибровка,0.019983112438382113,0.03199325763743696,0.04872989899939162,136853048.34989145,543222689.2121086,6790283615.151359,543222689.2121086
303,Монотонный сплайн,0.31165636707577776,0.00024125660508783942,0.04887534069219543,137279850.71911508,527990907.98133683,6599886349.76671,527990907.98133683
303,Французский сплайн,0.19324627187233095,0.0005857610425429977,0.04883751958700857,137176500.79944634,527815230.7233603,6597690384.042004,527815230.7233603
304,Бета-калибровка,0.0030859656830411076,0.016751380400375125,0.04850790955408376,136229613.19168884,549705051.967755,6871313149.596936,549705051.9677548
304,Изотоническая регрессия,0.47650285023175987,1.4724538442218638e-07,0.04855098857534813,136371047.91500765,524192619.1196798,6552407738.995996,524192619.1196798
304,Логит-калибровка,0.006420146195093904,0.00939428478629867,0.048605509549202196,136503713.01797944,543679834.8804786,6795997936.005983,543679834.8804786
304,Монотонный сплайн,0.44996157148255544,8.045457781209054e-08,0.048609696423004056,136532778.18569547,527768259.2280709,6597103240.350885,527768259.2280709
304,Французский сплайн,0.11911781395344198,7.010801298274433e-05,0.04858313663017868,136461306.00915426,527633897.0368935,6595423712.961168,527633897.0368935
305,Бета-калибровка,0.0060233155758263185,0.09629553920556189,0.04921359533646949,138211461.14294094,548747075.8603067,6859338448.253835,548747075.8603067
305,Изотоническая регрессия,0.557485308026017,6.22112634402442e-05,0.04938560342006871,138716295.844921,522876764.58489215,6535959557.311152,522876764.58489215
305,Логит-калибровка,0.02004008523523374,0.062235967903756045,0.049266836240516455,138360982.89786643,542718755.5794597,6783984444.743245,542718755.5794597
305,Монотонный сплайн,0.38435843405701225,0.0002906102292740851,0.04939605395927255,138742628.24705973,526617970.2360213,6582724627.950266,526617970.2360213
305,Французский сплайн,0.5384193539817961,0.002345110702128231,0.04935937637890272,138642591.34602833,526486809.8069263,6581085122.586578,526486809.8069263
306,Бета-калибровка,0.0007336345598274507,0.09777733023460701,0.04881282637164639,137085941.58213174,547509370.7558997,6843867134.448745,547509370.7558997
306,Изотоническая регрессия,0.6053200448798431,9.759045372562675e-06,0.04876225398350122,136964844.08726484,521225008.0889679,6515312601.1121,521225008.088968
306,Логит-калибровка,0.003656927968248138,0.06332983181145381,0.04887387283547669,137257384.47115272,541378473.1607286,6767230914.509106,541378473.1607286
306,Монотонный сплайн,0.6190039794987123,4.932525856730573e-05,0.048899329509006904,137347099.8860624,524877741.606536,6560971770.081699,524877741.606536
306,Французский сплайн,0.27548211415634016,0.0025488819362941254,0.04887152619820065,137271737.22677147,524824293.5064203,6560303668.830254,524824293.5064203
307,Бета-калибровка,0.013320102333823598,0.018315258759737444,0.04914554536150852,138020349.59326053,550921423.1875608,6886517789.844509,550921423.1875608
307,Изотоническая регрессия,0.8577041319203529,1.0593929955846298e-06,0.04923949944450945,138303944.23996034,525722316.416428,6571528955.20535,525722316.416428
307,Логит-калибровка,0.029906964387905452,0.009849226955004259,0.04922848959053512,138253290.16605884,544918655.0957383,6811483188.696729,544918655.0957383
307,Монотонный сплайн,0.704231162837698,6.503694028456162e-07,0.049338459620653856,138579576.96739894,529411730.4689798,6617646630.862246,529411730.4689798
307,Французский сплайн,0.44374728171100664,7.641490208025705e-05,0.04929079232554478,138448094.36128855,529301978.670308,6616274733.378849,529301978.670308
308,Бета-калибровка,0.0022384373841588742,0.18938003377888518,0.049596770352781844,139287569.85875252,550627637.9647796,6882845474.559744,550627637.9647796
308,Изотоническая регрессия,0.6347089625302427,0.0003727681746179886,0.04969900525857603,139595496.76818496,525425492.626628,6567818657.8328495,525425492.626628
308,Логит-калибровка,0.006452091064931228,0.18706017008178968,0.0496622738549908,139471529.8943562,544708662.0424571,6808858275.530714,544708662.0424571
308,Монотонный сплайн,0.5440558168942932,0.001643970028981921,0.04975782748897215,139758014.22206575,529114883.99232656,6613936049.904081,529114883.99232656
308,Французский сплайн,0.2754445695338162,0.017653131241981247,0.04973328522062835,139691627.8786271,528952410.139536,6611905126.7442,528952410.139536
309,Бета-калибровка,0.009764965026780353,0.04876701093047133,0.04874294579915677,136889688.9823519,548362081.875349,6854526023.441864,548362081.875349
309,Изотоническая регрессия,0.6644658283454781,8.679768403500311e-06,0.04880604120416157,137088772.91776735,522516056.2296154,6531450702.870193,522516056.2296154
309,Логит-калибровка,0.029933170136917264,0.029254687061566087,0.048818627100444344,137102232.34888792,542291228.6395347,6778640357.9941845,542291228.6395347
309,Монотонный сплайн,0.5449079198990148,4.1960453234011606e-05,0.04892558366239154,137421520.3904305,526202473.25911295,6577530915.738911,526202473.25911295
309,Французский сплайн,0.31568484149635856,0.0005020129047417804,0.048885761264172385,137312554.62204033,526060266.5330621,6575753331.663276,526060266.5330621
310,Бета-калибровка,0.011482014817856896,0.048361699262308704,0.04882120876841665,137109482.70522135,548510119.7299562,6856376496.624453,548510119.7299562
310,Изотоническая регрессия,0.19052361740737264,8.955861941253264e-06,0.04895817479445866,137515785.69275767,522813565.4622404,6535169568.278006,522813565.4622404
310,Логит-калибровка,0.029947800234444107,0.028980278571716908,0.04888687118785246,137293889.04396486,542469091.4658756,6780863643.323445,542469091.4658756
310,Монотонный сплайн,0.290289669948285,4.3445285823584766e-05,0.04898539955964589,137589175.94637612,526387571.71376085,6579844646.422011,526387571.71376085
310,Французский сплайн,0.12009259028492915,0.0004997280681301587,0.048951009511440664,137495664.02831125,526243079.14123416,6578038489.265427,526243079.14123416
311,Бета-калибровка,0.0022379056449369824,0.02353571361510908,0.04778938653762546,134211713.15226734,546773968.5797737,6834674607.24717,546773968.5797737
311,Изотоническая регрессия,0.3779009215807053,9.19519369846642e-06,0.04789011554918493,134515291.30833098,520984739.01930606,6512309237.741325,520984739.01930606
311,Логит-калибровка,0.006444887540118757,0.03209053022643529,0.04785552200670761,134397448.00363764,540667039.3970827,6758337992.463535,540667039.3970828
311,Монотонный сплайн,0.35950294598895355,5.657253776588961e-06,0.04799224704089173,134799591.3001774,524578413.7881396,6557230172.351744,524578413.7881395
311,Французский сплайн,0.24295900523319836,0.002544991672547974,0.04795707379004461,134703393.7849784,524472999.8387154,6555912497.983943,524472999.8387154
312,Бета-калибровка,0.0034147572095718144,0.04985770614109333,0.04948589260806598,138976180.80049253,550583269.8906922,6882290873.633652,550583269.8906922
312,Изотоническая регрессия,0.5843031115575485,5.572809451629077e-05,0.04960585042638205,139334598.33745137,525535509.51491326,6569193868.936417,525535509.51491326
312,Логит-калибровка,0.00642570329427143,0.030003758710610617,0.04955063743325755,139158010.16756052,544690591.8838017,6808632398.547522,544690591.8838017
312,Монотонный сплайн,0.5923333876426178,0.0002558297623167654,0.04966635149636017,139501423.37297618,529223658.33474684,6615295729.184336,529223658.33474684
312,Французский сплайн,0.2754051232816396,0.0005379153960974065,0.049640247943061565,139431120.33560562,528992173.8895793,6612402173.6197405,528992173.8895793
313,Бета-калибровка,0.003995928730255135,0.01761084349981769,0.04897378876921229,137537988.3794558,548374713.0735958,6854683913.419947,548374713.0735958
313,Изотоническая регрессия,0.492984816901651,1.1772150080391742e-06,0.049047734346602936,137764793.1389997,522601919.41039795,6532523992.629974,522601919.41039795
313,Логит-калибровка,0.01410160330403943,0.009423534386759788,0.049019126875500474,137665315.91715556,542369499.2833099,6779618741.041374,542369499.2833099
313,Монотонный сплайн,0.384651301807851,6.013158850560807e-06,0.04911203391494027,137942883.2127384,526395527.98619425,6579944099.827429,526395527.98619425
313,Французский сплайн,0.12119982014459041,7.19245512448497e-05,0.049090164868736,137883943.87551874,526284535.60036224,6578556695.004528,526284535.60036224
314,Бета-калибровка,0.0003312204804487782,0.023262422088657635,0.048638558695192034,136596528.23957735,547733551.6617049,6846669395.771311,547733551.6617049
314,Изотоническая регрессия,0.4123538134540532,6.568024893535827e-05,0.04859093272841982,136484423.0744942,521613085.5445807,6520163569.307259,521613085.5445807
314,Логит-калибровка,0.0018410293146763623,0.03168533122620088,0.04871604336272567,136814136.17987877,541591790.4141691,6769897380.1771145,541591790.4141691
314,Монотонный сплайн,0.4914353389287444,0.0003035253628280066,0.04869282442606665,136767942.0039991,525250636.71358633,6565632958.919829,525250636.71358633
314,Французский сплайн,0.3156319280684827,0.003113767517403385,0.04866812162841373,136701251.06265622,525159424.97380745,6564492812.172593,525159424.97380745
315,Бета-калибровка,0.006875870792508003,0.04786630060994329,0.048906167719303464,137348081.42289186,547958337.1017684,6849479213.772104,547958337.1017684
315,Изотоническая регрессия,0.5324832209178699,1.2516947220551979e-06,0.048924822603458595,137421760.5995531,521870300.03491277,6523378750.436409,521870300.03491277
315,Логит-калибровка,0.02488521008331903,0.02864370184882661,0.04896709658493099,137519194.0491202,541899272.6097506,6773740907.621882,541899272.6097506
315,Монотонный сплайн,0.4382799684398263,6.417759840948568e-06,0.04897526927111205,137560488.95374912,525661277.90146446,6570765973.768305,525661277.90146446
315,Французский сплайн,0.41283196806625355,0.0004888119930217738,0.04895885566772588,137517291.3410291,525557204.42436206,6569465055.304525,525557204.42436206
316,Бета-калибровка,0.00223812149837334,0.017270363040378385,0.04946654411344527,138921842.48819968,549622829.5345047,6870285369.181307,549622829.5345045
316,Изотоническая регрессия,0.5641490607151854,1.3336815926019023e-07,0.04953324625089978,139129859.57102698,524259791.0589483,6553247388.236853,524259791.0589483
316,Логит-калибровка,0.006448066213295512,0.009219510678451035,0.04953249980560911,139107072.4540726,543639130.1140747,6795489126.425933,543639130.1140747
316,Монотонный сплайн,0.37168572504087166,6.619400216678446e-07,0.049572586690401634,139237828.6384216,527857280.551743,6598216006.896787,527857280.551743
316,Французский сплайн,0.1343231096659894,6.999723521893424e-05,0.049556597388952024,139195368.64551967,527695404.21420026,6596192552.677504,527695404.21420026
317,Бета-калибровка,0.002054597862883576,0.04890147158552983,0.049678061498401,139515867.91210938,549800572.4406598,6872507155.508246,549800572.4406598
317,Изотоническая регрессия,0.07726081716736122,1.0805799590508592e-06,0.04972238738489696,139662717.93174464,523662047.60118634,6545775595.01483,523662047.6011864
317,Логит-калибровка,0.008881511106871484,0.029347011629582025,0.04973934496547717,139687976.4010461,543790847.5640728,6797385594.550911,543790847.5640728
317,Монотонный сплайн,0.10287905992038249,5.358712150907411e-06,0.049690467014696184,139570147.96384415,527531313.71758884,6594141421.469861,527531313.71758884
317,Французский сплайн,0.08075138678017085,0.0005044509045516396,0.04967868904818265,139539985.1438563,527397627.27253306,6592470340.906664,527397627.27253306
318,Бета-калибровка,0.0004026445570122676,0.01786548540168031,0.0486434621833337,136610299.19567436,549130754.8783541,6864134435.9794235,549130754.878354
318,Изотоническая регрессия,0.3446011384772374,1.1085621536271314e-06,0.048672519756035856,136711997.2828511,523332768.8633613,6541659610.792016,523332768.8633613
318,Логит-калибровка,0.002172433425195239,0.009576838363817756,0.04872638007469866,136843165.8017837,543062441.3604045,6788280517.005056,543062441.3604045
318,Монотонный сплайн,0.2510370533845787,5.518533779941463e-06,0.04875992837809136,136954777.52613243,527055286.9948217,6588191087.435272,527055286.9948217
318,Французский сплайн,0.13351946717187727,7.24570261405328e-05,0.04872633541696166,136863264.3398844,526963568.08581316,6587044601.072665,526963568.08581316
319,Бета-калибровка,0.013221420783977759,0.023654164966513895,0.0492017164976771,138178100.61207637,549678984.9956785,6870987312.445982,549678984.9956785
319,Изотоническая регрессия,0.5526254762891174,7.742145678154605e-06,0.049213074303071695,138231286.67274654,524109788.2369834,6551372352.962293,524109788.2369834
319,Логит-калибровка,0.02990627331220253,0.022729994462822388,0.049277468427892136,138390842.33289227,543609085.9639574,6795113574.549467,543609085.9639574
319,Монотонный сплайн,0.4913460662179867,3.8467618969447226e-05,0.049320922766238,138530932.0420163,527794775.747657,6597434696.845713,527794775.747657
319,Французский сплайн,0.44477683573950205,0.0005409035010442742,0.04928523856576238,138433808.7815583,527675090.51791,6595938631.473875,527675090.51791
320,Бета-калибровка,0.00312914677437039,0.01667194116969059,0.047725239509404355,134031562.63821122,546088425.0973344,6826105313.716679,546088425.0973344
320,Изотоническая регрессия,0.46875288319282166,1.173326413178526e-07,0.047858473952826976,134426548.6491193,520344199.6089945,6504302495.112431,520344199.6089945
320,Логит-калибровка,0.006411681927182816,0.00906267068376108,0.04777123966785197,134160749.48319547,540037289.5617881,6750466119.52235,540037289.5617881
320,Монотонный сплайн,0.36519801667390206,7.454876555694531e-08,0.04790841730340252,134564341.98604423,524206080.01568204,6552576000.196025,524206080.01568204
320,Французский сплайн,0.12250563874255233,7.110753395396678e-05,0.047878829983558795,134483710.27780297,524073145.25148594,6550914315.643574,524073145.25148594
321,Бета-калибровка,0.0022385227979980432,0.023779608897641163,0.05020065091850234,140983508.039522,549847026.8603932,6873087835.754915,549847026.8603932
321,Изотоническая регрессия,0.66531712077185,6.445948037754948e-05,0.050318854444744994,141336879.22262186,523321425.2535572,6541517815.669466,523321425.2535572
321,Логит-калибровка,0.006453076319476707,0.02273177213468337,0.050256324688296584,141139862.25461215,543813787.2789128,6797672340.98641,543813787.2789128
321,Монотонный сплайн,0.5661803792494655,4.56468854149448e-05,0.050351558491580614,141426100.07170853,527014885.87020546,6587686073.377567,527014885.87020546
321,Французский сплайн,0.27546005148145714,0.003119070536570098,0.050318209743087754,141335107.1084413,526963522.9867897,6587044037.334871,526963522.9867897
322,Бета-калибровка,0.0017875065560488898,0.04968803053331063,0.04924950540776499,138312310.9871672,548479200.4640981,6855990005.801226,548479200.4640981
322,Изотоническая регрессия,0.6653897773735469,1.0582255873229737e-06,0.0494254969460106,138826897.6231762,522692948.07338285,6533661850.917286,522692948.07338285
322,Логит-калибровка,0.007888393111223966,0.02988504916729856,0.04929821491354162,138449106.76319027,542423553.3492396,6780294416.865495,542423553.3492396
322,Монотонный сплайн,0.5472902717549493,5.891598430574427e-06,0.04939836097297483,138748219.22596854,526514046.75379026,6581425584.422379,526514046.75379026
322,Французский сплайн,0.4054753277585761,0.0005317600154596006,0.04936804889416789,138665526.63813916,526417517.46902597,6580218968.362825,526417517.46902597
323,Бета-калибровка,0.0005480006807445043,0.017492444418017374,0.04918016917246665,138117587.10395536,548684409.210091,6858555115.126137,548684409.210091
323,Изотоническая регрессия,0.5472057458737727,1.0335577462017005e-06,0.049255260111931994,138349043.6983498,523204163.52456754,6540052044.057095,523204163.52456754
323,Логит-калибровка,0.0028436643727995045,0.009353991908156795,0.049224611266171246,138242398.27991533,542696092.8541391,6783701160.676739,542696092.8541391
323,Монотонный сплайн,0.4436458797264987,5.297337903059497e-06,0.0493388361061987,138581298.01973236,526817807.6066414,6585222595.083017,526817807.6066414
323,Французский сплайн,0.3046709018808613,7.280659939779989e-05,0.049309677524997014,138501790.53880143,526695346.20392156,6583691827.549019,526695346.20392156
324,Бета-калибровка,0.003377651647946193,0.005957215695179131,0.04905235060745535,137758621.44597763,549540312.4995553,6869253906.24444,549540312.4995553
324,Изотоническая регрессия,0.3106224832716114,1.1926295605766186e-06,0.04909598292063582,137901490.43431365,523849397.6615386,6548117470.769234,523849397.6615386
324,Логит-калибровка,0.006415858291472282,0.008361879530604488,0.04912514375535201,137963053.7225306,543477583.4554485,6793469793.193107,543477583.4554486
324,Монотонный сплайн,0.33278143048380016,6.971265546423868e-07,0.04916105828041245,138081637.1711203,527523299.6851338,6594041246.064173,527523299.6851338
324,Французский сплайн,0.2754071756685519,0.0005176559307129095,0.049125260663436615,137983580.53527313,527435855.95338935,6592948199.417367,527435855.95338935
325,Бета-калибровка,0.00876050724382528,0.016925212654766902,0.048813107733537454,137086731.7588666,548478014.3157458,6855975178.946824,548478014.3157458
325,Изотоническая регрессия,0.4894591903255009,1.089694289427988e-06,0.04887519171315581,137282736.0072268,522645981.09098625,6533074763.637328,522645981.09098625
325,Логит-калибровка,0.029926187278855577,0.009013139691553764,0.048897704441614294,137324313.15382957,542363456.0958948,6779543201.198685,542363456.0958948
325,Монотонный сплайн,0.32247349731717184,5.632440531445976e-06,0.0489188584559014,137402835.58756745,526043376.14552414,6575542201.819052,526043376.14552414
325,Французский сплайн,0.11696959491398848,6.804732814946487e-05,0.04888816629812676,137319162.40573904,525974024.1404652,6574675301.755815,525974024.1404652
326,Бета-калибровка,0.003386020038470023,0.02305905206944269,0.04895735085775261,137491824.14891243,547669100.5485773,6845863756.857216,547669100.5485773
326,Изотоническая регрессия,0.6439655024693619,6.029266254027248e-05,0.04905058900502503,137775321.7617123,521988433.8249483,6524855422.811853,521988433.8249483
326,Логит-калибровка,0.006417675707802807,0.03137409144717307,0.049012593281525386,137646966.9718359,541556032.0640402,6769450400.800503,541556032.0640402
326,Монотонный сплайн,0.606478529832271,0.00029032113958037744,0.049143579227312204,138034089.32498467,525502087.4885638,6568776093.607046,525502087.4885638
326,Французский сплайн,0.2754006113376839,0.003207779167558854,0.049105170619202325,137928566.4795649,525384312.68902373,6567303908.612797,525384312.6890238
327,Бета-калибровка,0.00198869722781668,0.01707210528712241,0.04915779322159896,138054746.48353857,548230612.7000637,6852882658.750795,548230612.7000637
327,Изотоническая регрессия,0.4061975529189682,1.0873336781839865e-06,0.049290532068084224,138448101.46000773,522202704.4839095,6527533806.048868,522202704.4839095
327,Логит-калибровка,0.008653976758982523,0.009101189905615665,0.049200402964194596,138174411.6846441,542235656.1946115,6777945702.432644,542235656.1946115
327,Монотонный сплайн,0.22664540844844067,5.705891949781123e-06,0.04931593284148555,138516600.36821982,526142614.05194,6576782675.64925,526142614.0519401
327,Французский сплайн,0.12280361363744662,6.955445883934871e-05,0.049289607021590555,138445379.6702,526041490.90986186,6575518636.373273,526041490.90986186
328,Бета-калибровка,0.002735076075706444,0.12232970486464272,0.04938379124927184,138689439.34445506,549699632.3549445,6871245404.436806,549699632.3549445
328,Изотоническая регрессия,0.38978659332535814,6.293701646175278e-05,0.049502523272262906,139044653.55782315,523998074.15085244,6549975926.885654,523998074.15085244
328,Логит-калибровка,0.011341880070492073,0.08237641591379677,0.049470912143626394,138934109.66416037,543659828.9472513,6795747861.840641,543659828.9472513
328,Монотонный сплайн,0.366119008722362,4.293386308440373e-05,0.049576274357499756,139248772.90565646,527529314.5549737,6594116431.937172,527529314.5549737
328,Французский сплайн,0.12252161285359615,0.003209071978791869,0.04953580685990821,139137900.72544742,527455235.855732,6593190448.19665,527455235.855732
329,Бета-калибровка,0.0033845290138019343,0.017005758426624572,0.04920719668712357,138193491.17611784,548213948.1164172,6852674351.455215,548213948.1164172
329,Изотоническая регрессия,0.2871986020434301,1.137710316009782e-06,0.0492597920272234,138363325.92925423,522112150.7566129,6526401884.457661,522112150.7566129
329,Логит-калибровка,0.00641730502338024,0.009060515981633625,0.049266135019683785,138359013.58927995,542142027.6086739,6776775345.108424,542142027.608674
329,Монотонный сплайн,0.3122755047615142,5.446755194912932e-06,0.04935548655616949,138629182.44202295,525898847.24151146,6573735590.518892,525898847.24151146
329,Французский сплайн,0.1918122647502122,6.704685620610308e-05,0.04932416456663582,138544101.1991204,525771177.5400847,6572139719.251059,525771177.5400847
330,Бета-калибровка,0.00277444908920118,0.015943543254951606,0.04998201893072731,140369501.9650546,549019908.4894353,6862748856.117941,549019908.4894353
330,Изотоническая регрессия,0.5527104231571908,1.4059832943102066e-07,0.0500308130707253,140528541.82782495,522749597.22361803,6534369965.295225,522749597.2236181
330,Логит-калибровка,0.011481447632430523,0.008427264610076859,0.0500358074582686,140520561.66580153,542969496.8896561,6787118711.1207,542969496.8896561
330,Монотонный сплайн,0.21965594416154383,7.734642093000293e-07,0.050063129878836814,140616463.06578887,526430287.2740978,6580378590.926223,526430287.2740978
330,Французский сплайн,0.14950906892139776,6.288026381015694e-05,0.05004511458358333,140568654.46106362,526320231.80431473,6579002897.553934,526320231.80431473
331,Бета-калибровка,0.00342917999019251,0.016977963611821786,0.04879783061808965,137043827.507843,549775515.4905648,6872193943.63206,549775515.4905648
331,Изотоническая регрессия,0.4345478498721845,1.0737810209838923e-06,0.0489485325116087,137487988.70560187,524116632.04494524,6551457900.561815,524116632.04494524
331,Логит-калибровка,0.006430666366393698,0.009044762214867897,0.0488971960440194,137322885.37002409,543730085.6447535,6796626070.559417,543730085.6447535
331,Монотонный сплайн,0.18988489855530122,5.7429228745170165e-06,0.04899392602734632,137612140.5620071,527785689.1080122,6597321113.850153,527785689.1080122
331,Французский сплайн,0.11995160220493571,6.938439280947678e-05,0.048950721511305105,137494105.84093565,527662410.60464716,6595780132.558088,527662410.60464716
332,Бета-калибровка,0.009873568006894578,0.017958852331173412,0.04895101194988447,137474021.9600556,548253231.1450765,6853165389.313456,548253231.1450765
332,Изотоническая регрессия,0.6967335022434522,6.9862888036963005e-06,0.0490095693603481,137660002.5916016,523018484.3234445,6537731054.043056,523018484.3234445
332,Логит-калибровка,0.029899811481021013,0.009635660225541139,0.048988131884966875,137578269.58574098,542240765.7912233,6778009572.39029,542240765.7912233
332,Монотонный сплайн,0.4413893250147284,3.5359459154805775e-05,0.04908843843886918,137878959.71304518,526634146.88692194,6582926836.086525,526634146.88692194
332,Французский сплайн,0.30433669026033905,7.640295191013679e-05,0.04906087668971713,137803983.266976,526485656.71271414,6581070708.908927,526485656.71271414
333,Бета-калибровка,0.001891207927374805,0.05490010374002184,0.04861549111650253,136531745.25158572,549155355.8911228,6864441948.639034,549155355.8911228
333,Изотоническая регрессия,0.4904198975136032,5.805407975139567e-05,0.048700433561124384,136791347.21306172,523843480.37020385,6548043504.627548,523843480.37020385
333,Логит-калибровка,0.007402491465540327,0.07274467816373315,0.048692438000966905,136747842.88191545,543106665.4697816,6788833318.372272,543106665.4697816
333,Монотонный сплайн,0.2757889002553132,4.05536106318887e-05,0.04883396371091889,137163620.6601478,527453537.7613487,6593169222.016859,527453537.7613487
333,Французский сплайн,0.12514860688979756,0.0033490293092655866,0.04878669616983383,137033656.2467814,527320273.33087605,6591503416.63595,527320273.33087605
334,Бета-калибровка,0.0003677158137810252,0.00546198661608882,0.048681314446843274,136716603.49251467,548964196.6575437,6862052458.2192955,548964196.6575437
334,Изотоническая регрессия,0.4903791750089398,1.2618332091453317e-07,0.04864320095182681,136631213.15311044,523305874.6082613,6541323432.603267,523305874.6082613
334,Логит-калибровка,0.002022689318556768,0.002590930224953047,0.048762987641060664,136945974.4911548,542885574.2408092,6786069678.010116,542885574.2408092
334,Монотонный сплайн,0.48932195645096216,6.293799074568425e-07,0.048813310978308364,137106007.33412927,526876017.4159241,6585950217.699051,526876017.4159241
334,Французский сплайн,0.27541038502680043,8.474379513182477e-06,0.048778645333956185,137011572.92118573,526753250.54924935,6584415631.865617,526753250.54924935
335,Бета-калибровка,0.005316332280468764,0.018306255228692097,0.04856688762209745,136395247.1978985,550021036.3678074,6875262954.597592,550021036.3678074
335,Изотоническая регрессия,0.47636855867281364,9.983132713886369e-08,0.04856899568547725,136422217.0830943,524703433.73144424,6558792921.643053,524703433.73144424
335,Логит-калибровка,0.02000068405008477,0.009843386498159593,0.04865877170972059,136653294.46957934,543987025.3653607,6799837817.067009,543987025.3653607
335,Монотонный сплайн,0.5047092229013606,5.410552612012772e-07,0.04869168387424637,136763986.17194802,528311272.06757545,6603890900.844692,528311272.06757545
335,Французский сплайн,0.4426208713915381,7.662183865076465e-05,0.048654781951081236,136662932.8231825,528185275.0105313,6602315937.631641,528185275.0105313
336,Бета-калибровка,0.014403692848949518,0.005220632732732425,0.04830867344973427,135670078.5162337,548924523.8370168,6861556547.96271,548924523.8370168
336,Изотоническая регрессия,0.40867240009589767,1.3939032881844135e-08,0.04836004383362679,135835635.9023575,523081906.95031244,6538523836.878905,523081906.9503125
336,Логит-калибровка,0.02989135657244275,0.0024635287490366387,0.04839745258646312,135919405.84382302,542832193.6645178,6785402420.806471,542832193.6645178
336,Монотонный сплайн,0.15181428485233556,7.509838236386101e-08,0.04851244113603695,136260649.16173902,526779327.3620875,6584741592.0260935,526779327.3620875
336,Французский сплайн,0.1228027290530163,8.165301249810842e-06,0.048456861838923754,136107472.99391946,526702315.188398,6583778939.854975,526702315.188398
337,Бета-калибровка,0.010299226945024638,0.00547590626602679,0.049152434687567914,138039697.57656574,549939285.0489925,6874241063.112407,549939285.0489925
337,Изотоническая регрессия,0.49480314646314694,1.19736029878115e-08,0.049226182438564206,138268577.96046373,524453643.0261965,6555670537.8274555,524453643.0261965
337,Логит-калибровка,0.029933308891942678,0.002598512294552221,0.04923726820940785,138277944.03930104,543930863.7500157,6799135796.875198,543930863.7500157
337,Монотонный сплайн,0.4810696457379966,6.495601833507225e-08,0.04927063783217976,138390288.2713523,528146485.6098845,6601831070.123558,528146485.6098845
337,Французский сплайн,0.12455922847067563,8.783822101907363e-06,0.049242172993029285,138313372.9046466,527990943.24137175,6599886790.517147,527990943.24137175
338,Бета-калибровка,0.004345230589194897,0.09551867762918871,0.049835319081061626,139957510.10725343,548994571.222964,6862432140.28705,548994571.222964
338,Изотоническая регрессия,0.22350461193651933,6.851862600919507e-05,0.049971031436229045,140360292.28550562,522728121.5902869,6534101519.878587,522728121.59028697
338,Логит-калибровка,0.016923859335333278,0.06166110291133798,0.04988663932108546,140101637.86933643,542987544.4274524,6787344305.343156,542987544.4274524
338,Монотонный сплайн,0.12433792807955012,4.7488496501352046e-05,0.04995769947864659,140319986.10880184,526411489.67782843,6580143620.972856,526411489.67782843
338,Французский сплайн,0.0743491086678277,0.0023325814804499717,0.04994027575326905,140273777.36963618,526311697.4583453,6578896218.229316,526311697.4583453
339,Бета-калибровка,0.0027626662869520637,0.005148814427124324,0.049024802659517794,137681255.78898978,547257524.5910208,6840719057.387759,547257524.5910208
339,Изотоническая регрессия,0.5451026520939514,1.5376097505171637e-08,0.04914562715795556,138042226.91040242,521310336.23653626,6516379202.956703,521310336.23653626
339,Логит-калибровка,0.006423887787079013,0.00242542397167062,0.04906981083013729,137807656.73535758,541155698.5045096,6764446231.30637,541155698.5045094
339,Монотонный сплайн,0.43953427096470876,8.365708841218404e-08,0.04925804101925543,138354917.93165874,524959713.4105584,6561996417.63198,524959713.4105584
339,Французский сплайн,0.11943654077048343,7.803849295258003e-06,0.0492189972109829,138248116.6169017,524857806.745942,6560722584.324275,524857806.745942
340,Бета-калибровка,0.0034717821809651384,0.017092734371012032,0.04866163274747833,136661329.40801814,548252314.1097326,6853153926.371657,548252314.1097326
340,Изотоническая регрессия,0.762077032766922,1.204401473236057e-07,0.048804213420457564,137083759.37001303,522576342.6715181,6532204283.393975,522576342.6715181
340,Логит-калибровка,0.013953827722204885,0.00911315026596124,0.048715622254305084,136812953.5389904,542234002.699536,6777925033.7442,542234002.6995358
340,Монотонный сплайн,0.6102504087573135,6.575326803053815e-07,0.04885253670096631,137216422.29717413,526373518.4263017,6579668980.328772,526373518.4263017
340,Французский сплайн,0.3544680602182624,6.958237326531498e-05,0.048815321593977064,137114783.89708763,526221098.4611993,6577763730.764991,526221098.4611993
341,Бета-калибровка,0.002865738624246912,0.016639860339867394,0.05029790578673756,141256638.6114738,551306056.482507,6891325706.031338,551306056.482507
341,Изотоническая регрессия,0.49085005983730523,1.1133112591744709e-06,0.05033165876258707,141372599.66884953,525627863.4410601,6570348293.013251,525627863.4410601
341,Логит-калибровка,0.010627378925314294,0.008842007306692748,0.050363426482900736,141440646.93457842,545341536.7679654,6816769209.599567,545341536.7679653
341,Монотонный сплайн,0.23812143700400812,7.41373090293063e-07,0.050429371843879335,141644410.55486605,529358982.06566626,6616987275.8208275,529358982.06566626
341,Французский сплайн,0.1238461542586144,6.835876487358802e-05,0.05039571613041388,141552537.55562627,529251112.93606114,6615638911.700764,529251112.93606114
342,Бета-калибровка,0.0016144474928920494,0.01772487172615129,0.04962229529896519,139359254.11761385,551321447.6675404,6891518095.8442545,551321447.6675404
342,Изотоническая регрессия,0.5822156195883177,1.1228317684789494e-07,0.049677388827868464,139534549.9841858,526350817.65830433,6579385220.728804,526350817.65830433
342,Логит-калибровка,0.006434705286576577,0.00949382216293434,0.04971077753690187,139607747.63463524,545355004.4722301,6816937555.902876,545355004.4722301
342,Монотонный сплайн,0.33507100759268815,6.687783356484477e-08,0.04977162990702064,139796113.74762848,529946685.2772541,6624333565.965676,529946685.2772541
342,Французский сплайн,0.12418662362308872,7.447083772853651e-05,0.04974131532191865,139714028.1586891,529763601.787736,6622045022.346699,529763601.787736
343,Бета-калибровка,0.003398111122634755,0.05485227498867383,0.04859395320036112,136471258.16789418,548090017.6579145,6851125220.723931,548090017.6579145
343,Изотоническая регрессия,0.5198511777000145,0.0003743171198669746,0.0487668701443561,136977927.7134097,522694658.9746368,6533683237.1829605,522694658.9746368
343,Логит-калибровка,0.0064207814611257265,0.048222731453346414,0.04864871215682893,136625043.22123837,542102434.694079,6776280433.675987,542102434.694079
343,Монотонный сплайн,0.30345521202474046,0.0015931068363636799,0.048841896248230925,137185787.69135946,526251430.4661777,6578142880.82722,526251430.4661777
343,Французский сплайн,0.11898838902687527,0.0024984215655622774,0.048806980709544395,137090489.71443215,526081193.7818072,6576014922.272589,526081193.7818072
344,Бета-калибровка,0.00893486739107352,0.08267649726830004,0.048413677974196975,135964973.2227348,547308458.9773428,6841355737.216785,547308458.9773428
344,Изотоническая регрессия,0.7687472419657986,0.0022709872050185034,0.04843961487587594,136059462.01741,521218766.5696415,6515234582.120518,521218766.5696415
344,Логит-калибровка,0.029975123444339374,0.04764739694195811,0.048487041950268,136171008.61313266,541162313.8774168,6764528923.46771,541162313.8774168
344,Монотонный сплайн,0.542912711388776,0.008871840391338813,0.04854202113955682,136344310.6554753,524897008.1678195,6561212602.097743,524897008.1678195
344,Французский сплайн,0.21507899264135616,0.016500150237719013,0.04850494779523326,136242844.22842428,524820415.12465847,6560255189.058229,524820415.12465847
345,Бета-калибровка,0.005917312517990495,0.023654712340000224,0.04920779693340743,138195176.90778142,548786820.3947775,6859835254.934719,548786820.3947775
345,Изотоническая регрессия,0.4871975996653825,9.031343694839101e-06,0.04921030546358513,138222314.6639325,522742576.50530106,6534282206.316263,522742576.50530106
345,Логит-калибровка,0.021965661415725334,0.02272992557143889,0.04927541205254956,138385067.20838016,542743911.4647934,6784298893.309917,542743911.4647934
345,Монотонный сплайн,0.4746526703782583,4.433922616408023e-05,0.049271798987329335,138392267.67291856,526337161.8846584,6579214523.558229,526337161.8846584
345,Французский сплайн,0.12245605915466899,0.0005162173478186041,0.04925613793845254,138351019.49362537,526233480.4797698,6577918505.997122,526233480.4797698
346,Бета-калибровка,0.0034376179824780213,0.0477630205203272,0.04890637333410851,137348658.87151036,548114308.3986695,6851428854.983367,548114308.3986695
346,Изотоническая регрессия,0.2843508506741528,0.00040693872192517,0.0489281084976447,137430869.10478538,522249136.98399365,6528114212.299921,522249136.98399365
346,Логит-калибровка,0.0064337714561621545,0.02857615618673665,0.04897690450176501,137546738.60275686,541997565.7527748,6774969571.909685,541997565.7527748
346,Монотонный сплайн,0.5171307378554981,0.0003028291394271796,0.049040825045373604,137744723.60326943,525848501.1181233,6573106263.976541,525848501.1181233
346,Французский сплайн,0.12335664328667649,0.0004938982994273424,0.049006965692177266,137652161.16414583,525766900.4773339,6572086255.966674,525766900.4773339
347,Бета-калибровка,0.0006129134247473368,0.016827573230901956,0.048404961206823624,135940493.05324346,547079997.6179101,6838499970.223877,547079997.6179101
347,Изотоническая регрессия,0.42359844269385005,1.2133150551591517e-06,0.0484859939818692,136189354.29868147,520994128.69650435,6512426608.706305,520994128.69650435
347,Логит-калибровка,0.0031364659946335567,0.008953555680424616,0.048464876119089804,136108758.09285182,540966328.996731,6762079112.459138,540966328.996731
347,Монотонный сплайн,0.23606920956705668,5.978560424812436e-06,0.04855432844134525,136378555.4147433,524810352.8502325,6560129410.627905,524810352.8502325
347,Французский сплайн,0.3040255786861621,6.59070600666985e-05,0.048517483475651234,136277759.42031938,524731607.7183748,6559145096.479685,524731607.7183748
348,Бета-калибровка,0.0005082066101929965,0.050329994710984274,0.0501404141584486,140814339.12258705,551452498.9795934,6893156237.244917,551452498.9795934
348,Изотоническая регрессия,0.37968729298668336,6.147883660214116e-05,0.05025568134538017,141158865.8903657,525846095.40467423,6573076192.558428,525846095.40467423
348,Логит-калибровка,0.002677428943519567,0.03032154113312573,0.050211545383103344,141014104.05390745,545552639.9604948,6819407999.506185,545552639.9604948
348,Монотонный сплайн,0.36320890586205967,0.0002688792339248058,0.050232420901042706,141090427.7535451,529650881.30558217,6620636016.319776,529650881.30558217
348,Французский сплайн,0.24459808785727039,0.0005288161288549746,0.05022013762947963,141058943.7405484,529494188.51432,6618677356.429001,529494188.51432
349,Бета-калибровка,0.003377190848698358,0.016587641778392677,0.049294657256151904,138439115.43817702,550139723.1228633,6876746539.0357895,550139723.1228633
349,Изотоническая регрессия,0.28810175500861834,1.2241169736016677e-06,0.04930933259957312,138501738.07264113,524129061.22269416,6551613265.283677,524129061.22269416
349,Логит-калибровка,0.006415738668376593,0.008810046758462208,0.049396451204460116,138724993.5626058,544007922.1789196,6800099027.236494,544007922.1789196
349,Монотонный сплайн,0.35152827324683755,6.611852751378737e-06,0.0494437725371907,138876233.7483963,527712319.58892035,6596403994.861504,527712319.58892035
349,Французский сплайн,0.186642631633623,6.438440858466115e-05,0.04939675672919545,138747223.64321074,527634208.49735045,6595427606.216881,527634208.49735045
350,Бета-калибровка,0.012303949473434609,0.00530033475594898,0.049641496527069874,139413178.84662303,549477355.6080568,6868466945.10071,549477355.6080568
350,Изотоническая регрессия,0.3692985127662956,7.990876152491974e-06,0.04982935097770312,139962755.68578145,523551388.0203794,6544392350.254743,523551388.0203794
350,Логит-калибровка,0.02995686015455716,0.0025056771662725413,0.04968924685937898,139547280.87987992,543515187.7325957,6793939846.657446,543515187.7325957
350,Монотонный сплайн,0.3846845804335081,4.1422248289643244e-05,0.049879036362970856,140099103.48123395,527469840.09096307,6593373001.137038,527469840.09096307
350,Французский сплайн,0.12181307636950099,8.307048542081625e-06,0.049841906932753935,139997871.47362483,527321167.61662716,6591514595.20784,527321167.61662716
351,Бета-калибровка,0.016386610328154073,0.023150756450501415,0.04839373019571814,135908951.88165483,546944398.0363927,6836804975.45491,546944398.0363928
351,Изотоническая регрессия,0.4349933820124393,8.859627315763828e-06,0.048571006198427066,136428222.20766255,521510300.7938684,6518878759.923355,521510300.7938684
351,Логит-калибровка,0.029883861532975897,0.029021855122449116,0.048438166167905625,136033745.86594617,540899442.8697928,6761243035.87241,540899442.8697928
351,Монотонный сплайн,0.309485168110722,4.168886361437951e-05,0.048681888251717466,136736966.2775765,525253398.7898892,6565667484.873615,525253398.7898892
351,Французский сплайн,0.4505242798639253,0.0005018667521341656,0.048636639563460045,136612602.0660182,525069440.3349002,6563368004.186253,525069440.3349002
352,Бета-калибровка,0.011231381766096254,0.05123275450509201,0.049685002493003075,139535361.00134984,551019500.7246785,6887743759.05848,551019500.7246785
352,Изотоническая регрессия,0.4894911090714344,1.0369118360802421e-06,0.04974677074283302,139729641.35417223,525339835.46208984,6566747943.276123,525339835.46208984
352,Логит-калибровка,0.029966778300205978,0.030940113109495924,0.04975798090261594,139740313.56690663,545063684.5247961,6813296056.559952,545063684.5247961
352,Монотонный сплайн,0.47674098872903126,4.860376852608747e-06,0.0497845208470043,139833088.53129166,529005867.64415306,6612573345.551914,529005867.6441531
352,Французский сплайн,0.11961938410694059,0.0005428404745169733,0.049759808325980974,139766297.2047761,528912891.0588609,6611411138.235762,528912891.0588609
353,Бета-калибровка,0.00027889968149427165,0.00491515241005183,0.048612193185068195,136522483.34094554,548180548.1484805,6852256851.856007,548180548.1484805
353,Изотоническая регрессия,0.3504760120329321,1.8703561248589968e-08,0.04864683324386644,136641055.2820745,521762388.80941546,6522029860.117693,521762388.80941546
353,Логит-калибровка,0.0008805415984396625,0.002302871305600814,0.04869663124861323,136759619.1986054,542014681.1042888,6775183513.80361,542014681.1042888
353,Монотонный сплайн,0.34444814107811794,9.533969304282492e-08,0.04879912542982368,137065893.1889283,525247073.1313247,6565588414.141559,525247073.1313247
353,Французский сплайн,0.08862105686100104,7.183274580284982e-06,0.04874525115692114,136917348.0045362,525249103.4008048,6565613792.510061,525249103.4008049
354,Бета-калибровка,0.0033819912442445152,0.01728862824867474,0.05006648310880146,140606711.16275805,550559005.1244482,6881987564.055602,550559005.1244482
354,Изотоническая регрессия,0.4693050942973639,1.0405001255739569e-06,0.05012338170839167,140788152.7898472,525028860.4568377,6562860755.710472,525028860.4568377
354,Логит-калибровка,0.0064167568046111755,0.009231227586056902,0.050124456146601895,140769522.64211679,544594681.0192409,6807433512.740509,544594681.0192409
354,Монотонный сплайн,0.45200806357046175,5.21948967219676e-06,0.05015958312551898,140886929.70774022,528725831.8693471,6609072898.366838,528725831.8693471
354,Французский сплайн,0.27540098660356566,7.11903278239534e-05,0.0501388385557387,140831366.69622058,528604622.43188727,6607557780.398592,528604622.43188727
355,Бета-калибровка,0.007520660122882448,0.005190831680221623,0.04943111079879427,138822331.56733382,548862276.5459721,6860778456.824652,548862276.5459721
355,Изотоническая регрессия,0.47844230976946756,1.4589923467483504e-07,0.04959306319604402,139297371.07977003,523099957.9295031,6538749474.118789,523099957.9295031
355,Логит-калибровка,0.026924067357960373,0.0024476573187500097,0.04947847647196331,138955353.32386178,542830018.5612155,6785375232.015194,542830018.5612155
355,Монотонный сплайн,0.38424454578903305,7.573549657681842e-07,0.04956791594971292,139224308.6973899,526976227.24458075,6587202840.55726,526976227.24458075
355,Французский сплайн,0.37372055452787856,7.936965532604701e-06,0.04954033378510173,139149337.56044462,526818490.98198545,6585231137.274817,526818490.98198545
356,Бета-калибровка,0.002362112893930895,0.05044067374869328,0.04900856505221014,137635654.092627,549505560.4338439,6868819505.423048,549505560.4338439
356,Изотоническая регрессия,0.4924210897483946,9.817330512956922e-07,0.04914186947548377,138032391.43494862,524060992.49143857,6550762406.1429825,524060992.49143857
356,Логит-калибровка,0.008929024108572204,0.0303996845437358,0.04907943089275727,137834673.7192195,543463223.0071979,6793290287.589973,543463223.0071979
356,Монотонный сплайн,0.47988265989698237,4.558127915552226e-06,0.049249051110488835,138330523.9051414,527471981.6350107,6593399770.4376335,527471981.6350107
356,Французский сплайн,0.12311800586018572,0.0005340931604375356,0.04919854248577795,138191482.30519024,527365336.0154793,6592066700.193491,527365336.0154793
357,Бета-калибровка,0.01645924687418292,0.051394199752898134,0.049391975108353484,138712422.89429992,551804845.7026206,6897560571.282757,551804845.7026206
357,Изотоническая регрессия,0.4903245686199397,8.806736480637515e-07,0.049491805170163716,139013715.63988778,526580418.9864777,6582255237.330971,526580418.98647773
357,Логит-калибровка,0.029909239372505534,0.03105559726798263,0.049484316298037845,138971753.89140946,545895028.2178297,6823687852.72287,545895028.2178297
357,Монотонный сплайн,0.4543522163836339,4.601415845929607e-06,0.049573592808882565,139240628.79601574,530214389.17585725,6627679864.6982155,530214389.17585725
357,Французский сплайн,0.11930441724720844,0.0005651013978433354,0.04953708328928698,139140857.79873925,530080324.1878692,6626004052.348366,530080324.18786925
358,Бета-калибровка,0.0022398208820864312,0.04873284248724408,0.0490006691899495,137613479.35305417,550473562.9615629,6880919537.019536,550473562.9615629
358,Изотоническая регрессия,0.24451427243476187,5.872768045872434e-05,0.04896267290679825,137528059.39145222,524981986.299409,6562274828.742612,524981986.299409
358,Логит-калибровка,0.006464545658167983,0.02923541859558216,0.04910903132210846,137917803.56500942,544450159.6234162,6805626995.292704,544450159.6234162
358,Монотонный сплайн,0.32369548676266474,0.0002807138999076239,0.04902516689076998,137700736.8543625,528596157.8760079,6607451973.450099,528596157.8760079
358,Французский сплайн,0.24623022609611425,0.0005113514062672156,0.04900407054095455,137644217.39542723,528473645.5154012,6605920568.942514,528473645.5154012
359,Бета-калибровка,0.002237738619607959,0.050465613577092054,0.04949302682427395,138996216.53329098,550393087.2848961,6879913591.061202,550393087.2848961
359,Изотоническая регрессия,0.41745098273714276,8.93152310954038e-06,0.049552883681827316,139185248.53204384,524820057.19641465,6560250714.955183,524820057.19641465
359,Логит-калибровка,0.00644121627452408,0.03041204644260724,0.0495572299944902,139176524.7165263,544464548.1257752,6805806851.572189,544464548.1257752
359,Монотонный сплайн,0.2946858466123063,4.1906389636167414e-05,0.049631507107452566,139402994.15339822,528402539.1424304,6605031739.28038,528402539.1424304
359,Французский сплайн,0.12174348150434879,0.0005234579107907492,0.04961028726533193,139346271.12546837,528299287.5491313,6603741094.364141,528299287.5491313
360,Бета-калибровка,0.0022399973943576434,0.017947165025048645,0.04895120929989523,137474576.1978258,549091083.4565549,6863638543.206934,549091083.4565549
360,Изотоническая регрессия,0.38401032848024474,1.045966548906067e-06,0.049073452302742585,137839172.24702227,523735830.17907554,6546697877.238443,523735830.17907554
360,Логит-калибровка,0.006465849572094843,0.00962659203482556,0.04902120108898397,137671141.1383026,542995415.4044411,6787442692.555514,542995415.4044411
360,Монотонный сплайн,0.23175438686027547,4.841475472247134e-06,0.049174636083717076,138120670.04254782,527178249.12696403,6589728114.0870495,527178249.12696403
360,Французский сплайн,0.12395510689136045,7.351923048189084e-05,0.049122553923582384,137977036.34618264,527082163.49196494,6588527043.649561,527082163.49196494
361,Бета-калибровка,0.0019001861903025015,0.016756106481821263,0.049622673160179105,139360315.303047,548598920.7449502,6857486509.311876,548598920.7449502
361,Изотоническая регрессия,0.4362794964513534,1.2053516570409437e-06,0.0498301452031221,139963909.78844813,522834956.5075753,6535436956.344691,522834956.5075753
361,Логит-калибровка,0.007443743654914727,0.022817230202631746,0.04964805833035364,139431607.01496518,542622954.2235045,6782786927.793806,542622954.2235045
361,Монотонный сплайн,0.47622378294653717,5.865137587683438e-06,0.049823287480526286,139942009.14765143,526504670.23377967,6581308377.922246,526504670.23377967
361,Французский сплайн,0.12373479081630054,0.0005076088565323034,0.049792867483144564,139859245.67789164,526382797.7800175,6579784972.250219,526382797.7800175
362,Бета-калибровка,0.0022378366311923783,0.005346872573520821,0.04910592567699388,137909081.6712696,549150438.6126342,6864380482.657927,549150438.6126342
362,Изотоническая регрессия,0.39201158225440635,1.0614831056446447e-07,0.04925553187633164,138351002.9214898,523370006.3523854,6542125079.404818,523370006.3523854
362,Логит-калибровка,0.006443502209306733,0.002530601734636908,0.04917215355161773,138095076.03436324,543132584.3647122,6789157304.558903,543132584.3647124
362,Монотонный сплайн,0.48572500964476184,6.141902531076414e-07,0.04928652392248475,138435375.42071557,527080870.5792459,6588510882.240574,527080870.5792459
362,Французский сплайн,0.1308220099219536,8.60534836769474e-06,0.04925002487638045,138335523.98833975,526985221.4006582,6587315267.508227,526985221.4006582
363,Бета-калибровка,0.0001431242870534421,0.046830720257165497,0.049031396889261156,137699775.02380103,548381241.1766914,6854765514.708642,548381241.1766914
363,Изотоническая регрессия,0.38624951074322533,1.080194651628491e-06,0.04914294297632065,138035525.85469893,522188280.60632145,6527353507.57902,522188280.60632145
363,Логит-калибровка,0.0008813275617920637,0.027945288586308698,0.04910000718016407,137892460.1647728,542323658.6024008,6779045732.530008,542323658.6024008
363,Монотонный сплайн,0.358215961350425,6.000902322894215e-06,0.04918054514995206,138137942.28184968,525920316.4013833,6574003955.017292,525920316.40138334
363,Французский сплайн,0.12368265418684535,0.0004886153673642104,0.04914951439981733,138053836.07427418,525832653.41164225,6572908167.645528,525832653.4116422
364,Бета-калибровка,0.0022377233232634785,0.016740758174539953,0.0482146449638206,135406008.9163938,548146579.0861224,6851832238.57653,548146579.0861225
364,Изотоническая регрессия,0.5756221569919069,1.0025249477053278e-05,0.048347848149808845,135800907.14392316,522407505.2751702,6530093815.939627,522407505.2751702
364,Логит-калибровка,0.006440774381082447,0.02278084876619775,0.048289477890039935,135616169.70638815,542079472.6140113,6775993407.67514,542079472.6140113
364,Монотонный сплайн,0.5160479401542702,6.832982942323365e-06,0.04843610658440138,136046013.57384938,525943885.33951247,6574298566.743906,525943885.33951247
364,Французский сплайн,0.12774407852995157,0.0004732992123535013,0.04838765559139987,135912666.6930337,525865471.388392,6573318392.354898,525865471.388392
365,Бета-калибровка,0.011377217094262503,0.017586192150001703,0.04880098592345474,137052688.8674303,549273896.5291432,6865923706.61429,549273896.5291432
365,Изотоническая регрессия,0.40531872087532866,1.1556971143496106e-06,0.048955823088945034,137508104.76299325,523658160.6257328,6545727007.821659,523658160.6257328
365,Логит-калибровка,0.030081081792523313,0.009408426600250243,0.048865913109971945,137235030.37804523,543262136.9812146,6790776712.265183,543262136.9812146
365,Монотонный сплайн,0.3807056978231067,6.836432014103155e-07,0.04897024036250692,137545638.5165702,527246120.72313416,6590576509.039177,527246120.72313416
365,Французский сплайн,0.12562239418887472,7.172755276881547e-05,0.048935255300628006,137450279.61408478,527153284.1258099,6589416051.572624,527153284.1258099
366,Бета-калибровка,0.00036481589624353544,0.05002306501908249,0.049477655428167004,138953047.5044642,550037181.0691102,6875464763.363875,550037181.0691102
366,Изотоническая регрессия,0.36138953914867655,1.2594327042384449e-06,0.04956842686749163,139227704.01466352,524399797.15591705,6554997464.448963,524399797.15591705
366,Логит-калибровка,0.0017562065249904046,0.030108524234856975,0.04954565662937328,139144022.07793194,544013275.9862092,6800165949.827616,544013275.9862092
366,Монотонный сплайн,0.36296404246494557,6.062460518617121e-06,0.04960756283190103,139335097.67850822,528198077.7390336,6602475971.737919,528198077.7390336
366,Французский сплайн,0.11645014967919655,0.0005092236183545244,0.049575176281095354,139246708.9815756,528066200.9780571,6600827512.225714,528066200.9780571
367,Бета-калибровка,0.0043019590268556064,0.049985366085680945,0.049441299008853676,138850944.13646466,550930762.8757037,6886634535.946296,550930762.8757037
367,Изотоническая регрессия,0.3790445055628677,7.696526838845682e-06,0.04952950353944316,139119348.54017216,525695629.7910477,6571195372.388096,525695629.7910477
367,Логит-калибровка,0.016656810633359803,0.030090152345204953,0.04951429420515152,139055943.84574753,544973699.6448975,6812171245.561217,544973699.6448975
367,Монотонный сплайн,0.3910076481188763,5.073210078587538e-06,0.04962464760858851,139383474.23332393,529355876.7923856,6616948459.9048195,529355876.7923856
367,Французский сплайн,0.12325937857138221,0.0005430261790031878,0.04958682257643403,139280226.951873,529211413.3897711,6615142667.372139,529211413.3897711
368,Бета-калибровка,0.0026947707048355597,0.01679642790586619,0.049681899676574194,139526647.051691,547875276.9383041,6848440961.7288,547875276.9383041
368,Изотоническая регрессия,0.4982256049073887,1.073887865415379e-06,0.04983356178803828,139973983.3255267,521586220.5244819,6519827756.556024,521586220.5244819
368,Логит-калибровка,0.006416701670302196,0.0089361173990355,0.04970218194929835,139583607.7864095,541838218.9094112,6772977736.36764,541838218.9094112
368,Монотонный сплайн,0.3746862075970317,5.685897840873072e-06,0.04981792045428069,139927493.79657078,525543403.03380615,6569292537.922576,525543403.0338061
368,Французский сплайн,0.18746501289914747,6.814861166153856e-05,0.04979324845094242,139860746.80557096,525445880.03849226,6568073500.4811535,525445880.03849226
369,Бета-калибровка,0.004070461709287416,0.01672321415524069,0.04836677095958462,135833239.56289747,547471777.9099286,6843397223.874107,547471777.9099286
369,Изотоническая регрессия,0.5596014513614724,8.69511255851667e-06,0.04852573416423326,136300960.6268327,521645847.2677511,6520573090.846889,521645847.2677511
369,Логит-калибровка,0.015937742552095374,0.00889288559592948,0.0484346742807906,136023939.25017235,541390551.0853653,6767381888.567067,541390551.0853653
369,Монотонный сплайн,0.3654394389580503,4.181072158202095e-05,0.048492698331320305,136205060.24510646,525404523.0431788,6567556538.039734,525404523.04317874
369,Французский сплайн,0.24293547060601356,6.862961927435979e-05,0.0484612145512096,136119660.46073437,525284297.3862876,6566053717.328596,525284297.3862876
370,Бета-калибровка,0.0019551404481429786,0.01713725035475274,0.04826890398411186,135558389.94897977,549279414.2338443,6865992677.923054,549279414.2338443
370,Изотоническая регрессия,0.4873612726783124,1.1429091624616224e-07,0.048213454609187495,135423954.72444218,523554494.76885915,6544431184.610739,523554494.76885915
370,Логит-калибровка,0.007607247432869958,0.009140699695616835,0.0483732171825171,135851343.135381,543205225.2072551,6790065315.09069,543205225.2072551
370,Монотонный сплайн,0.4433389371661755,6.737322824603546e-08,0.04835047934743133,135805744.51561356,527184512.22961086,6589806402.870136,527184512.22961086
370,Французский сплайн,0.12329891365404606,7.116085626149528e-05,0.048319292473491225,135721195.3392967,527072616.8244759,6588407710.305948,527072616.8244759
371,Бета-калибровка,0.016585249073409292,0.01741954072621035,0.04864514146911914,136615015.30187422,550268512.909849,6878356411.373114,550268512.9098492
371,Изотоническая регрессия,0.43876027304905274,1.0441759889396507e-07,0.048800117202531405,137073092.75158918,524516679.7411778,6556458496.764723,524516679.74117786
371,Логит-калибровка,0.029962141956641233,0.00931011425648455,0.0487466350058191,136900049.75034237,544280464.1765714,6803505802.207142,544280464.1765714
371,Монотонный сплайн,0.44281418477882134,5.710999561157693e-07,0.04889323763961249,137331741.79690528,528272764.1112437,6603409551.390547,528272764.1112437
371,Французский сплайн,0.4430164752524204,7.200622118215434e-05,0.04884240571182269,137191855.9408902,528154138.68765295,6601926733.595662,528154138.68765295
372,Бета-калибровка,0.002238038314518625,0.0551594259952096,0.04917288722487057,138097136.4823265,550223839.4663821,6877797993.329777,550223839.4663821
372,Изотоническая регрессия,0.44939352241933306,5.879701090414207e-05,0.04927647979829765,138409115.4655391,524756828.348703,6559460354.358788,524756828.348703
372,Логит-калибровка,0.006447140424736481,0.07315183426596053,0.04925554661993175,138329277.1274163,544259943.1990726,6803249289.988406,544259943.1990726
372,Монотонный сплайн,0.3049921135754521,0.00026925498560063693,0.04927559270997195,138403967.44293156,528503350.26237994,6606291878.279749,528503350.26237994
372,Французский сплайн,0.24414888580588928,0.003342762311237491,0.04925319890520793,138343712.42795178,528348848.4896436,6604360606.120544,528348848.4896436
373,Бета-калибровка,0.01641921345212427,0.05442774898921024,0.0491735799531915,138099081.940543,548612662.1601324,6857658277.001654,548612662.1601324
373,Изотоническая регрессия,0.3811464961708905,6.64858729710117e-05,0.04913696653668718,138015871.22163224,522680694.14713955,6533508676.839245,522680694.14713955
373,Логит-калибровка,0.029894640459545332,0.07183307498357422,0.049243604237389965,138295738.14028597,542526853.8661914,6781585673.327391,542526853.8661914
373,Монотонный сплайн,0.22869669789125485,0.00029756531016230953,0.04922254241023743,138253398.01077557,526152198.7438482,6576902484.298103,526152198.74384826
373,Французский сплайн,0.09549067911170574,0.00328907906839505,0.04920172072646658,138197682.88077796,526061774.2010832,6575772177.51354,526061774.2010832
374,Бета-калибровка,0.00355931698653659,0.005712900770221599,0.049181400098537185,138121044.03673184,550926670.3666546,6886583379.583183,550926670.3666546
374,Изотоническая регрессия,0.4781698913502387,9.73704876695023e-07,0.0491403153828118,138026113.32108867,525972243.80288863,6574653047.536108,525972243.80288863
374,Логит-калибровка,0.014230719664405193,0.0027242141456460117,0.04927257290809693,138377093.75509945,544936004.1483285,6811700051.854107,544936004.1483285
374,Монотонный сплайн,0.26435609921087255,5.147100081314211e-06,0.04923921044951374,138301009.85689193,529528339.350899,6619104241.886238,529528339.350899
374,Французский сплайн,0.1674458540758048,8.967769922972456e-06,0.04921669198901159,138240638.53727818,529349236.9372061,6616865461.715076,529349236.93720615
375,Бета-калибровка,0.002776405064888965,0.023457085048897423,0.048341413779945185,135762026.45959806,547718710.6143382,6846483882.679227,547718710.6143382
375,Изотоническая регрессия,0.3349767260006361,1.18902656331701e-06,0.04843243485970133,136038101.6599852,521657455.32245135,6520718191.530642,521657455.32245135
375,Логит-калибровка,0.011487221981118474,0.029172222686290678,0.04843212169190653,136016770.5595503,541593565.5580164,6769919569.475205,541593565.5580164
375,Монотонный сплайн,0.3923533990415409,5.955218570616055e-06,0.048484315910866056,136181425.5315666,525368429.7284931,6567105371.606163,525368429.7284931
375,Французский сплайн,0.15208831784790056,0.0004992746469947718,0.04845207787065529,136093239.62845305,525261210.2394882,6565765127.993603,525261210.2394881
376,Бета-калибровка,0.009157799151289732,0.023393890611938653,0.04855007035705419,136348017.590751,547201395.2885044,6840017441.106306,547201395.2885044
376,Изотоническая регрессия,0.4468374373331606,1.0150485881186965e-05,0.04874163363960845,136906933.9134764,520899596.62313163,6511244957.7891445,520899596.62313163
376,Логит-калибровка,0.02996211304755888,0.031882899268104344,0.04860286845607777,136496295.77204883,541148882.9657838,6764361037.072298,541148882.9657838
376,Монотонный сплайн,0.45213073016102634,4.60645002820437e-05,0.048765894519513305,136972526.8153088,524589211.1814361,6557365139.767951,524589211.1814361
376,Французский сплайн,0.3183364915560959,0.0024504575562968763,0.04872634975360058,136863977.18616968,524507544.0622873,6556344300.77859,524507544.0622873
377,Бета-калибровка,0.002815369303421714,0.05459117458870752,0.049051908420123906,137757379.607076,548442992.0156944,6855537400.196179,548442992.0156944
377,Изотоническая регрессия,0.3130418955682455,6.270579237317675e-05,0.04919459824751494,138177604.51832095,523180302.43360555,6539753780.420069,523180302.43360555
377,Логит-калибровка,0.011609390353602665,0.06422827099524833,0.04909055734827937,137865921.2569078,542446651.8964891,6780583148.706115,542446651.8964891
377,Монотонный сплайн,0.24995357704243096,0.0002852642354007189,0.049227835520957094,138268218.353689,526866945.1137049,6585836813.92131,526866945.1137049
377,Французский сплайн,0.13030407597234916,0.00273251807196873,0.049196308634801816,138182464.2198212,526679083.92607284,6583488549.075911,526679083.92607284
378,Бета-калибровка,0.0035371946786057727,0.04897863678572152,0.04900090344041279,137614137.2220553,548057855.8865454,6850723198.581818,548057855.8865454
378,Изотоническая регрессия,0.4911325965722064,8.361674664385277e-06,0.04908383669183631,137868335.76535308,522506508.37329733,6531331354.666216,522506508.37329733
378,Логит-калибровка,0.012682060340038877,0.029402237261353673,0.04905348098812863,137761796.00706047,542025530.0232636,6775319125.290794,542025530.0232636
378,Монотонный сплайн,0.35715913731908294,4.056601308148053e-05,0.04915349922078218,138060555.8962661,526255101.71506894,6578188771.438362,526255101.71506894
378,Французский сплайн,0.12184248133096852,0.0005201530516727698,0.04912866322012764,137994103.54215068,526074673.43998426,6575933417.999804,526074673.43998426
379,Бета-калибровка,0.0018346399522022935,0.018461445732437947,0.049543487850903144,139137931.2804764,551814239.0760887,6897677988.451108,551814239.0760887
379,Изотоническая регрессия,0.4094850744336824,8.82593148644826e-07,0.049606367895308624,139336290.7971847,526878290.2199243,6585978627.749053,526878290.2199243
379,Логит-калибровка,0.008051568801966806,0.009938035835323504,0.04963085099268381,139383281.92785323,545889318.415771,6823616480.197137,545889318.415771
379,Монотонный сплайн,0.2004846063793826,4.443268122212696e-06,0.049648764276701354,139452264.76369518,530468681.88183117,6630858523.522889,530468681.88183117
379,Французский сплайн,0.21515632935613588,7.795315538052071e-05,0.049626214407370944,139391890.9965136,530311941.210669,6628899265.133362,530311941.210669
380,Бета-калибровка,0.0014406797984491712,0.016783405018057314,0.04906601646451411,137797000.63894144,548857681.2176362,6860721015.220453,548857681.2176362
380,Изотоническая регрессия,0.39565105406286993,9.84178108834149e-06,0.04911828822796138,137964730.65940675,522830646.92378676,6535383086.547334,522830646.92378676
380,Логит-калибровка,0.006416681681202705,0.008926511591591581,0.04913510523218246,137991029.53406125,542866388.9445207,6785829861.806508,542866388.9445207
380,Монотонный сплайн,0.4617768741402124,4.65827474742257e-05,0.049200197192722846,138191992.89480144,526495264.40841305,6581190805.105163,526495264.40841305
380,Французский сплайн,0.27539755625544726,6.535599693578604e-05,0.04917898280348153,138135151.28236425,526388150.3348675,6579851879.185844,526388150.3348675
381,Бета-калибровка,0.011374571777472555,0.0484871909802697,0.049421298978858275,138794776.05222556,548610395.1663318,6857629939.579146,548610395.1663318
381,Изотоническая регрессия,0.30924130078817963,1.2283310166644404e-06,0.049557061747887106,139196743.01276615,522821039.263981,6535262990.799762,522821039.263981
381,Логит-калибровка,0.030006874910758586,0.029065290818469116,0.04945655013680179,138893775.40419412,542636484.440815,6782956055.510188,542636484.440815
381,Монотонный сплайн,0.45001635111568583,6.0735600934872436e-06,0.04964439328107089,139439320.89589787,526574955.3704859,6582186942.131074,526574955.3704859
381,Французский сплайн,0.12504115575175542,0.0004954281596525816,0.049610931031259825,139347956.6959684,526440734.00112766,6580509175.014095,526440734.00112766
382,Бета-калибровка,0.0022397137769636184,0.016474119688781805,0.04905335584281475,137761444.54896095,548257928.794807,6853224109.935086,548257928.794807
382,Изотоническая регрессия,0.32890308981579386,1.1336845567808328e-06,0.04916711287552493,138103404.59962422,522191595.1690364,6527394939.612955,522191595.1690364
382,Логит-калибровка,0.006463649458151692,0.008743255479780668,0.04911411608586242,137932083.615536,542243578.4720014,6778044730.900017,542243578.4720014
382,Монотонный сплайн,0.38472284723657096,5.7158380070555974e-06,0.04922056709278943,138250673.31083912,526009112.5323028,6575113906.653785,526009112.5323028
382,Французский сплайн,0.21521862219052634,6.57102066036344e-05,0.04918919317548376,138165242.0811218,525865195.658483,6573314945.731037,525865195.658483
383,Бета-калибровка,0.0034330652230008425,0.01788176386133451,0.05007270268210032,140624178.21241054,551874395.2060518,6898429940.075647,551874395.2060518
383,Изотоническая регрессия,0.6432605828867723,8.341404906366083e-06,0.05015787317077984,140883463.8128181,526479913.77990675,6580998922.248835,526479913.77990675
383,Логит-калибровка,0.006432084576892885,0.009587553235109058,0.0501473252098516,140833748.1193472,545979692.2378125,6824746152.972656,545979692.2378125
383,Монотонный сплайн,0.5417298349549826,4.147125796306468e-05,0.05028299191011369,141231749.9931857,530072245.46910906,6625903068.363863,530072245.46910906
383,Французский сплайн,0.27541974225218585,7.387471074159507e-05,0.05024592185989697,141130633.71359238,529946322.82272303,6624329035.284039,529946322.82272303
384,Бета-калибровка,0.0022379304491140966,0.04915246074251139,0.04830492189408789,135659542.64735645,549782925.0226359,6872286562.782949,549782925.0226359
384,Изотоническая регрессия,0.5956091285436591,5.8295467101818863e-05,0.04835845487745925,135830814.67785656,524252868.0777098,6553160850.971373,524252868.0777098
384,Логит-калибровка,0.006445226430088508,0.029521503011694063,0.04843080080979531,136013060.99422914,543658270.0890745,6795728376.113432,543658270.0890745
384,Монотонный сплайн,0.45202075209795023,3.9983457248677194e-05,0.04846282749896349,136121540.8568509,527913182.7456999,6598914784.321247,527913182.7456999
384,Французский сплайн,0.27385739637013107,0.0005263820699362108,0.048411310534182246,135979322.3270012,527814091.54671407,6597676144.333925,527814091.54671407
385,Бета-калибровка,0.0007193009463520794,0.05443312873582475,0.048936765420785455,137434012.00773388,546464151.3114738,6830801891.393423,546464151.3114738
385,Изотоническая регрессия,0.5189068843893013,6.292653191545714e-05,0.04914835772573655,138050493.43695852,520568157.64197296,6507101970.524662,520568157.64197296
385,Логит-калибровка,0.003175029733754562,0.07187015133875516,0.048957233914155546,137491495.72451442,540406194.2674146,6755077428.342683,540406194.2674146
385,Монотонный сплайн,0.36994945907665655,0.0002944911033850308,0.0492205210399065,138250469.59820145,524240262.6947298,6553003283.684122,524240262.6947298
385,Французский сплайн,0.12776812125026768,0.0030697117675880844,0.049175044423396444,138125362.38753903,524114732.27536523,6551434153.442065,524114732.27536523
386,Бета-калибровка,0.003423055771493616,0.023456516287414034,0.049687658759585404,139542820.86041966,548922491.2495987,6861531140.619986,548922491.2495987
386,Изотоническая регрессия,0.6959603335300084,8.473055585331792e-06,0.049831506650000607,139967254.8758617,523216714.018729,6540208925.234112,523216714.018729
386,Логит-калибровка,0.006428480913066655,0.030786996128958473,0.049718849095189845,139630415.79893115,542931485.9912057,6786643574.890072,542931485.9912057
386,Монотонный сплайн,0.3842829900336889,3.9665466226387324e-05,0.049860731220475435,140046465.8632611,527082875.7615095,6588535947.018868,527082875.7615095
386,Французский сплайн,0.12341214061292448,0.0005322063081600436,0.049833179944962384,139971883.2726227,526950286.07655156,6586878575.956894,526950286.07655156
387,Бета-калибровка,0.01662458233861235,0.04781133349466592,0.048608926997952204,136513310.58104897,547269611.1687028,6840870139.608786,547269611.1687028
387,Изотоническая регрессия,0.48825145262973674,1.012112850118344e-06,0.04859671149243322,136501250.1553495,521404235.80613613,6517552947.576702,521404235.80613613
387,Логит-калибровка,0.029980765549567627,0.02860858675185586,0.04866715814616076,136676846.93767786,541203149.8022909,6765039372.528635,541203149.8022909
387,Монотонный сплайн,0.3664554516455756,6.896036683832026e-07,0.048683561325815326,136742060.9481864,525212100.2244497,6565151252.805621,525212100.22444963
387,Французский сплайн,0.11856988649598055,0.0005028691891943685,0.04866815475793527,136701753.54449195,525051765.0090071,6563147062.612588,525051765.0090071
388,Бета-калибровка,0.003377896903615953,0.04774282697303041,0.048554194910662825,136359600.9871055,547048337.0228244,6838104212.785305,547048337.0228244
388,Изотоническая регрессия,0.5552521114196349,1.2542676824322207e-06,0.04855952303898536,136395733.7026865,520900138.3862355,6511251729.827943,520900138.3862355
388,Логит-калибровка,0.006415903941625674,0.02855975044555684,0.04861901216424763,136541633.76207304,540924729.172853,6761559114.660662,540924729.172853
388,Монотонный сплайн,0.5223032837407857,6.355808843598061e-06,0.0485829678694885,136458461.0533237,524581342.7035867,6557266783.794833,524581342.7035867
388,Французский сплайн,0.275402086785667,0.0004831807725552631,0.0485668670652495,136416262.6008885,524460559.52209055,6555756994.026133,524460559.52209055
389,Бета-калибровка,0.001780583202578736,0.005509070108971323,0.04895026267143026,137471917.68644476,549976299.2495519,6874703740.619398,549976299.2495519
389,Изотоническая регрессия,0.4397015610876417,1.1348435426423506e-07,0.049137633150109994,138018939.3387689,524814023.0223534,6560175287.779418,524814023.0223534
389,Логит-калибровка,0.007868087359850662,0.002616234012516217,0.04902663787927926,137686409.82016784,544016720.5860344,6800209007.32543,544016720.5860344
389,Монотонный сплайн,0.3728292956998407,6.103418169745652e-07,0.04923669303027347,138294614.75527716,528640696.5864684,6608008707.330854,528640696.58646846
389,Французский сплайн,0.24551444456102534,8.877946675225393e-06,0.04919002263685411,138166041.6141641,528484261.1544905,6606053264.431131,528484261.1544905
390,Бета-калибровка,0.01656228278428168,0.005203202485745629,0.048311273907275284,135677381.64119193,547329813.5739915,6841622669.674894,547329813.5739915
390,Изотоническая регрессия,0.29859980020451016,1.3855762287043573e-08,0.04846996850794272,136144348.35770637,521813932.1761589,6522674152.201986,521813932.1761589
390,Логит-калибровка,0.029951614171900308,0.00245431152822697,0.04836606095433897,135831245.58416557,541251377.2601355,6765642215.751694,541251377.2601355
390,Монотонный сплайн,0.16930630004885827,7.899094679097964e-08,0.04852891446203601,136307137.55402446,525309536.77576816,6566369209.697102,525309536.77576816
390,Французский сплайн,0.12028787385911331,8.041286195477661e-06,0.048485753635421805,136188582.32319885,525186606.99340075,6564832587.417509,525186606.9934008
391,Бета-калибровка,0.0007538739342214893,0.016739624696364745,0.04964761878393136,139430372.5927928,549161409.5284506,6864517619.105632,549161409.5284506
391,Изотоническая регрессия,0.5419810199231312,1.0194959833034115e-06,0.04974068509607224,139713028.82380927,523239497.5055193,6540493718.818992,523239497.50551933
391,Логит-калибровка,0.003742159476968327,0.02277783214611429,0.04969601368084399,139566284.82128227,543140451.3182169,6789255641.477713,543140451.3182169
391,Монотонный сплайн,0.51672829974242,5.2977567679712655e-06,0.04981360250703589,139915473.91521513,526874978.0547671,6585937225.684588,526874978.0547671
391,Французский сплайн,0.12093808441424554,0.0005135572342605042,0.049781451434619685,139827550.7420668,526762412.7350061,6584530159.187576,526762412.7350061
392,Бета-калибровка,0.009033649195664649,0.005357714238560087,0.04839737365393831,135919184.16972035,547498441.9851861,6843730524.814827,547498441.9851861
392,Изотоническая регрессия,0.3877103627558415,1.4110520644405644e-08,0.048509344563534666,136254932.07223073,521936325.06910175,6524204063.363771,521936325.06910175
392,Логит-калибровка,0.029935035179943822,0.002535783309810323,0.048470791041883,136125369.56202424,541403160.0842981,6767539501.053727,541403160.0842981
392,Монотонный сплайн,0.2668221144513654,7.261466560164687e-08,0.04851782689426015,136276231.91365498,525536832.9305398,6569210411.631746,525536832.9305398
392,Французский сплайн,0.11854158559099631,8.223249441223218e-06,0.04848977558938619,136199926.21116486,525435915.0812458,6567948938.515572,525435915.0812458
393,Бета-калибровка,0.013180532167321516,0.0980919427015098,0.048889411292251515,137301022.67315918,550209557.5202831,6877619469.003538,550209557.5202831
393,Изотоническая регрессия,0.4906475678853437,8.556806237212367e-06,0.04890770694083389,137372975.37263793,524791564.1590829,6559894551.988537,524791564.1590829
393,Логит-калибровка,0.029884274257627866,0.06356092935835662,0.04896941386807959,137525701.9071147,544219069.9627938,6802738374.534922,544219069.9627938
393,Монотонный сплайн,0.3558800082248832,4.231345256922516e-05,0.049007735492666106,137650929.22559392,528505328.8799943,6606316610.999929,528505328.8799943
393,Французский сплайн,0.27452327678105465,0.002574384679211303,0.048976482631648895,137566168.86557016,528362558.5250035,6604531981.562544,528362558.5250035
394,Бета-калибровка,0.00041394468366822063,0.017108227539146512,0.04892632854384979,137404701.08254775,547165852.8837326,6839573161.046657,547165852.8837326
394,Изотоническая регрессия,0.34712738952535305,1.2398235370297066e-07,0.049061132074281616,137804691.71741253,521064450.9732819,6513305637.166024,521064450.9732819
394,Логит-калибровка,0.0022238377959582657,0.009122844925883325,0.04894213262048734,137449085.25137663,541177402.9736636,6764717537.170794,541177402.9736636
394,Монотонный сплайн,0.22750136192379528,6.250877983693053e-07,0.04911417217287872,137950422.51982054,524760868.0830686,6559510851.038358,524760868.0830686
394,Французский сплайн,0.1314118275286341,6.977215335841921e-05,0.04908425013589831,137869507.83338898,524617836.4705157,6557722955.881447,524617836.4705157
395,Бета-калибровка,0.002894490648057641,0.017034581438584884,0.04952560937536218,139087721.36976713,549961624.2131193,6874520302.66399,549961624.2131193
395,Изотоническая регрессия,0.4681901020894768,1.094936260359809e-06,0.04968769122006163,139563842.02242106,524112822.4266741,6551410280.333427,524112822.4266742
395,Логит-калибровка,0.011870507804044174,0.00907886566105099,0.04959014639582452,139268967.13803357,543995554.8233695,6799944435.292118,543995554.8233695
395,Монотонный сплайн,0.36092253438065625,5.3832909837488e-06,0.04967755703191907,139532536.75931334,527883323.8328515,6598541547.9106455,527883323.8328515
395,Французский сплайн,0.12174172583160087,6.883240847938199e-05,0.04965125784837804,139461439.52974978,527764745.5530918,6597059319.413647,527764745.5530918
396,Бета-калибровка,0.001145500303043762,0.023657967635918584,0.04890691671782094,137350184.91032836,549630677.9472327,6870383474.340409,549630677.9472327
396,Изотоническая регрессия,0.46854308383216187,5.573255733399183e-05,0.048886107517017,137313870.35079053,524104336.79020834,6551304209.8776045,524104336.7902084
396,Логит-калибровка,0.0053716021880339995,0.02272992533308595,0.04898788769883219,137577583.81340033,543598692.8581791,6794983660.727239,543598692.8581791
396,Монотонный сплайн,0.363211586073985,0.0002552440430543169,0.04898138526767464,137578508.2470886,527727451.7650683,6596593147.0633545,527727451.7650683
396,Французский сплайн,0.18499436260734342,0.0024243469875077726,0.0489547319099022,137506535.54904264,527593339.8204111,6594916747.755138,527593339.820411
397,Бета-калибровка,0.0034106467065440813,0.09644355494293153,0.049535353831585055,139115087.70062345,551111434.0753112,6888892925.941389,551111434.0753111
397,Изотоническая регрессия,0.5649475740880022,8.320108746771853e-06,0.04961059689883492,139348526.330688,525841950.8132948,6573024385.166185,525841950.8132949
397,Логит-калибровка,0.006424417822818406,0.06234755808174287,0.04961490856239954,139338509.2066429,545172846.8361499,6814660585.451874,545172846.8361499
397,Монотонный сплайн,0.37402800257086755,4.067502645122585e-05,0.04974215766926914,139714916.50566915,529354053.1162957,6616925663.953696,529354053.1162957
397,Французский сплайн,0.11924429797532886,0.0023586184072832664,0.04970295645059038,139607847.09318724,529216089.3548137,6615201116.935171,529216089.3548137
398,Бета-калибровка,0.003425850213988227,0.017472323315751354,0.049860213916898585,140027424.764218,549755748.5377741,6871946856.7221775,549755748.5377741
398,Изотоническая регрессия,0.42218292133161617,1.3270074761330553e-07,0.049968490425513774,140351960.11101288,523938715.6693262,6549233945.866576,523938715.6693262
398,Логит-калибровка,0.006429422651732998,0.009340650394727801,0.04990482337882363,140152705.9770883,543756081.8581674,6796951023.227093,543756081.8581674
398,Монотонный сплайн,0.4492745088441026,6.731000739638782e-07,0.049982537700854125,140388800.76034662,527677965.1295738,6595974564.119673,527677965.1295738
398,Французский сплайн,0.12103575828066274,7.012313690867121e-05,0.049955283740661056,140314789.36361852,527579569.8773386,6594744623.466732,527579569.8773386
399,Бета-калибровка,0.004681931518295509,0.0973582734468934,0.04897575988629395,137543524.06466794,549202303.7769965,6865028797.212456,549202303.7769965
399,Изотоническая регрессия,0.4818938289969457,0.00035530385119155795,0.049100183151484234,137914362.76262832,523999634.7585512,6549995434.48189,523999634.7585512
399,Логит-калибровка,0.01795803532148395,0.06302348249248857,0.049020640476951316,137669566.71547008,543265728.8793666,6790821610.992082,543265728.8793666
399,Монотонный сплайн,0.4417508919872886,0.0015535092295139634,0.04918352693644979,138145453.24284872,527681478.65894204,6596018483.236776,527681478.65894204
399,Французский сплайн,0.12122659411658289,0.0025539122978560473,0.04914694181161622,138045517.1182142,527534224.85205775,6594177810.650722,527534224.85205775
400,Бета-калибровка,0.0015067236738601992,0.005164476821305441,0.04919769214416487,138166798.61767262,548635766.5108759,6857947081.385949,548635766.5108759
400,Изотоническая регрессия,0.4911614679217002,1.2378921213333474e-07,0.04931020855336001,138504915.70125625,522893731.69790107,6536171646.2237625,522893731.69790107
400,Логит-калибровка,0.006050978228729256,0.002433994916716299,0.049252639906196466,138321113.91256213,542602681.1474838,6782533514.343548,542602681.1474838
400,Монотонный сплайн,0.44227873571132065,6.591204231657062e-07,0.04930798144908758,138495669.3584506,526599530.1019963,6582494126.274954,526599530.1019963
400,Французский сплайн,0.12620433611087334,8.033112813642875e-06,0.049283710782258724,138430506.8656112,526436587.9424733,6580457349.280916,526436587.9424733
401,Бета-калибровка,0.00993235091257385,0.054463726989902934,0.0492180103308911,138223860.21327457,549676129.4075701,6870951617.594625,549676129.4075701
401,Изотоническая регрессия,0.32443821008063034,6.360331942837722e-05,0.04923782166684665,138299949.96917215,524147614.20121515,6551845177.515189,524147614.20121515
401,Логит-калибровка,0.02984632646073113,0.07196112820558999,0.04930632076810902,138471871.2451574,543618487.971137,6795231099.639213,543618487.971137
401,Монотонный сплайн,0.30526882752928075,0.0002760062638651548,0.04932867554664569,138552424.61579484,527653138.37596595,6595664229.699575,527653138.37596595
401,Французский сплайн,0.1611260147722563,0.003302735576114742,0.04930044058327642,138475760.86617783,527558242.938297,6594478036.728712,527558242.938297
402,Бета-калибровка,0.003397718812392466,0.01673152125980096,0.04857004579789543,136404116.61880952,548982889.735853,6862286121.698161,548982889.735853
402,Изотоническая регрессия,0.5080737927400366,1.206359122288254e-06,0.04862515491518445,136579815.06380403,523207714.19779634,6540096427.472454,523207714.19779634
402,Логит-калибровка,0.006420653864186435,0.009158992815301803,0.048655924900534615,136645299.4906614,542861502.2701988,6785768778.377483,542861502.2701988
402,Монотонный сплайн,0.5266226566796489,6.135244125719753e-06,0.04872871225003111,136867603.27596605,526679376.66002667,6583492208.250333,526679376.66002667
402,Французский сплайн,0.1850586269811148,6.763297861100508e-05,0.04867967542365262,136732782.120309,526634954.9204424,6582936936.505529,526634954.9204424
403,Бета-калибровка,0.0034086683805318275,0.016405776147013797,0.04896403231425639,137510588.35135764,548204182.6528172,6852552283.160217,548204182.6528172
403,Изотоническая регрессия,0.2625590660010564,1.3742259493837805e-07,0.049008352698430145,137656824.91827124,521974527.5648893,6524681594.561117,521974527.5648893
403,Логит-калибровка,0.006423833983372857,0.008702644939286497,0.04902690606949818,137687163.00557873,542130737.0225955,6776634212.782444,542130737.0225955
403,Монотонный сплайн,0.09567513191313619,7.355676793206886e-07,0.04909759402151744,137904268.5177815,525770563.78198916,6572132047.274865,525770563.78198916
403,Французский сплайн,0.04446031402516759,6.523593112124282e-05,0.04906347922219735,137811656.7345789,525675064.35154116,6570938304.394265,525675064.3515412
404,Бета-калибровка,0.0022376466504398606,0.07332911510886361,0.04828718170746047,135609721.10723197,546218402.887977,6827730036.099712,546218402.887977
404,Изотоническая регрессия,0.6992515356977236,0.0025856600696188494,0.0482681890903552,135576475.04135358,519467709.60022867,6493346370.002858,519467709.60022867
404,Логит-калибровка,0.006436713773134862,0.09677568123639753,0.04836441482772732,135826622.60218942,539964854.3113434,6749560678.891792,539964854.3113434
404,Монотонный сплайн,0.5928656062104685,0.0019625556515754285,0.04838729833819102,135908533.83142492,523145786.80917406,6539322335.1146755,523145786.80917406
404,Французский сплайн,0.1187364397790363,0.016161014857504746,0.048348670021050026,135802439.94465473,523176249.3459814,6539703116.824767,523176249.3459815
405,Бета-калибровка,0.003424552025479842,0.06005524645664191,0.04996137469178609,140311524.6844121,549724634.8316715,6871557935.395892,549724634.8316715
405,Изотоническая регрессия,0.5515339086392739,6.167012077451087e-05,0.050077440784780776,140657338.29997835,523985194.8836366,6549814936.045458,523985194.88363665
405,Логит-калибровка,0.006428991848109659,0.0502372856203514,0.049998121714966294,140414725.02431136,543776051.7447802,6797200646.809752,543776051.7447802
405,Монотонный сплайн,0.48164232270549484,4.136401589343375e-05,0.05010945632766259,140745169.4134085,527792795.8971564,6597409948.714455,527792795.8971564
405,Французский сплайн,0.12251799049125935,0.0033379571037977108,0.05008878735988134,140689259.31447798,527658516.70772356,6595731458.846543,527658516.7077235
406,Бета-калибровка,0.0006070552325973973,0.05492939946011157,0.04886766495149942,137239950.24979097,549150343.045643,6864379288.070538,549150343.045643
406,Изотоническая регрессия,0.49671596133714624,5.4024411157667676e-05,0.048920044668976745,137407505.04835433,524231412.63009036,6552892657.876129,524231412.63009036
406,Логит-калибровка,0.0031187150354342955,0.07279042208378557,0.048928409388954264,137410544.92793915,543115489.5414027,6788943619.267534,543115489.5414027
406,Монотонный сплайн,0.406517089629536,3.808620380914046e-05,0.04905439138389729,137781899.78305376,527821451.07331353,6597768138.416419,527821451.0733135
406,Французский сплайн,0.12350541097392269,0.0034888187699457025,0.04901802710616089,137682678.8393705,527640550.2991352,6595506878.73919,527640550.2991352
407,Бета-калибровка,0.0033538405401113284,0.0164363439896746,0.04806091828483579,134974282.91113284,547910021.5370154,6848875269.212692,547910021.5370154
407,Изотоническая регрессия,0.37982528571559027,1.2611523869404227e-06,0.04816332584613534,135282814.30628645,522333949.03672457,6529174362.959057,522333949.03672457
407,Логит-калибровка,0.006412065105865531,0.008720458259577749,0.04816822477637185,135275642.46196276,541757300.9270507,6771966261.588134,541757300.9270507
407,Монотонный сплайн,0.2272028586852594,6.46312111810002e-06,0.0482166339483342,135429906.4586962,526086720.69765246,6576084008.720655,526086720.69765246
407,Французский сплайн,0.12054566692023805,6.496725417504262e-05,0.048178736313749505,135325977.53814724,525948464.71563566,6574355808.945446,525948464.71563566
408,Бета-калибровка,0.001778752265286412,0.01654920036275548,0.048442770980512556,136046678.02167147,548837281.8219903,6860466022.774879,548837281.8219903
408,Изотоническая регрессия,0.5352902064108414,1.3333753389566e-07,0.048417385883788064,135997034.1160304,522516933.2197356,6531461665.246695,522516933.2197356
408,Логит-калибровка,0.007862793705991713,0.008788240028881731,0.0485490773153796,136345228.7325121,542711631.5984681,6783895394.98085,542711631.5984681
408,Монотонный сплайн,0.39280807811863133,7.048892128387448e-07,0.048492944639481755,136206546.96727172,526047912.6307476,6575598907.884345,526047912.6307476
408,Французский сплайн,0.29153617135424803,6.673232521229526e-05,0.04846211065893768,136122606.21358126,526012585.2983145,6575157316.228931,526012585.2983146
409,Бета-калибровка,0.012554682606638033,0.016744824003858468,0.04888567535600961,137290530.6698174,547681605.9810406,6846020074.763008,547681605.9810406
409,Изотоническая регрессия,0.32868948168751744,0.009733178626941586,0.049051607272432234,137777942.26389867,521858995.27191114,6523237440.89889,521858995.27191114
409,Логит-калибровка,0.029912622062992146,0.022790993172655177,0.0489058894406256,137347299.90505296,541702301.6625981,6771278770.782476,541702301.6625981
409,Монотонный сплайн,0.3101222265635746,0.007725686449000841,0.04907740745361694,137847298.92028004,525857243.7694317,6573215547.117896,525857243.7694317
409,Французский сплайн,0.1223371339095475,0.016775886465784647,0.049046364596644326,137763175.05666873,525672548.2179836,6570906852.724794,525672548.2179836
410,Бета-калибровка,0.0022381370249842368,0.005110366715822398,0.048897742333288766,137324419.5688082,549829602.9278519,6872870036.598148,549829602.9278519
410,Изотоническая регрессия,0.5546573638019658,1.3881351893144223e-07,0.04896067539542922,137521851.5805234,524065193.77109647,6550814922.138706,524065193.77109647
410,Логит-калибровка,0.0064484647256779545,0.0024053456541558546,0.04899411945953584,137595085.09016046,543809616.1025239,6797620201.281549,543809616.1025239
410,Монотонный сплайн,0.134097588029712,7.389874491093606e-07,0.049085584242681474,137869683.51486036,527681901.90661097,6596023773.832637,527681901.90661097
410,Французский сплайн,0.12597354325284807,7.809655612005451e-06,0.04904547472382431,137760052.0231707,527559038.5061677,6594487981.327096,527559038.5061677
411,Бета-калибровка,0.016550725880753167,0.05456472527738084,0.049208156887844585,138196187.80382273,548423225.621488,6855290320.2685995,548423225.621488
411,Изотоническая регрессия,0.2781921565036424,7.286227796040397e-05,0.04936580862478447,138659149.34184474,522553550.73400986,6531919384.175122,522553550.73400986
411,Логит-калибровка,0.02994667352898353,0.06351640691662538,0.04925905214379097,138339122.04062256,542411873.6504619,6780148420.630774,542411873.6504619
411,Монотонный сплайн,0.25946641687395916,0.0003395002850458139,0.0494263075243924,138826319.51782787,526281573.410299,6578519667.6287365,526281573.410299
411,Французский сплайн,0.12122017687756785,0.0026885990576146334,0.04939261720013792,138734413.22406405,526177321.78551674,6577216522.318958,526177321.78551674
412,Бета-калибровка,0.003421921364251266,0.05448130987373604,0.04930835938290483,138477596.49094993,547532111.4964423,6844151393.705529,547532111.4964423
412,Изотоническая регрессия,0.6603803091949358,6.233334965433557e-05,0.04943000420252873,138841230.20238167,521334065.94027734,6516675824.253466,521334065.94027734
412,Логит-калибровка,0.006428082007500663,0.07200315242226774,0.0493452216239904,138581120.40881467,541455765.3026646,6768197066.283307,541455765.3026646
412,Монотонный сплайн,0.4943880002697192,0.00028556837387543266,0.04939543589839187,138741434.4259137,524964416.8440924,6562055210.551155,524964416.8440924
412,Французский сплайн,0.12000411128163067,0.0031501167672452856,0.04937282643361933,138680691.80412197,524873893.3138577,6560923666.423221,524873893.3138577
413,Бета-калибровка,0.0013738376442105505,0.005327575084222715,0.04885691585667958,137209762.49189895,547380568.1018031,6842257101.272539,547380568.1018031
413,Изотоническая регрессия,0.2803213753515453,1.6383091178911733e-08,0.04899559721844057,137620165.2282685,521687255.63311815,6521090695.413977,521687255.63311815
413,Логит-калибровка,0.00627969825379055,0.002519267055229027,0.048884161448618145,137286279.01229918,541405499.193462,6767568739.918274,541405499.193462
413,Монотонный сплайн,0.3593983429645513,8.546442297255693e-08,0.04902217849765511,137692342.6773836,525448898.1195245,6568111226.494057,525448898.1195245
413,Французский сплайн,0.3205879160886964,7.873233342488487e-06,0.04900498023914663,137646472.41255647,525276337.96451545,6565954224.556443,525276337.96451545
414,Бета-калибровка,0.0034236693223778127,0.005382432794123124,0.048653557427473994,136638650.67931795,548129052.1829219,6851613152.286524,548129052.1829219
414,Изотоническая регрессия,0.4902905971169992,1.2800420358945103e-07,0.04875720372105052,136949943.3301983,522610605.6176164,6532632570.220205,522610605.61761636
414,Логит-калибровка,0.0064287093902578914,0.002548850204026489,0.0487243361102009,136837425.53188822,542015668.3094256,6775195853.867819,542015668.3094256
414,Монотонный сплайн,0.33333992210428637,6.751603193275691e-07,0.04888587675907945,137308302.0348549,526154950.8714076,6576936885.892596,526154950.8714076
414,Французский сплайн,0.1280778760543194,8.332958218150747e-06,0.04883786165048556,137176324.20224655,526047212.5953631,6575590157.442039,526047212.5953631
415,Бета-калибровка,0.0034061950911982125,0.01591641379582598,0.04818674024210637,135327641.29593152,546771145.897508,6834639323.71885,546771145.897508
415,Изотоническая регрессия,0.3428113346626487,1.364463445207357e-07,0.048176450522210944,135320271.6465772,520862227.58039665,6510777844.754959,520862227.5803967
415,Логит-калибровка,0.0064230689729353335,0.008412028642792913,0.04825920255876193,135531144.46602696,540647118.3623205,6758088979.529005,540647118.3623205
415,Монотонный сплайн,0.18091308120601474,7.718127213424528e-07,0.04831613462341702,135709461.42285624,524512220.314662,6556402753.933275,524512220.314662
415,Французский сплайн,0.05586695850173028,6.317861596299487e-05,0.048285367565403296,135626049.76823822,524394297.7256256,6554928721.570319,524394297.7256256
416,Бета-калибровка,0.01138441128787971,0.0166992920660178,0.048076584527240604,135018279.9863025,546690028.223392,6833625352.792398,546690028.2233919
416,Изотоническая регрессия,0.2679202486899518,1.4188527810236245e-07,0.04812096524347024,135163848.7897618,520748905.3484097,6509361316.855122,520748905.3484097
416,Логит-калибровка,0.030152929304341984,0.008877529551690294,0.0481364886803497,135186514.80989408,540590484.0917009,6757381051.146261,540590484.0917009
416,Монотонный сплайн,0.286421332076032,8.070671134400973e-08,0.04821051429186771,135412437.85380113,524467781.49735236,6555847268.716904,524467781.49735236
416,Французский сплайн,0.12476676922338317,6.612827571497448e-05,0.0481795569402579,135328325.7720443,524363744.8309468,6554546810.386836,524363744.83094686
417,Бета-калибровка,0.0034231082163503446,0.04908665029933856,0.047494584119071225,133383790.03999962,548391323.186124,6854891539.82655,548391323.186124
417,Изотоническая регрессия,0.17193974085907016,8.299188245797845e-06,0.047593752935168446,133684302.14312705,523020508.52314126,6537756356.539265,523020508.52314126
417,Логит-калибровка,0.00642851413005596,0.02947474614760216,0.047602987508609584,133688230.11917916,542295449.4545405,6778693118.181755,542295449.4545405
417,Монотонный сплайн,0.12703833164728653,3.88470666846326e-05,0.04771344928985327,134017699.16603762,526444579.3113934,6580557241.392417,526444579.3113934
417,Французский сплайн,0.045527674397743495,0.000512075419199032,0.04765930892815064,133868405.34542003,526309735.12345374,6578871689.043173,526309735.12345374
418,Бета-калибровка,0.0165694045278574,0.04732999693006241,0.04837408562049429,135853782.0565962,546668611.5302763,6833357644.128452,546668611.5302762
418,Изотоническая регрессия,0.49018316247635363,1.308310151381373e-06,0.04849639171688814,136218076.89770862,520302803.34879375,6503785041.8599205,520302803.34879375
418,Логит-калибровка,0.029954959511313325,0.028280359626928996,0.04843136591005117,136014648.02178773,540551521.0043095,6756894012.553869,540551521.0043095
418,Монотонный сплайн,0.593265941808203,6.4107353674593455e-06,0.04853773521829217,136331304.05293643,524015598.13751155,6550194976.718894,524015598.13751155
418,Французский сплайн,0.44461285851313737,0.0004802973353856811,0.04850304926985768,136236701.4805258,523933867.25977314,6549173340.747164,523933867.25977314
419,Бета-калибровка,8.360232938704751e-05,0.016275597082961685,0.04959821140980383,139291616.92329305,548382903.1082118,6854786288.852647,548382903.1082118
419,Изотоническая регрессия,0.2852274045747789,1.346095543257434e-07,0.049734598582871006,139696533.46013492,522274159.62087363,6528426995.26092,522274159.62087363
419,Логит-калибровка,0.0004787314384322852,0.008625663539728719,0.04963365635964737,139391160.5204337,542379607.0092585,6779745087.61573,542379607.0092585
419,Монотонный сплайн,0.30144855492080125,7.283613183889342e-07,0.04974340729994609,139718133.47130424,526096124.2001436,6576201552.501795,526096124.2001436
419,Французский сплайн,0.17627935143824655,6.576579545679827e-05,0.04972035736672271,139656448.0264094,525977144.05046535,6574714300.630817,525977144.05046535
420,Бета-калибровка,0.007916152767368649,0.04913020942156432,0.0484342179502285,136022657.69142172,549303019.9399081,6866287749.248852,549303019.939908
420,Изотоническая регрессия,0.3812714307003375,9.041661636938122e-06,0.048559492896531414,136395529.45061886,523347735.47579753,6541846693.447469,523347735.47579753
420,Логит-калибровка,0.028007013851326,0.02949988042690995,0.048540138269268986,136320124.31541502,543231800.0599072,6790397500.74884,543231800.0599072
420,Монотонный сплайн,0.22745823615269523,5.921905506803986e-06,0.04857917830148616,136448122.80113724,527132717.1453059,6589158964.316323,527132717.1453059
420,Французский сплайн,0.1240049262420734,0.0005132229439453474,0.0485390580343149,136338084.54929224,527052251.9414582,6588153149.268227,527052251.9414582
421,Бета-калибровка,0.016569375407525996,0.023118049097192922,0.048595077595177304,136474415.91829595,548057789.6184965,6850722370.231207,548057789.6184965
421,Изотоническая регрессия,0.431192896649186,0.00039782161452975496,0.04872851402927715,136869610.39982197,522306495.9856226,6528831199.820282,522306495.9856226
421,Логит-калибровка,0.029954981972901223,0.03146442385154902,0.04867171199372136,136689635.9631671,541934223.1552798,6774177789.440998,541934223.1552798
421,Монотонный сплайн,0.47803299902739005,0.00030504578473737257,0.048802782963158396,137075391.32288378,525960452.6243061,6574505657.803826,525960452.6243061
421,Французский сплайн,0.12168094499648907,0.017528190426078036,0.04875734035728598,136950526.89273104,525883128.2763329,6573539103.454162,525883128.27633286
422,Бета-калибровка,0.0033758642955607618,0.023017372748632144,0.04901531361629414,137654606.76000047,548417815.4390208,6855222692.987761,548417815.4390209
422,Изотоническая регрессия,0.5288525148159376,9.145554131730393e-06,0.049084015711506716,137867522.92419547,522494434.89172447,6531180436.146556,522494434.89172447
422,Логит-калибровка,0.006415472605970878,0.029411062436134297,0.049090844585677605,137866727.934417,542283092.3547387,6778538654.434235,542283092.3547387
422,Монотонный сплайн,0.5450077699189508,4.378694711852609e-05,0.04914139851662688,138025851.31344897,526241213.95796424,6578015174.474553,526241213.95796424
422,Французский сплайн,0.18319078718322576,0.0005090228779912941,0.04910943506908611,137938902.57675442,526129645.46065503,6576620568.258188,526129645.46065503
423,Бета-калибровка,0.00027937802778347056,0.005467121452314137,0.048826702755409665,137124912.01829252,549818891.0285563,6872736137.856954,549818891.0285563
423,Изотоническая регрессия,0.6787065401294468,9.413877233904591e-07,0.048930558849752934,137437631.07364613,524276885.96243936,6553461074.530492,524276885.96243936
423,Логит-калибровка,0.0008822281654049958,0.0025941774917027775,0.04891495053529613,137372747.08332562,543760923.3624895,6797011542.031117,543760923.3624895
423,Монотонный сплайн,0.4417833388109829,5.083210479920173e-06,0.048981914753462114,137579159.85002667,527929711.2817012,6599121391.021265,527929711.2817012
423,Французский сплайн,0.08865847023583587,8.911083659744198e-06,0.04893924229494393,137461975.3005625,527821518.128476,6597768976.605949,527821518.128476
424,Бета-калибровка,0.01137460837361674,0.005954245064578005,0.048905872757649155,137347253.0525819,548795643.8504118,6859945548.130147,548795643.8504118
424,Изотоническая регрессия,0.46907879860299356,1.1587574571263586e-06,0.04908247440269771,137864390.31253627,522966504.32153165,6537081304.019146,522966504.32153165
424,Логит-калибровка,0.03002425937558261,0.008357839396863957,0.04897429393729178,137539407.09349024,542734726.7481228,6784184084.351535,542734726.7481228
424,Монотонный сплайн,0.3645437315169977,7.190329070521154e-07,0.0490668253272165,137817408.40113944,526695780.0694245,6583697250.867807,526695780.0694245
424,Французский сплайн,0.24571341733709268,0.0005029153998246196,0.049029732760727224,137716141.82161227,526609408.38729405,6582617604.841176,526609408.38729405
425,Бета-калибровка,0.006820851694183876,0.016744851924338385,0.04873856455480651,136877384.69571862,549466111.7392023,6868326396.740028,549466111.7392023
425,Изотоническая регрессия,0.47818951096097556,5.6475267920702656e-05,0.0488431066951019,137191432.44252416,524289219.6786784,6553615245.9834795,524289219.6786784
425,Логит-калибровка,0.024746957609514633,0.022791242934813497,0.048813131987362625,137086799.8733092,543469750.3508428,6793371879.385535,543469750.3508428
425,Монотонный сплайн,0.3661326453505318,3.768290352033278e-05,0.04893442670320145,137445099.40503424,528032553.96224105,6600406924.528013,528032553.96224105
425,Французский сплайн,0.24712910094826543,0.00343138493312126,0.04889709161554582,137343068.7603142,527859796.4785986,6598247455.982483,527859796.4785986
426,Бета-калибровка,0.011377003243062907,0.016898692163792493,0.04949326688388887,138996890.71671355,549987999.540529,6874849994.256612,549987999.540529
426,Изотоническая регрессия,0.488017155717114,1.035924869162107e-06,0.049578126715435766,139256739.0676298,524108604.16857076,6551357552.107135,524108604.16857076
426,Логит-калибровка,0.030078772317485205,0.00899737116031774,0.049560115541279225,139184628.48612857,543999869.4132131,6799998367.665165,543999869.4132131
426,Монотонный сплайн,0.47619325275504365,5.501827696003627e-06,0.04961479408012408,139356644.33757144,527896633.4697422,6598707918.371778,527896633.4697422
426,Французский сплайн,0.1268299446872595,6.955141058359215e-05,0.04958442166600821,139274340.72409856,527784732.6064389,6597309157.580486,527784732.6064389
427,Бета-калибровка,0.0024122959594524347,0.035830485885030725,0.048200382218740206,135365953.42311,547900073.5455825,6848750919.31978,547900073.5455824
427,Изотоническая регрессия,0.4372096446240902,0.0003894467678864082,0.048341914818930874,135784124.37748545,522310889.21034324,6528886115.12929,522310889.21034324
427,Логит-калибровка,0.006421616796891901,0.028657279112608687,0.048268374163286165,135556902.00017285,541849961.5171542,6773124518.964427,541849961.5171542
427,Монотонный сплайн,0.332177378439107,0.001644049399279418,0.04837351151852985,135869932.03912872,525950160.3838538,6574377004.798173,525950160.38385385
427,Французский сплайн,0.12106239344711762,0.0025327159108195774,0.04833760278567806,135771923.6387875,525838662.18273634,6572983277.2842045,525838662.18273634
428,Бета-калибровка,0.0033497314436203,0.01716490300981586,0.049357423922989606,138615389.345324,549540094.4202836,6869251180.253544,549540094.4202836
428,Изотоническая регрессия,0.49125447408271683,1.1180184905897957e-07,0.04939455573366081,138741317.92241305,523726228.4010798,6546577855.013498,523726228.40107983
428,Логит-калибровка,0.006411632082227927,0.00915755008363007,0.04942791574304657,138813358.572772,543533084.0843174,6794163551.0539665,543533084.0843174
428,Монотонный сплайн,0.12514060108013475,6.153821986726576e-07,0.04943397883543841,138848703.03989792,527490017.0768886,6593625213.461107,527490017.0768886
428,Французский сплайн,0.120462344379337,7.104593998285826e-05,0.049416807587739066,138803643.80033416,527342444.2528017,6591780553.160021,527342444.2528017
429,Бета-калибровка,0.0033480414031722945,0.016303199481429012,0.04946990005707627,138931267.320293,547940797.8377218,6849259972.971523,547940797.8377218
429,Изотоническая регрессия,0.36231016604264965,1.4438757650272925e-07,0.04954838895207405,139172386.33300477,521797628.03680944,6522470350.460117,521797628.03680944
429,Логит-калибровка,0.0064114863861011,0.008641611969684672,0.04952529227903098,139086830.83643058,541826818.3110116,6772835228.887645,541826818.3110116
429,Монотонный сплайн,0.3760095527069309,7.855305011796769e-07,0.049599370533414705,139312588.8994956,525331885.1351841,6566648564.189801,525331885.1351841
429,Французский сплайн,0.2753942003164295,6.429719934451653e-05,0.04957077458192005,139235172.9965885,525248480.4658296,6565606005.82287,525248480.4658296
430,Бета-калибровка,0.002238541378039339,0.001096471729535625,0.04858587953197538,136448584.0775997,548194026.5806755,6852425332.258444,548194026.5806756
430,Изотоническая регрессия,0.582728631921467,1.1305990212947696e-06,0.048616534753022064,136555367.00038716,522715478.8485887,6533943485.607359,522715478.8485887
430,Логит-калибровка,0.0064532416091737255,0.0015765827447589212,0.04865721532540299,136648923.51986176,542092876.501481,6776160956.268513,542092876.501481
430,Монотонный сплайн,0.6079365134526462,7.358585619989518e-07,0.04879449307459175,137051992.52373847,526193858.31387484,6577423228.923435,526193858.3138749
430,Французский сплайн,0.12456271400129419,0.000494335894984045,0.048746340260128605,136919798.3836327,526115418.7661953,6576442734.577441,526115418.7661953
431,Бета-калибровка,0.0007682527377180853,0.023798628969515196,0.04913157030634796,137981102.04834762,548896515.5609028,6861206444.511286,548896515.5609028
431,Изотоническая регрессия,0.4784647661111412,8.012261318277456e-06,0.049179459791066096,138138558.07723004,522971928.75538206,6537149109.442275,522971928.75538206
431,Логит-калибровка,0.003794620262633056,0.022732710072148755,0.04919414781903834,138156844.7349873,542863330.3933357,6785791629.916697,542863330.3933357
431,Монотонный сплайн,0.36488021797372816,3.93472073888627e-05,0.04926759424427569,138383284.23310626,526481720.85709953,6581021510.713743,526481720.85709953
431,Французский сплайн,0.13284264645294472,0.00220531154421737,0.049232758364288455,138288242.18867728,526397218.6784454,6579965233.480568,526397218.67844546
432,Бета-калибровка,0.000759352747386166,0.09569088456455607,0.047990845934746285,134777491.72314146,547063631.0928762,6838295388.660952,547063631.0928762
432,Изотоническая регрессия,0.3664812038698575,8.5069643223319e-06,0.048150693548885015,135249131.7626887,521474544.20228815,6518431802.528603,521474544.20228815
432,Логит-калибровка,0.0037618996093768137,0.061794408446022873,0.04806579907687558,134987990.1274974,540974799.1396189,6762184989.245236,540974799.1396189
432,Монотонный сплайн,0.3329002772493359,4.0630257383746175e-05,0.04823041424195268,135469950.4228896,525104549.77346045,6563806872.168256,525104549.77346045
432,Французский сплайн,0.27544246729695143,0.0022366183149317167,0.048183787994500585,135341966.36418113,524946354.30517685,6561829428.814711,524946354.30517685
433,Бета-калибровка,0.0013738478024250258,0.01671069640147137,0.04881167783175851,137082716.02271056,547856386.9491115,6848204836.8638935,547856386.9491115
433,Изотоническая регрессия,0.2634987112391258,1.1486061932523432e-06,0.048992997710776906,137612984.37094584,522430243.1822406,6530378039.778007,522430243.1822406
433,Логит-калибровка,0.00627977591997309,0.008884925322257972,0.048862133658128144,137224416.1654871,541791854.744501,6772398184.306263,541791854.744501
433,Монотонный сплайн,0.36834774098518674,5.825331092763356e-06,0.04906626204524275,137815699.1037753,526096379.0580811,6576204738.226013,526096379.05808115
433,Французский сплайн,0.1858890267810985,6.719206549513743e-05,0.04902224185699486,137695113.36862496,525945541.99277556,6574319274.909695,525945541.99277556
434,Бета-калибровка,0.016634217884276842,0.0859192382713008,0.04984608793446941,139987753.35516387,551528002.5883112,6894100032.353891,551528002.5883112
434,Изотоническая регрессия,0.4869363875646297,6.18445611887309e-05,0.049874153720571954,140086426.90885428,526305042.3425994,6578813029.282492,526305042.3425994
434,Логит-калибровка,0.029985557276762595,0.05112701096540674,0.04992234439248084,140201911.9918432,545585243.2055225,6819815540.069031,545585243.2055225
434,Монотонный сплайн,0.4758792952055787,4.2380199027925025e-05,0.049945318395444256,140283348.23627794,529919204.3009521,6623990053.7619,529919204.3009521
434,Французский сплайн,0.11774064951889912,0.0033684827898156143,0.04991979384615159,140214524.9994045,529778342.03314054,6622229275.414257,529778342.03314054
435,Бета-калибровка,0.011374667693978623,0.0007304367845886934,0.04815265831162183,135231925.60235876,549755190.3402059,6871939879.252573,549755190.3402059
435,Изотоническая регрессия,0.5730699236483958,1.0357424902578807e-06,0.04815903660173214,135270529.19230455,524471164.00588906,6555889550.073614,524471164.00588906
435,Логит-калибровка,0.030027912690804334,0.0010461711934244644,0.048273073207638864,135570098.796333,543709269.2622272,6796365865.777839,543709269.2622272
435,Монотонный сплайн,0.3481685796786953,5.425145607189126e-06,0.04826704017265356,135571027.90548414,528157850.1280809,6601973126.601011,528157850.12808096
435,Французский сплайн,0.32061310785927466,0.0005275884795471718,0.04823378502332695,135480422.7123376,527983689.9475455,6599796124.344319,527983689.9475455
436,Бета-калибровка,0.0033539197833277364,0.005096967817478785,0.04942405820081475,138802525.05116814,547949686.9235122,6849371086.543903,547949686.9235122
436,Изотоническая регрессия,0.5786941580866571,1.3900782253230477e-07,0.049651686205657346,139463323.5399681,522153040.1389309,6526913001.736637,522153040.1389309
436,Логит-калибровка,0.0064120604155336065,0.0023982080034175737,0.049451729479103965,138880237.0691156,541956836.2794049,6774460453.492561,541956836.2794049
436,Монотонный сплайн,0.4383514874944214,7.607243490520062e-07,0.049649943528694084,139456008.93001702,525763120.00824076,6572039000.103009,525763120.00824076
436,Французский сплайн,0.1786122246021143,7.757702992766264e-06,0.04962021846194762,139375012.0143979,525622218.15254295,6570277726.906788,525622218.152543
437,Бета-калибровка,0.01644251792266024,0.005286011950280267,0.04884586615385637,137178730.50649023,549165413.6390054,6864567670.487568,549165413.6390054
437,Изотоническая регрессия,0.09769687900032424,1.305333352045885e-07,0.04893840153526385,137460015.271635,523321481.9420271,6541518524.275338,523321481.9420271
437,Логит-калибровка,0.029902933972662034,0.002497918468571983,0.048922452980205505,137393816.94960913,543142913.4190571,6789286417.7382145,543142913.4190571
437,Монотонный сплайн,0.12933308054235043,6.876498075773446e-07,0.04903202444799665,137719915.1045413,527070807.93274975,6588385099.159372,527070807.93274975
437,Французский сплайн,0.11803618015091619,8.11366359856862e-06,0.04899564325063432,137620595.32973704,526983612.2290081,6587295152.862601,526983612.2290081
438,Бета-калибровка,0.0020928893602927233,0.016378999875301822,0.049293496929979065,138435856.7781532,548235285.0577195,6852941063.221493,548235285.0577195
438,Изотоническая регрессия,0.4896952312358439,1.166451424604152e-06,0.049458465362985815,138920682.12540936,522582464.63389504,6532280807.923688,522582464.63389504
438,Логит-калибровка,0.006423409658766099,0.008687042668208807,0.04933889760189763,138563360.0251693,542236411.5262735,6777955144.078419,542236411.5262735
438,Монотонный сплайн,0.34854895886164033,5.924977575256271e-06,0.04950942946660051,139061009.05190167,526317270.46689403,6578965880.836175,526317270.46689403
438,Французский сплайн,0.27541031870806587,6.633415128156263e-05,0.04947719950393591,138973190.9131559,526163849.14577746,6577048114.322219,526163849.14577746
439,Бета-калибровка,0.0128695907202037,0.023266617050633185,0.048590750216732946,136462262.9086728,547859804.1612778,6848247552.015971,547859804.1612778
439,Изотоническая регрессия,0.28711146509626395,0.00036975117840568126,0.04867242502240378,136713046.8329188,522280257.74413013,6528503221.801626,522280257.74413013
439,Логит-калибровка,0.029988422286957285,0.031690454075504894,0.04865260330396623,136635971.11885875,541773568.034232,6772169600.427899,541773568.034232
439,Монотонный сплайн,0.4169512497131056,0.0002713119124077368,0.04881095721048798,137099111.44760594,525817801.9488924,6572722524.361155,525817801.9488924
439,Французский сплайн,0.12187936965247106,0.0032978919049634313,0.04876628791232054,136976609.43240103,525680674.1774874,6571008427.218593,525680674.1774874
440,Бета-калибровка,0.005520826530824504,0.04983472386038089,0.048706097753432494,136786204.93073982,548957608.9669858,6861970112.087322,548957608.9669858
440,Изотоническая регрессия,0.4461590071014208,1.1121429161300227e-06,0.04880650750379009,137088168.87364408,523528391.7413548,6544104896.766935,523528391.7413548
440,Логит-калибровка,0.02059905023772489,0.0299856557060854,0.048773209888308605,136974682.6503259,543000446.0051336,6787505575.064169,543000446.0051336
440,Монотонный сплайн,0.19980328259025457,5.459867532935583e-06,0.048870777111461546,137265792.77415633,527336011.7998537,6591700147.498171,527336011.7998537
440,Французский сплайн,0.12221203953574869,0.0005254189810357561,0.048846567640216776,137200610.7002626,527175125.7760026,6589689072.200031,527175125.7760025
441,Бета-калибровка,0.0022617475944564877,0.11333603820762354,0.04971162033769158,139610114.55637306,551334420.058732,6891680250.73415,551334420.058732
441,Изотоническая регрессия,0.5555638436529315,0.00035052851341152186,0.04967336576430632,139523849.61247784,525698257.3530413,6571228216.913016,525698257.3530413
441,Логит-калибровка,0.009669658491327542,0.08557076331318135,0.04980012132813843,139858660.73794395,545319940.7472668,6816499259.340833,545319940.7472668
441,Монотонный сплайн,0.5431190934555173,0.00025860270165112243,0.04978209932839894,139826495.7820469,529321594.8778433,6616519935.973042,529321594.8778433
441,Французский сплайн,0.37326962063851044,0.003431032454541929,0.049753483762158185,139748821.93575883,529230127.559906,6615376594.498826,529230127.559906
442,Бета-калибровка,0.0007999859310852291,0.03578074011760087,0.049423483361587445,138800910.6726822,549148746.0080031,6864359325.100039,549148746.0080031
442,Изотоническая регрессия,0.604196775797909,8.017764593569555e-06,0.04943996138112202,138867519.5427431,523797856.99478686,6547473212.434835,523797856.99478686
442,Логит-калибровка,0.003968091227764641,0.02862829935101426,0.04947389968558031,138942499.87698376,543152577.3416536,6789407216.770668,543152577.3416536
442,Монотонный сплайн,0.5183613008912676,3.9552900217942186e-05,0.04954256851676375,139152997.63455746,527600995.45488137,6595012443.186016,527600995.45488137
442,Французский сплайн,0.3381528650725576,0.002694452604339465,0.04952671913146182,139111097.8541209,527450016.8380154,6593125210.475192,527450016.8380154
443,Бета-калибровка,0.011374695387627632,0.016553321448223555,0.04905531351143614,137766942.46551728,548906816.0621111,6861335200.776389,548906816.0621111
443,Изотоническая регрессия,0.48772016390281947,1.335485698553065e-06,0.04916166749730793,138086078.59943956,522845274.3399037,6535565929.248796,522845274.3399037
443,Логит-калибровка,0.030029873159103528,0.008790062229393297,0.049120146823589915,137949020.33936992,542888466.57458,6786105832.182249,542888466.57458
443,Монотонный сплайн,0.3020827397291821,6.399374141194122e-06,0.04919909866695582,138188267.13758785,526499021.11156833,6581237763.894604,526499021.11156833
443,Французский сплайн,0.12486348208111821,6.470228615155271e-05,0.049167332657691604,138101920.83088788,526397253.792426,6579965672.405325,526397253.792426
444,Бета-калибровка,0.0015778945897478899,0.05088454861922795,0.04896839042225176,137522827.66185185,549415844.783292,6867698059.791149,549415844.783292
444,Изотоническая регрессия,0.5589698589859838,8.549711688450614e-06,0.049058711490664215,137796578.15038142,523916253.28718793,6548953166.089849,523916253.28718793
444,Логит-калибровка,0.006453994413377864,0.030699005471914235,0.04902645075687591,137685884.3056103,543459504.195502,6793243802.443774,543459504.1955019
444,Монотонный сплайн,0.36317852437786646,4.1655733885895854e-05,0.049100272180053826,137910585.23198944,527760238.1231835,6597002976.539793,527760238.1231835
444,Французский сплайн,0.12299584518644792,0.0005382879119802771,0.049073907167632234,137839261.5972513,527612161.5295105,6595152019.118881,527612161.5295105
445,Бета-калибровка,0.0023868848137665,0.048778768131894065,0.04927678367324116,138388919.2679305,549637436.208163,6870467952.602039,549637436.208163
445,Изотоническая регрессия,0.4684365577393048,1.2206694155754955e-06,0.0494051671895244,138771358.33506036,523674549.92275125,6545931874.03439,523674549.9227513
445,Логит-калибровка,0.010101163343078992,0.029262676125002714,0.04934997166009336,138594460.41020623,543633922.6666305,6795424033.332882,543633922.6666305
445,Монотонный сплайн,0.19023184149147987,5.765811785019782e-06,0.04937789521090243,138691688.52293804,527505129.7186136,6593814121.48267,527505129.7186136
445,Французский сплайн,0.2180291919749916,0.0004932110837158772,0.04935460805548012,138629327.46425077,527369344.19578874,6592116802.447359,527369344.19578874
446,Бета-калибровка,0.0022430507223738707,0.035278380838622066,0.04856386113066414,136386747.59935716,547985960.0867218,6849824501.084022,547985960.0867219
446,Изотоническая регрессия,0.23553046206881278,1.1788162101458978e-06,0.048608741397871844,136533240.9417833,522330269.4748671,6529128368.43584,522330269.4748671
446,Логит-калибровка,0.009622636546708457,0.028349602456188686,0.04862017189150155,136544890.74009296,541924946.0776267,6774061825.970333,541924946.0776266
446,Монотонный сплайн,0.18199333624006597,5.929811399676812e-06,0.048679246033797134,136728352.61391312,525909048.7194243,6573863108.992804,525909048.7194243
446,Французский сплайн,0.07471972467180549,0.0005184616628505965,0.04865384110281363,136659848.04615453,525795801.5266403,6572447519.083005,525795801.5266403
447,Бета-калибровка,0.016455663764506454,0.023510944976487466,0.048548012491109176,136342238.28003103,547958959.7132351,6849486996.415439,547958959.7132351
447,Изотоническая регрессия,0.4754631927206715,6.293408479707154e-05,0.048779156288054154,137012910.5193713,522577326.3172132,6532216578.965164,522577326.3172132
447,Логит-калибровка,0.02990777576783037,0.029889082922696902,0.04860311359682874,136496984.22533384,541901991.3721,6773774892.151251,541901991.3721
447,Монотонный сплайн,0.36444135991389004,0.0002810568039984741,0.04880535316024666,137083589.37837678,526143644.07331425,6576795550.916428,526143644.07331425
447,Французский сплайн,0.17328065422530498,0.0005138312774822543,0.04875694126518686,136950415.66267136,526016688.3545989,6575208604.432486,526016688.3545989
448,Бета-калибровка,0.005220725711140672,0.0053520564209529504,0.04945830732520198,138898710.29209727,549499811.2897553,6868747641.1219425,549499811.2897553
448,Изотоническая регрессия,0.43470669632499165,1.0074976355199388e-06,0.04960242791010762,139325704.14274627,524135562.1259925,6551694526.574905,524135562.1259925
448,Логит-калибровка,0.017751856901935533,0.002532912466353095,0.049513524559694565,139053782.37344623,543532464.6025245,6794155807.531555,543532464.6025245
448,Монотонный сплайн,0.2761181831174654,5.161861633609512e-06,0.04964995435644576,139455924.96648207,527682148.4672588,6596026855.840735,527682148.4672588
448,Французский сплайн,0.13503682576170728,8.38628554207073e-06,0.049619796729932865,139374441.38130543,527482661.6218375,6593533270.272968,527482661.62183744
449,Бета-калибровка,0.010237225124023391,0.05048449923337448,0.048462129770111516,136101045.24638116,550111385.7444708,6876392321.805885,550111385.7444708
449,Изотоническая регрессия,0.6981819689798663,1.1082049648738846e-06,0.048585869678744606,136469127.60578638,524808111.2815432,6560101391.019289,524808111.2815432
449,Логит-калибровка,0.029927341259583632,0.030425249884048412,0.048563207862995256,136384912.9624359,544083257.9679351,6801040724.599188,544083257.9679351
449,Монотонный сплайн,0.5471453884552503,5.542694575312001e-06,0.048704318235187484,136798802.10817713,528296941.2091742,6603711765.114677,528296941.2091743
449,Французский сплайн,0.3224006327207138,0.0005226946699300569,0.04864792502138441,136643306.40549934,528187093.4338627,6602338667.923284,528187093.4338627
450,Бета-калибровка,0.003429384676124736,0.1893366605038622,0.050431827602116695,141632744.63778454,550895963.235858,6886199540.448224,550895963.235858
450,Изотоническая регрессия,0.6644438133450935,0.00034544417914459497,0.05055458479043421,141999263.12545544,525324212.6872761,6566552658.590951,525324212.6872761
450,Логит-калибровка,0.006430775005225167,0.18611767958480177,0.05046621914165788,141729329.837432,545030218.4007947,6812877730.009933,545030218.4007946
450,Монотонный сплайн,0.5437767469213735,0.0015250473624264724,0.05057750747757799,142060929.9714408,529160071.13517797,6614500889.189724,529160071.13517797
450,Французский сплайн,0.11736187709145166,0.018046629553280024,0.050562984641903626,142022767.41653293,528997230.70074576,6612465383.759321,528997230.70074576
451,Бета-калибровка,0.0017807411336598132,0.005312367297817621,0.0475432236367972,133520389.26158127,547314671.2886493,6841433391.108117,547314671.2886493
451,Изотоническая регрессия,0.4922794361288189,1.1841933407631503e-07,0.04759705677169296,133692863.03762251,521775721.0872158,6522196513.590198,521775721.0872158
451,Логит-калибровка,0.007868517732123206,0.0025122503615916856,0.047641193925923794,133795529.0215644,541193924.9288511,6764924061.610638,541193924.9288511
451,Монотонный сплайн,0.3660105863110874,6.343884873020424e-07,0.04767775115011456,133916286.53259622,525307124.6142119,6566339057.6776495,525307124.6142119
451,Французский сплайн,0.12023985192910931,8.487300953368934e-06,0.047641917588987046,133818783.03797336,525166401.73510563,6564580021.68882,525166401.73510563
452,Бета-калибровка,0.005441533793168824,0.016771530743254617,0.049769136163594546,139771642.00183892,550329460.9543433,6879118261.929291,550329460.9543433
452,Изотоническая регрессия,0.4927400722664299,9.927178798943951e-08,0.0497981936134913,139875492.54412895,524873976.17196953,6560924702.149619,524873976.17196953
452,Логит-калибровка,0.020374465390228857,0.009227098089955562,0.04983808964733171,139965290.96556637,544392213.9145677,6804902673.932096,544392213.9145677
452,Монотонный сплайн,0.4796636352774152,5.663645564880139e-07,0.04988844135264041,140125934.51433477,528403123.1697384,6605039039.621729,528403123.1697384
452,Французский сплайн,0.1206658672477925,7.219460488973449e-05,0.049870376239191466,140078093.1212875,528232762.31558096,6602909528.944761,528232762.31558096
453,Бета-калибровка,0.014006797666347973,0.051957112389619906,0.048538089502042525,136314370.55753624,552132064.9394095,6901650811.742619,552132064.9394095
453,Изотоническая регрессия,0.3270971598106339,9.315172266297849e-07,0.04856966911810048,136423629.95127338,527217998.5299145,6590224981.62393,527217998.5299145
453,Логит-калибровка,0.0298920133052038,0.031436330904569786,0.04867886885517635,136709735.29287726,546134582.1155661,6826682276.444576,546134582.1155661
453,Монотонный сплайн,0.2913515581237822,4.914391978847847e-06,0.04868973132477493,136757941.13243258,530641151.9738606,6633014399.673258,530641151.9738606
453,Французский сплайн,0.12049978950381944,0.0005624427794093651,0.048648419798682924,136644649.41548342,530531356.70875484,6631641958.859436,530531356.70875484
454,Бета-калибровка,0.010037233302734455,0.01671884918557367,0.049412354162016565,138769655.42860734,549167663.1658537,6864595789.573173,549167663.1658537
454,Изотоническая регрессия,0.6984598995121127,8.717642951938423e-06,0.04947943990966627,138979826.24230677,523261927.34576225,6540774091.822027,523261927.34576225
454,Логит-калибровка,0.029945840334729808,0.00889012690231062,0.049459930892922076,138903269.91968238,543182407.0099219,6789780087.624023,543182407.0099219
454,Монотонный сплайн,0.45205196015259824,4.0811363912322015e-05,0.04955908553843783,139200780.36180192,526962904.09907335,6587036301.238417,526962904.09907335
454,Французский сплайн,0.33835018790085947,6.692757575080581e-05,0.0495283043663692,139117024.63830948,526857952.1201117,6585724401.501396,526857952.1201117
455,Бета-калибровка,0.002684557849315894,0.005181382399399965,0.048895080699432554,137316944.6362864,549164130.6415818,6864551633.019771,549164130.6415818
455,Изотоническая регрессия,0.4760086847430912,1.3176542753269754e-08,0.04892489545072902,137421606.3838274,523545829.63626766,6544322870.453345,523545829.63626766
455,Логит-калибровка,0.006430938526128114,0.002442971376011566,0.04897614884689881,137544616.42163065,543157276.1430943,6789465951.788679,543157276.1430943
455,Монотонный сплайн,0.23502055200264593,7.883605200459233e-08,0.04899972768224091,137628903.29753664,527187363.4083326,6589842042.604157,527187363.4083326
455,Французский сплайн,0.10671922138237433,8.165863520499557e-06,0.048978167709571564,137571153.8514173,527053942.98362035,6588174287.295254,527053942.98362035
456,Бета-калибровка,0.00028128213114802234,0.04867061782108562,0.049192196206282304,138151363.82572323,549660977.9248109,6870762224.060136,549660977.9248109
456,Изотоническая регрессия,0.535036806833049,9.461057369045632e-06,0.049124269881560906,137980453.13537568,523508149.1747726,6543851864.684658,523508149.1747726
456,Логит-калибровка,0.000888858404672527,0.0291888292303251,0.04929105380703043,138428995.51166424,543546063.8912755,6794325798.640944,543546063.8912755
456,Монотонный сплайн,0.48145189471787664,4.6234868377399764e-05,0.049234714797178426,138287520.59717104,527314011.06113553,6591425138.2641945,527314011.06113553
456,Французский сплайн,0.08877597306086626,0.0004982627206283947,0.04920979469556519,138220579.20110032,527226908.2232828,6590336352.791035,527226908.2232829
457,Бета-калибровка,0.0003333498665338484,0.016638427871866084,0.04798562763538907,134762836.65122667,546152231.9987042,6826902899.983803,546152231.9987042
457,Изотоническая регрессия,0.5749966224824559,1.1441787056113555e-06,0.048080595429046864,135051431.00293523,520199717.9676635,6502496474.595793,520199717.9676635
457,Логит-калибровка,0.0018481829645584725,0.008841336712195353,0.04804725362368106,134935907.0767459,540012996.2308342,6750162452.885428,540012996.2308342
457,Монотонный сплайн,0.4915387312669714,5.693047471564149e-06,0.048160260503283786,135272109.33324358,523885464.37707144,6548568304.713392,523885464.37707144
457,Французский сплайн,0.31578492791948576,6.626230230258955e-05,0.048122841878979555,135169973.10408527,523784686.74456024,6547308584.307003,523784686.74456024
458,Бета-калибровка,0.010082540009059275,0.017280915964648324,0.04837389685593095,135853251.93019652,546992096.3225255,6837401204.031569,546992096.3225255
458,Изотоническая регрессия,0.48887634450549367,1.0329670415657571e-06,0.048529847860641816,136312513.53182647,521129855.3932985,6514123192.416231,521129855.3932985
458,Логит-калибровка,0.02997480023835778,0.009226977810494641,0.048420769489373225,135984889.03395572,540917603.6384118,6761470045.480147,540917603.6384118
458,Монотонный сплайн,0.4775308471923623,5.1032407268390745e-06,0.04861994711316211,136562537.20845214,524832672.7966024,6560408409.95753,524832672.7966024
458,Французский сплайн,0.1219804699317246,7.097651105197632e-05,0.04857629133578665,136442962.60762453,524712109.10594666,6558901363.824333,524712109.10594666
459,Бета-калибровка,0.011510918817538567,0.017287590548161487,0.048956097420448624,137488303.99558794,550488776.657259,6881109708.215738,550488776.657259
459,Изотоническая регрессия,0.49412512043154766,8.461589248483202e-06,0.04919310130861479,138174596.51511377,525197349.89602387,6564966873.700298,525197349.89602387
459,Логит-калибровка,0.029901955842076174,0.009230654416086921,0.04903969159184873,137723069.86654797,544556273.7477542,6806953421.846928,544556273.7477543
459,Монотонный сплайн,0.4806454459855958,4.151258211308388e-05,0.04918901609512509,138160504.21028647,528867929.5500184,6610849119.37523,528867929.5500184
459,Французский сплайн,0.1210920308583984,7.139273354681338e-05,0.049150496533204475,138054835.32092208,528739663.66245335,6609245795.780667,528739663.66245335
460,Бета-калибровка,0.003158386000393718,0.01769761397707825,0.04903090900396293,137698404.84672952,550033204.5692232,6875415057.115289,550033204.5692232
460,Изотоническая регрессия,0.4916858994240235,9.93233106464073e-07,0.0492198836281006,138250051.1811577,524812634.3406204,6560157929.257755,524812634.34062046
460,Логит-калибровка,0.012831187233758406,0.009477034195830838,0.049101500522936395,137896654.06861457,544049915.3052166,6800623941.315208,544049915.3052167
460,Монотонный сплайн,0.4788103893602232,5.1119183863222915e-06,0.04930734665068707,138492926.1319351,528478293.7210275,6605978671.512843,528478293.7210275
460,Французский сплайн,0.12120690077913396,7.287009156193159e-05,0.04925820696669432,138357551.64940327,528342151.89895815,6604276898.736977,528342151.89895815
461,Бета-калибровка,0.011374544152735835,0.018214198201812224,0.04867086302319928,136687251.71435285,550444809.5574064,6880560119.467581,550444809.5574064
461,Изотоническая регрессия,0.485581266603686,9.033503473504396e-07,0.04871318928326759,136827050.7831287,525465355.03677225,6568316937.959653,525465355.03677225
461,Логит-калибровка,0.03001744148921277,0.00978932860832515,0.04877101852989703,136968528.4393628,544430902.0527675,6805386275.659594,544430902.0527675
461,Монотонный сплайн,0.6447467186486263,4.603043372092671e-06,0.04878258965257971,137019139.4659994,528960646.3257169,6612008079.071461,528960646.3257169
461,Французский сплайн,0.44575237482325936,7.793146225266985e-05,0.04875003537164954,136930574.7162355,528818904.42545325,6610236305.318165,528818904.42545325
462,Бета-калибровка,0.003359977957760175,0.016731866257885163,0.04971792340477485,139627816.08996966,550405827.1138539,6880072838.923174,550405827.1138539
462,Изотоническая регрессия,0.5770248334380912,8.41372338583093e-06,0.04975781874986214,139760907.77711284,524794282.1376046,6559928526.7200575,524794282.1376046
462,Логит-калибровка,0.0064128217659746144,0.022751170610208857,0.04979974896853301,139857615.0032281,544366969.803531,6804587122.544137,544366969.803531
462,Монотонный сплайн,0.5146193191594773,4.229235128480171e-05,0.04981764341852223,139925790.52139404,528410697.15594023,6605133714.449252,528410697.15594023
462,Французский сплайн,0.27539967161512535,0.0005103639915649117,0.04978782426111487,139845042.65509084,528276976.71296173,6603462208.912022,528276976.71296173
463,Бета-калибровка,0.00048632469147565777,0.005848485994898151,0.04845856680641407,136091039.01913327,548625126.6385863,6857814082.9823265,548625126.6385863
463,Изотоническая регрессия,0.2855655159779006,1.0966358149516827e-06,0.04855674377689697,136388048.0230375,523096416.80104786,6538705210.013098,523096416.80104786
463,Логит-калибровка,0.002553715014291684,0.008195704840611589,0.04853542899962466,136306898.8025459,542609341.1347601,6782616764.184502,542609341.1347601
463,Монотонный сплайн,0.4946286229684257,5.409777589758486e-06,0.04862061804272763,136564459.59586912,526628424.23332345,6582855302.916543,526628424.23332345
463,Французский сплайн,0.37710477114573127,0.0005200257155550512,0.048586460029454194,136471412.8093973,526511771.514099,6581397143.926237,526511771.51409894
464,Бета-калибровка,0.003427521043211691,0.005799271200306991,0.048394270306518876,135910468.72882763,547277309.0551764,6840966363.189705,547277309.0551764
464,Изотоническая регрессия,0.5940813383172459,8.749989635696188e-06,0.04851014268422688,136256216.71438277,521323561.3769032,6516544517.211288,521323561.3769032
464,Логит-калибровка,0.006430079216208842,0.008119875972126836,0.04845419616169687,136078764.5005095,541220210.7256317,6765252634.0703945,541220210.7256317
464,Монотонный сплайн,0.6352570435293317,4.2881579649709455e-05,0.04855246291749826,136372351.92511365,525036944.4152703,6562961805.190879,525036944.4152703
464,Французский сплайн,0.275425511073335,0.0005258096036417098,0.048528637695437804,136308140.56190032,524909230.784926,6561365384.811575,524909230.784926
465,Бета-калибровка,0.0034327534198934466,0.023407016962406803,0.04924282152091569,138293539.95933962,549481969.2472771,6868524615.590963,549481969.2472771
465,Изотоническая регрессия,0.6821873826517876,6.054193375042787e-05,0.04931621263933386,138520581.57630524,523529075.07851064,6544113438.481383,523529075.07851064
465,Логит-калибровка,0.006432036082317422,0.029588767109931774,0.04932969123292189,138537504.85853785,543456182.093303,6793202276.166286,543456182.093303
465,Монотонный сплайн,0.6095683834445085,0.0002723655987043253,0.049379640888604144,138696301.92290825,527292958.73660636,6591161984.207579,527292958.73660636
465,Французский сплайн,0.2754403555448957,0.0005098414348798986,0.04935334964349643,138625040.33115077,527167248.51395714,6589590606.424463,527167248.51395714
466,Бета-калибровка,0.0023701699937452277,0.00559612705701613,0.04947323314138815,138940627.95427454,550592560.3046207,6882407003.807759,550592560.3046207
466,Изотоническая регрессия,0.6783492788849814,1.1389112733271599e-07,0.04963385452829224,139412407.85725594,525664033.7970276,6570800422.462845,525664033.7970276
466,Логит-калибровка,0.010052267713100868,0.0026623835515425776,0.04954637705237719,139146045.31389612,544636027.3062751,6807950341.328438,544636027.3062751
466,Монотонный сплайн,0.6539660838330776,6.101458516703797e-07,0.0496445928273879,139439591.14562932,529379483.87284344,6617243548.4105425,529379483.87284344
466,Французский сплайн,0.44117575732356473,8.945875713807418e-06,0.04961427756504885,139357367.11105236,529206117.5178334,6615076468.9729185,529206117.5178334
467,Бета-калибровка,0.0009077223463296312,0.02326205286219952,0.04888735076387493,137295235.88526636,547353452.2433469,6841918153.041836,547353452.2433469
467,Изотоническая регрессия,0.49188654636255325,0.00041089776130234703,0.048961074431587676,137523570.23367083,520936241.89977825,6511703023.747229,520936241.89977825
467,Логит-калибровка,0.0039014020580760587,0.03168451008830832,0.04893878851224693,137439693.6577943,541257849.8699636,6765723123.374546,541257849.8699636
467,Монотонный сплайн,0.3746056439413795,0.0017153007881373845,0.04898347474244053,137583507.2433588,524832756.47818744,6560409455.977343,524832756.47818744
467,Французский сплайн,0.22030434457865133,0.0031427427485062015,0.04896081201017084,137522795.34877044,524715668.55836654,6558945856.979582,524715668.55836654
468,Бета-калибровка,0.00027872429248770235,0.05077032762985692,0.04912015481448148,137949042.7809898,549839323.536305,6872991544.203812,549839323.536305
468,Изотоническая регрессия,0.25564935425814983,1.0975364046613472e-06,0.049074000052839614,137840590.94839478,523800708.0795873,6547508850.994842,523800708.07958734
468,Логит-калибровка,0.0008798949575934811,0.030619586168145124,0.04920420228428066,138185081.6951738,543730935.9539101,6796636699.423875,543730935.9539101
468,Монотонный сплайн,0.3446476100727296,6.235940120492038e-07,0.04915179046414724,138056004.8519017,527430898.5494473,6592886231.868091,527430898.5494473
468,Французский сплайн,0.08857603549189884,0.000525566967871469,0.04912193550829268,137975197.54984295,527360018.1854576,6592000227.31822,527360018.1854576
469,Бета-калибровка,0.01535387345865111,0.09700043585064946,0.04875317736425356,136918423.30976972,549412494.9667833,6867656187.084791,549412494.9667833
469,Изотоническая регрессия,0.40813971197883553,8.490068812143317e-06,0.048855132138959756,137226161.49905455,523656508.5946984,6545706357.43373,523656508.5946984
469,Логит-калибровка,0.02997352262195742,0.06275897962471275,0.04884925362689967,137188243.8857851,543340610.1287277,6791757626.609097,543340610.1287277
469,Монотонный сплайн,0.4401063274782119,3.94363568256475e-05,0.048901692672167346,137353980.6751153,527406848.2824377,6592585603.530471,527406848.2824377
469,Французский сплайн,0.3218314891789861,0.0024490925654899374,0.04886451104861249,137252470.99771276,527271479.6443974,6590893495.554966,527271479.6443974
470,Бета-калибровка,0.00224079481909855,0.0165627820703637,0.049062601141179545,137787409.04488862,547993752.7744861,6849921909.681076,547993752.7744861
470,Изотоническая регрессия,0.5622304319460076,8.833384172003291e-06,0.04915510146664423,138067877.75892368,522116596.6912155,6526457458.640194,522116596.6912155
470,Логит-калибровка,0.006471445495581854,0.008797279377098541,0.04911014590966407,137920933.7727006,541954433.9801826,6774430424.752284,541954433.9801826
470,Монотонный сплайн,0.3677412876818922,5.8872250233966486e-06,0.04920437982149566,138203862.81475565,525655181.2105863,6570689765.132328,525655181.2105863
470,Французский сплайн,0.2451435396718305,6.778126429779838e-05,0.04917971088375793,138137058.78758448,525550632.5776236,6569382907.220296,525550632.57762367
471,Бета-калибровка,0.01644549617083954,0.005068223493839476,0.04883304143038118,137142713.55308253,548457711.1061206,6855721388.826508,548457711.1061206
471,Изотоническая регрессия,0.37162169729457106,1.4359987655432381e-07,0.048789966861597554,137042672.93411058,522304181.05473727,6528802263.184216,522304181.05473727
471,Логит-калибровка,0.029903990550846242,0.0023831067281787515,0.04891048547684475,137360207.4131708,542388575.5259879,6779857194.074848,542388575.5259879
471,Монотонный сплайн,0.30219893850760204,7.779152606915384e-07,0.04892483759578111,137418951.34374702,525944369.1974525,6574304614.968155,525944369.1974525
471,Французский сплайн,0.24598221445162374,7.618375835540374e-06,0.048901802097044235,137356798.8911086,525862007.0028458,6573275087.535572,525862007.0028458
472,Бета-калибровка,0.001329402621223124,0.01649975980466781,0.04854545184025324,136335046.9481672,547035404.7018833,6837942558.773542,547035404.7018833
472,Изотоническая регрессия,0.49094882474731205,8.417551397467466e-06,0.048664294894388005,136690333.78139928,521259761.8030735,6515747022.53842,521259761.8030735
472,Логит-калибровка,0.006120841965161864,0.008758501568044433,0.048611249277122924,136519832.46987203,540958359.415441,6761979492.693013,540958359.415441
472,Монотонный сплайн,0.47872536839794466,4.515425473848319e-05,0.04867109406371097,136706791.7461228,524993680.3630576,6562421004.53822,524993680.3630576
472,Французский сплайн,0.12021855982911257,6.614561044499502e-05,0.048649428655658314,136648659.02156043,524851128.2173974,6560639102.717468,524851128.2173974
473,Бета-калибровка,0.0007701114067287057,0.023761847348017368,0.0484524016827295,136073724.88577753,548998652.2020302,6862483152.525377,548998652.2020302
473,Изотоническая регрессия,0.5523323825010641,1.1316386606519214e-06,0.048523662763011094,136295741.30364037,522983195.3243887,6537289941.554858,522983195.3243887
473,Логит-калибровка,0.0038013870643642538,0.022730969705695107,0.04855392156494623,136358833.32299498,542936086.3023384,6786701078.77923,542936086.3023384
473,Монотонный сплайн,0.5248666024732326,5.67742262696703e-06,0.04861801482148053,136557976.04664165,526542751.55498946,6581784394.437368,526542751.55498946
473,Французский сплайн,0.27540009871295185,0.0005001464114266489,0.04857917848027614,136451604.3017448,526463212.4791744,6580790155.989679,526463212.4791744
474,Бета-калибровка,0.0006718128867352996,0.04686800801094732,0.04899860620556839,137607685.6677183,548141575.9919183,6851769699.89898,548141575.9919183
474,Изотоническая регрессия,0.49345125908674625,9.784700700079119e-06,0.049036438677994246,137735223.18327907,521925091.57469094,6524063644.683636,521925091.57469094
474,Логит-калибровка,0.0033762750569598576,0.027966753273741145,0.04906063673257467,137781892.19976273,542094468.3916256,6776180854.895321,542094468.3916256
474,Монотонный сплайн,0.6072430906226971,6.470075026449253e-06,0.04910754173786228,137932007.8623414,525555054.0710829,6569438175.888536,525555054.0710829
474,Французский сплайн,0.2754074374218871,0.00047109167398874695,0.0490824081701201,137864371.00231725,525448998.9909347,6568112487.386684,525448998.9909347
475,Бета-калибровка,0.0006430761359741703,0.0054097701612084905,0.0500542046055812,140572228.21431428,550495316.7024562,6881191458.780703,550495316.7024562
475,Изотоническая регрессия,0.40357752561622595,1.1178548621257548e-06,0.050065955272257566,140626517.58660817,524600920.7937953,6557511509.9224415,524600920.7937953
475,Логит-калибровка,0.003257077201104113,0.0025631422575679904,0.050110970637758004,140731649.93907958,544534375.1217436,6806679689.021793,544534375.1217436
475,Монотонный сплайн,0.3472292511428366,5.542053326360684e-06,0.050125879650501456,140791805.83011463,528319340.65862817,6603991758.232853,528319340.65862817
475,Французский сплайн,0.22299470123069837,8.261019433258047e-06,0.05010763470164051,140743505.8477065,528211430.11921436,6602642876.49018,528211430.1192144
476,Бета-калибровка,0.003051391714471217,0.05141992806522056,0.048709863007655625,136796779.27070007,548590861.9036438,6857385773.795548,548590861.9036438
476,Изотоническая регрессия,0.6437455701394532,7.106507062702068e-06,0.04893094947818391,137439445.71453172,523701664.85541123,6546270810.69264,523701664.85541123
476,Логит-калибровка,0.0064175501727983305,0.031071130940838135,0.04876136774040736,136941425.16216004,542574967.8490074,6782187098.112591,542574967.8490074
476,Монотонный сплайн,0.3840698111041272,3.52460375773622e-05,0.0489708749896858,137548364.99877086,527264845.45064354,6590810568.133043,527264845.45064354
476,Французский сплайн,0.2681092454183162,0.0005617885351684194,0.04892310692459234,137417212.2964364,527089093.32769203,6588613666.59615,527089093.32769203
477,Бета-калибровка,0.003415767448268929,0.017376938779187806,0.049277684097942365,138391448.02066135,549510199.8743031,6868877498.428789,549510199.8743031
477,Изотоническая регрессия,0.6651291865631241,1.1782952340875149e-07,0.04943985831866952,138868306.5021515,524070483.51023835,6550881043.877979,524070483.51023835
477,Логит-калибровка,0.006426069157742093,0.009283861731433878,0.049324403908337255,138522655.93617433,543523463.6728253,6794043295.9103155,543523463.6728253
477,Монотонный сплайн,0.7957099807843556,6.032417611879785e-07,0.04947559177293225,138966110.58410648,527934047.00811183,6599175587.601397,527934047.00811183
477,Французский сплайн,0.12064086909423087,7.156628549819026e-05,0.04943597360661549,138857417.12300402,527777587.9942459,6597219849.928073,527777587.99424577
478,Бета-калибровка,0.003372888228680179,0.00558901727821083,0.04965042063260082,139438241.30459616,551396830.7048802,6892460383.811003,551396830.7048802
478,Изотоническая регрессия,0.25363693140431176,1.2282103615666826e-07,0.04967941531981023,139539045.18415505,525803545.6850502,6572544321.0631275,525803545.6850502
478,Логит-калибровка,0.006414912508502079,0.002658433661042045,0.04973176929564989,139666700.8899032,545425883.4298103,6817823542.872627,545425883.4298103
478,Монотонный сплайн,0.3535989716794826,6.240323491331598e-07,0.049794182857296115,139858723.91532308,529592836.3675889,6619910454.594861,529592836.3675889
478,Французский сплайн,0.2536980209676348,8.901159036884131e-06,0.04975755823458108,139758591.06303966,529470300.34599364,6618378754.324921,529470300.34599364
479,Бета-калибровка,0.0033902679249558174,0.054432151025480144,0.04814417980640022,135208114.56829438,548182133.068851,6852276663.360638,548182133.068851
479,Изотоническая регрессия,0.43524105624049797,8.741433384057916e-06,0.048169900781901205,135301518.55589134,522964299.12991935,6537053739.123991,522964299.12991935
479,Логит-калибровка,0.006418735604594652,0.0631703511975193,0.04823869767997912,135473558.56445336,542053376.3094344,6775667203.867929,542053376.3094344
479,Монотонный сплайн,0.41720400597411567,4.3357369772910024e-05,0.04826042987460506,135552820.3188378,526501075.1715127,6581263439.6439085,526501075.1715127
479,Французский сплайн,0.17858881980395855,0.0025202452349388444,0.04822686663688397,135461397.91379434,526350238.8902142,6579377986.127678,526350238.8902142
480,Бета-калибровка,0.0033774747701038384,0.022813662052346376,0.04772930697973469,134042985.72188692,544382140.8355412,6804776760.444264,544382140.8355412
480,Изотоническая регрессия,0.5563540025370606,6.614826808853328e-05,0.04790540675845316,134558474.34043986,518395379.54934853,6479942244.366856,518395379.54934853
480,Логит-калибровка,0.006415813190652236,0.030976269158119282,0.0477525141973992,134108160.8719759,538224801.2143285,6727810015.179106,538224801.2143285
480,Монотонный сплайн,0.4774381350362218,0.0003039448154629056,0.04797046787604532,134738208.44743955,522143802.0340651,6526797525.425814,522143802.0340651
480,Французский сплайн,0.2754002006564448,0.0031341761790472534,0.04792805454541159,134622041.28475142,521992343.53013515,6524904294.12669,521992343.53013515
481,Бета-калибровка,0.0005167190939700742,0.05493863478317042,0.049449443811437684,138873818.0000416,548685566.8473859,6858569585.592324,548685566.8473859
481,Изотоническая регрессия,0.2845489285856089,0.0021432837346258816,0.04951517003555672,139079572.72785747,522930792.49924123,6536634906.240515,522930792.49924123
481,Логит-калибровка,0.002702970905177893,0.07280737519830927,0.049486365864960115,138977509.895154,542690130.752171,6783626634.402139,542690130.752171
481,Монотонный сплайн,0.2659292039924759,0.0016165884209805698,0.04962776998339573,139393598.25635448,526738801.1463451,6584235014.329313,526738801.1463451
481,Французский сплайн,0.12775272316354294,0.018439313524129045,0.04959631044656068,139307466.35746706,526614521.91135097,6582681523.891888,526614521.91135097
482,Бета-калибровка,0.005612297982122559,0.016751441100874894,0.04825105717447956,135508268.9688084,547167606.4170833,6839595080.213541,547167606.4170833
482,Изотоническая регрессия,0.4470782945077221,1.187546615783772e-07,0.04838116706595802,135894838.78803653,521175682.2895802,6514696028.619753,521175682.2895802
482,Логит-калибровка,0.02313357737210569,0.008909620881780286,0.048310875059553414,135676261.5172498,541111763.1111302,6763897038.889128,541111763.1111302
482,Монотонный сплайн,0.10410471208489297,6.979999406112421e-07,0.04842746601315484,136022140.47938398,525152541.44655156,6564406768.081894,525152541.44655156
482,Французский сплайн,0.11438268179889845,6.861680331175775e-05,0.04839496869714092,135933669.84244597,525004509.46247673,6562556368.280958,525004509.46247673
483,Бета-калибровка,0.011378943141805422,0.0051011431760066535,0.04973315163001425,139670583.03773203,549562542.2533169,6869531778.16646,549562542.2533169
483,Изотоническая регрессия,0.3806527541173146,1.5090397327948564e-08,0.04967304872625616,139522839.6428178,523383000.54880846,6542287506.8601055,523383000.54880846
483,Логит-калибровка,0.030102118755021043,0.0024006770811509626,0.04980283212027949,139866273.72659293,543456411.7780006,6793205147.225008,543456411.7780006
483,Монотонный сплайн,0.22434182414551657,7.928062878917548e-08,0.04977279216001024,139800193.69920343,527014710.17747796,6587683877.218473,527014710.17747796
483,Французский сплайн,0.13715985925116939,7.91560945543134e-06,0.049745537286176866,139726203.35036585,526959085.10898083,6586988563.862261,526959085.10898083
484,Бета-калибровка,0.007235271695029216,0.005759073848387149,0.04878479527581551,137007219.05260026,549379243.856827,6867240548.210337,549379243.856827
484,Изотоническая регрессия,0.3348699525586536,1.2902045595388645e-08,0.048914109622629556,137390239.06419283,524150752.1874524,6551884402.343155,524150752.1874524
484,Логит-калибровка,0.028638240799379197,0.002748801621020917,0.04886383908857224,137229205.69634628,543362201.0007939,6792027512.509925,543362201.0007939
484,Монотонный сплайн,0.3338122960255663,6.902787842313909e-08,0.048921833936691785,137409215.78660297,527781683.3411921,6597271041.764901,527781683.3411921
484,Французский сплайн,0.40840629243216,9.15490591784576e-06,0.04889318414099569,137331556.1871974,527616116.3222654,6595201454.028317,527616116.3222654
485,Бета-калибровка,0.001397109270984763,0.01770114294314656,0.04902439779096876,137680118.75615668,548480903.4204674,6856011292.75584,548480903.4204674
485,Изотоническая регрессия,0.6312041101015441,9.792070696550104e-07,0.04908715002044472,137877880.11741692,523035436.08412504,6537942951.051563,523035436.08412504
485,Логит-калибровка,0.006359895943210205,0.009479051496740647,0.049077571674614615,137829452.2909877,542470747.1902514,6780884339.878143,542470747.1902514
485,Монотонный сплайн,0.1760836535357696,4.767440163217482e-06,0.04917022571626014,138108285.22872213,526629777.3459539,6582872216.824423,526629777.3459539
485,Французский сплайн,0.051397755617664465,7.305385384853773e-05,0.04914496497602535,138040227.98693627,526477553.54393905,6580969419.299238,526477553.5439391
486,Бета-калибровка,0.00021975488860128452,0.0521293739222816,0.04993925802292356,140249412.23157856,551096349.2084857,6888704365.106071,551096349.2084857
486,Изотоническая регрессия,0.4943215528501036,7.960459049394835e-06,0.05010032179369133,140721358.12540275,526195934.099066,6577449176.238326,526195934.099066
486,Логит-калибровка,0.0012916422203225054,0.03155633155513359,0.04999559858647628,140407639.07025996,545208479.6821284,6815105996.026606,545208479.6821284
486,Монотонный сплайн,0.39742198518177474,3.8293870414986006e-05,0.05017531015643265,140929379.23201495,529676308.06095266,6620953850.761908,529676308.0609526
486,Французский сплайн,0.12760651361915945,0.0005698993887805697,0.05014087240189694,140835249.2017464,529514210.5453733,6618927631.817167,529514210.5453733
487,Бета-калибровка,0.0034318471271576573,0.018422203740992134,0.0486338534307569,136583313.9749377,548984082.0701046,6862301025.8763075,548984082.0701046
487,Изотоническая регрессия,0.6421208240045346,4.9199618231224767e-05,0.048726025857423444,136863579.417988,523557291.6402084,6544466145.502605,523557291.6402084
487,Логит-калибровка,0.006431680553664036,0.009915685871710768,0.04870193295365173,136774508.50703552,542933105.8965142,6786663823.706427,542933105.8965142
487,Монотонный сплайн,0.15991872285147868,0.00023797481075795546,0.04879422072136355,137051936.41220266,527190583.54675496,6589882294.334436,527190583.54675496
487,Французский сплайн,0.2754308038005795,8.123480580618799e-05,0.04875263447035632,136938114.37256482,527072505.57236016,6588406319.654502,527072505.57236016
488,Бета-калибровка,0.011383691279987477,0.017375798956317166,0.04816347557046572,135262304.79209593,547357432.9579499,6841967911.974372,547357432.9579499
488,Изотоническая регрессия,0.48601446595885633,1.1802699912938328e-06,0.048296060086773236,135654987.14769396,521723221.6007093,6521540270.008865,521723221.6007093
488,Логит-калибровка,0.030147243495255452,0.00928206801545742,0.048225565619472166,135436678.48572564,541299190.4625742,6766239880.782179,541299190.4625742
488,Монотонный сплайн,0.4738321140318571,5.997387346524415e-06,0.048387848987231856,135909797.25513017,525204217.6641378,6565052720.801722,525204217.6641378
488,Французский сплайн,0.1230538589631312,6.95538293914055e-05,0.0483470449853712,135798206.0845027,525086493.2413018,6563581165.516272,525086493.2413018
489,Бета-калибровка,0.011374536579159654,0.016419250991856534,0.048915504408502626,137374302.58083874,546679195.4959301,6833489943.699126,546679195.4959301
489,Изотоническая регрессия,0.37555292116445105,1.2967332269353646e-06,0.04909837976860053,137907264.94213772,520805088.9280609,6510063611.600761,520805088.9280609
489,Логит-калибровка,0.030014959733864175,0.008710567101107137,0.04894374812381722,137453622.2309283,540661269.2450163,6758265865.562705,540661269.2450163
489,Монотонный сплайн,0.2778035051806723,8.075331584119549e-07,0.04913398193861992,138004693.81892055,524526646.29517865,6556583078.6897335,524526646.29517865
489,Французский сплайн,0.127966089589464,6.510384377580235e-05,0.04910371607744893,137922341.3702041,524393795.0073524,6554922437.591906,524393795.0073524
490,Бета-калибровка,0.015957521711385578,0.054642055159571046,0.04936440354405644,138634990.9131281,550274120.7440025,6878426509.30003,550274120.7440025
490,Изотоническая регрессия,0.4914644183915241,8.460360550612368e-06,0.049409901223559385,138783218.19624418,524546125.855314,6556826573.191426,524546125.855314
490,Логит-калибровка,0.029921788965026525,0.050040765693539206,0.049438863587164296,138844104.4981922,544258745.0861828,6803234313.577286,544258745.0861828
490,Монотонный сплайн,0.5310534159139849,4.035532627826584e-05,0.04946158194508863,138925631.1718145,528235581.8056529,6602944772.570662,528235581.8056529
490,Французский сплайн,0.2498973458854427,0.0027092035485641176,0.04943239895870514,138846319.43090457,528144244.8276956,6601803060.346195,528144244.8276956
491,Бета-калибровка,0.0005130195242292776,0.01673090191940009,0.04794521822218533,134649350.85518527,547537705.1467903,6844221314.334879,547537705.1467903
491,Изотоническая регрессия,0.3772721437105875,1.0919506282462917e-06,0.04803384942981925,134920508.3387044,522163203.7436155,6527040046.795193,522163203.7436155
491,Логит-калибровка,0.002691333502513546,0.009246177838676824,0.0480136848802314,134841632.6176419,541514493.9686439,6768931174.608049,541514493.9686439
491,Монотонный сплайн,0.38420391801079185,5.457800799778904e-06,0.04811488980975472,135144887.28284073,525894950.39159834,6573686879.8949795,525894950.39159834
491,Французский сплайн,0.24587327080502713,6.906743139908323e-05,0.04808302565209053,135058460.15467727,525685822.81059825,6571072785.132479,525685822.8105983
492,Бета-калибровка,0.011377326084458041,0.005911720121491847,0.049211582055357944,138205807.04426724,548048662.1653564,6850608277.066956,548048662.1653564
492,Изотоническая регрессия,0.4624254282736856,9.009972484103214e-06,0.04934902898839128,138611068.61099803,522582480.94671893,6532281011.833986,522582480.94671893
492,Логит-калибровка,0.030083227817864225,0.008293081449395424,0.04923440860979569,138269913.13975024,542074064.5379356,6775925806.7241955,542074064.5379356
492,Монотонный сплайн,0.4751333145876838,4.219518176816748e-05,0.04935257478212366,138618165.83822393,526368716.3263619,6579608954.079523,526368716.3263619
492,Французский сплайн,0.12334411937583756,0.0005395472230087016,0.049332847962980826,138565573.73768607,526200728.88390785,6577509111.048849,526200728.88390785
493,Бета-калибровка,0.01652818231825744,0.0059277711525438995,0.04940266659385991,138742448.86219618,549902348.438778,6873779355.484724,549902348.438778
493,Изотоническая регрессия,0.5794043585723875,1.130345775870874e-06,0.04949303578760545,139017889.30591112,524088243.8679595,6551103048.349493,524088243.8679595
493,Логит-калибровка,0.029936635315793807,0.00831729164475677,0.04948726144982152,138980025.05567876,543924606.1713438,6799057577.141796,543924606.1713438
493,Монотонный сплайн,0.3675740958614666,7.635458484664905e-07,0.04954223865230086,139153080.07436544,527976485.9426588,6599706074.283236,527976485.9426588
493,Французский сплайн,0.19801206533884008,6.484717336130987e-05,0.04951593924525641,139082103.5687065,527831172.1361903,6597889651.702379,527831172.1361903
494,Бета-калибровка,0.000801600320420295,0.04695338754939362,0.04965855250556713,139461078.85663474,549056122.7761931,6863201534.702414,549056122.7761931
494,Изотоническая регрессия,0.41060493521812413,1.2154294786747206e-06,0.04970558659610586,139614816.9965037,523003490.0263771,6537543625.329713,523003490.0263771
494,Логит-калибровка,0.0039723261306420996,0.02802666046762166,0.04972089249582539,139636154.48527604,543011220.690131,6787640258.6266365,543011220.690131
494,Монотонный сплайн,0.49590169812204304,6.040835095284213e-06,0.049720954816408314,139654958.75045896,526874065.1790709,6585925814.738386,526874065.1790709
494,Французский сплайн,0.12826475290142866,0.0004787009053525607,0.049703809508996444,139609719.35227656,526732459.49774814,6584155743.721851,526732459.49774814
495,Бета-калибровка,0.00031937626680295106,0.015698850028020562,0.04836778678112437,135836092.3961097,548017646.231441,6850220577.893011,548017646.231441
495,Изотоническая регрессия,0.36349422391125197,9.805951701857294e-06,0.04842417737793825,136016346.5482018,521780934.29698735,6522261678.712341,521780934.29698735
495,Логит-калибровка,0.0017857869445633227,0.008281958535821822,0.04845613391684251,136084206.4920605,541869282.5054103,6773366031.317629,541869282.5054103
495,Монотонный сплайн,0.3737672612898426,6.614142945954376e-06,0.04851169474055425,136259177.51690492,525442231.45260954,6568027893.157619,525442231.45260954
495,Французский сплайн,0.244117878383231,6.178819465287658e-05,0.04846516551319869,136131378.19166505,525375418.22577035,6567192727.822129,525375418.22577035
496,Бета-калибровка,0.0003830243763163329,0.09890789640751982,0.05019372799812789,140964065.70994237,551193516.2544699,6889918953.180874,551193516.2544699
496,Изотоническая регрессия,0.46148570030867914,9.07936442851941e-06,0.05020087278786971,141004223.93745327,525529026.4629158,6569112830.786448,525529026.4629158
496,Логит-калибровка,0.002089865875120319,0.06416685449112312,0.05023032585438596,141066847.12945753,545313457.1554804,6816418214.443505,545313457.1554804
496,Монотонный сплайн,0.5153734138383133,4.114002133711404e-05,0.050336804889442976,141383318.66440737,529287547.8978321,6616094348.722902,529287547.8978321
496,Французский сплайн,0.12180370806588214,0.002720957701080444,0.0503133893776057,141320095.48672226,529183778.4987734,6614797231.234667,529183778.4987734
497,Бета-калибровка,0.01137603652194233,0.01659962838566667,0.04944814271590181,138870164.00333863,548792071.4478407,6859900893.098009,548792071.4478407
497,Изотоническая регрессия,0.4896008646685087,1.1302302504512081e-06,0.049567523165636944,139227199.2583748,522932872.99714947,6536660912.464368,522932872.9971495
497,Логит-калибровка,0.03006349005461177,0.008818661731281447,0.04949301654772491,138996187.67263067,542798682.5269439,6784983531.586799,542798682.5269439
497,Монотонный сплайн,0.4756261654287383,5.7511764035178905e-06,0.04964229518697613,139433944.830138,526534180.6158559,6581677257.698198,526534180.6158559
497,Французский сплайн,0.12338170993514584,6.673336505948306e-05,0.04960982477420151,139345919.204555,526425978.65949786,6580324733.243723,526425978.65949786
498,Бета-калибровка,0.003408568728458708,0.017367422719061647,0.04954373181055512,139138616.416763,549184641.5783203,6864808019.729004,549184641.5783203
498,Изотоническая регрессия,0.4065344983256347,1.210517783955125e-06,0.0495570652722514,139196274.5105908,523390747.62519026,6542384345.314878,523390747.62519026
498,Логит-калибровка,0.006423813339175584,0.009277619674326082,0.0496059992693448,139313488.34802794,543152286.5185158,6789403581.481448,543152286.5185158
498,Монотонный сплайн,0.277232590902591,5.97250479311881e-06,0.04969202921703273,139572694.43969947,527099722.71856666,6588746533.982082,527099722.71856666
498,Французский сплайн,0.13332127741211985,6.997424003137209e-05,0.049665950845026216,139502112.52213752,526983398.7886057,6587292484.857573,526983398.7886057
499,Бета-калибровка,0.0034292953907446824,0.0981423953695236,0.048954954726351335,137485094.8534851,549568323.675874,6869604045.948424,549568323.675874
499,Изотоническая регрессия,0.5616736519067532,8.544178554837128e-06,0.049001825809457104,137637418.40327933,523718775.1924599,6546484689.905748,523718775.1924599
499,Логит-калибровка,0.006430715116443605,0.06360248071774165,0.04903660770953378,137714409.09145468,543508628.7249074,6793857859.061342,543508628.7249074
499,Монотонный сплайн,0.37010826413021314,5.346393267647145e-06,0.04900539382868413,137644628.93967232,527291165.94836307,6591139574.354538,527291165.94836307
499,Французский сплайн,0.1858540810101597,0.002641149572322286,0.04897832881163495,137571316.81329516,527254677.90305686,6590683473.788211,527254677.90305686
500,Бета-калибровка,0.0034319648711547334,0.047892712395339265,0.04773246423011231,134051852.54384741,547402027.8609664,6842525348.262081,547402027.8609664
500,Изотоническая регрессия,0.5053492114275127,1.0471685435483423e-06,0.04787713067257777,134480020.58086744,521733227.4951863,6521665343.689829,521733227.4951863
500,Логит-калибровка,0.006431706773215423,0.028665811266542756,0.04781766310896203,134291125.075209,541286036.3512002,6766075454.390003,541286036.3512002
500,Монотонный сплайн,0.41285991378749093,5.554686895529918e-06,0.047945681707940745,134669272.30976415,525449379.3662867,6568117242.078584,525449379.3662867
500,Французский сплайн,0.12016860398909252,0.0005042748193089836,0.047898365704438485,134539555.79270494,525320533.1402502,6566506664.253128,525320533.1402502
501,Бета-калибровка,0.008809224146183008,0.01777531541117794,0.04943136712069792,138823051.42176807,550985228.7823819,6887315359.779774,550985228.7823819
501,Изотоническая регрессия,0.377754955541627,9.59065019263445e-07,0.04971820151464925,139649287.93374097,526301811.85789645,6578772648.223705,526301811.85789645
501,Логит-калибровка,0.030049817229977877,0.009524322069182013,0.049485750379205766,138975781.3649615,545127394.5998853,6814092432.498567,545127394.5998855
501,Монотонный сплайн,0.3054294396359754,4.765050824161075e-06,0.04976508880564116,139778312.41433513,530133345.11955047,6626666813.994381,530133345.11955047
501,Французский сплайн,0.16526809358121217,7.509346578522881e-05,0.049716508129691576,139644468.52447754,529909235.5530708,6623865444.413384,529909235.5530708
502,Бета-калибровка,0.011374994037021744,0.01677191096594721,0.048693925799364095,136752021.2149341,549110870.5652013,6863885882.065017,549110870.5652013
502,Изотоническая регрессия,0.4658483911261853,1.1269905713441393e-06,0.04883358033973591,137165755.02611434,523637180.36830527,6545464754.603815,523637180.36830527
502,Логит-калибровка,0.030040495831245833,0.008920342420063634,0.048763874515192714,136948465.18846723,543084817.6084685,6788560220.105855,543084817.6084685
502,Монотонный сплайн,0.3796114324257296,6.229962424461012e-06,0.04894714977241012,137481767.86983436,527273302.0863413,6590916276.079266,527273302.0863413
502,Французский сплайн,0.3191324960504831,6.719455877648024e-05,0.04889331549714211,137333394.76394123,527138333.725021,6589229171.562763,527138333.725021
503,Бета-калибровка,0.0023102636471310847,0.005944578870182031,0.04993417288371783,140235131.12663317,549428865.0136588,6867860812.670733,549428865.0136588
503,Изотоническая регрессия,0.4743100568228319,8.829889234741822e-06,0.050071486389565455,140641931.57645565,524127955.5551181,6551599444.438976,524127955.5551181
503,Логит-калибровка,0.006432746243656921,0.008342310608829938,0.04996515036192792,140322128.27643836,543485817.7766263,6793572722.2078285,543485817.7766263
503,Монотонный сплайн,0.5158106763587337,3.9062969874839965e-05,0.0500957833869593,140707719.4024729,527860350.8268171,6598254385.335213,527860350.8268171
503,Французский сплайн,0.27541848679197134,7.089423113360541e-05,0.050075064137767016,140651922.45242673,527669710.1246519,6595871376.558148,527669710.1246519
504,Бета-калибровка,0.0006437755286897921,0.0054012352762405095,0.04884765048979252,137183741.63553327,548197504.1616278,6852468802.020347,548197504.1616278
504,Изотоническая регрессия,0.5495911028186797,1.1878519819612762e-07,0.04899791677449808,137626918.66950044,522587760.48615,6532347006.076876,522587760.48615
504,Логит-калибровка,0.003259767177355885,0.0025589325364256833,0.048898523356647,137326612.99480745,542183128.0051905,6777289100.06488,542183128.0051905
504,Монотонный сплайн,0.545455851609821,6.590964240938574e-07,0.049021557633943405,137690047.41864073,526446464.19804645,6580580802.47558,526446464.19804645
504,Французский сплайн,0.12326533504431597,8.636218954446093e-06,0.04899239728984444,137611318.62710428,526264011.26662576,6578300140.832822,526264011.26662576
505,Бета-калибровка,0.016599668575779474,0.050439435868173906,0.048599796608482224,136487668.79526147,548526249.4120173,6856578117.650215,548526249.4120173
505,Изотоническая регрессия,0.30359806460760536,9.874999968846712e-06,0.04859196621489283,136485770.71790498,522680245.22576165,6533503065.322021,522680245.22576165
505,Логит-калибровка,0.02996875483699136,0.03039357578044112,0.04867618056889902,136702185.509696,542425784.957719,6780322311.971488,542425784.957719
505,Монотонный сплайн,0.36500399739264283,6.045207399258822e-06,0.0486880226537843,136752975.41035193,526335464.236076,6579193302.95095,526335464.236076
505,Французский сплайн,0.2452050804178209,0.0005146903425174503,0.04865536623781502,136663728.46666664,526259302.06644535,6578241275.830567,526259302.06644535
506,Бета-калибровка,0.011374541307979553,0.016731595592619976,0.0484627279117329,136102725.0673107,548783174.6586778,6859789683.233472,548783174.6586778
506,Изотоническая регрессия,0.7297246505172418,1.0284928797237097e-06,0.04856840898058998,136419612.5810889,523074133.18082654,6538426664.760332,523074133.18082654
506,Логит-калибровка,0.03001137573954284,0.009447562556137773,0.048546061353747796,136336758.70586532,542716595.8202844,6783957447.753553,542716595.8202844
506,Монотонный сплайн,0.4415360070368023,5.363006522778301e-06,0.048622294466021156,136567875.8154118,526927239.05877596,6586590488.234699,526927239.05877596
506,Французский сплайн,0.32305776684528914,7.285389597301425e-05,0.04858542576241905,136467338.88198343,526817392.55130076,6585217406.89126,526817392.55130076
507,Бета-калибровка,0.015155164766097712,0.0169839078925755,0.04962158642677057,139357263.32094246,547987283.106026,6849841038.825325,547987283.106026
507,Изотоническая регрессия,0.5460857821259402,1.281368146273756e-07,0.0497131955889714,139635109.69206727,522223797.5200596,6527797469.000745,522223797.5200596
507,Логит-калибровка,0.029943340898805987,0.009047962458310839,0.04965563402881953,139452882.60653678,541852913.9731109,6773161424.663887,541852913.9731109
507,Монотонный сплайн,0.6132559068011367,6.94720323011552e-07,0.049795673497920294,139864070.4784618,525753115.4517004,6571913943.146254,525753115.4517004
507,Французский сплайн,0.41096976229397075,6.889991244109481e-05,0.04975329613502167,139747728.99507678,525664963.8539004,6570812048.173755,525664963.8539004
508,Бета-калибровка,0.0008933986471326406,0.01708379122837315,0.0497273028616605,139654157.35668737,549809397.5107963,6872617468.884954,549809397.5107963
508,Изотоническая регрессия,0.501697100324365,1.1679528490559667e-06,0.049803541817758853,139888718.44099396,523939295.86958224,6549241198.369778,523939295.86958224
508,Логит-калибровка,0.004328429408984256,0.00910728499510366,0.04978299198438237,139810554.68893948,543810835.7204359,6797635446.505447,543810835.7204359
508,Монотонный сплайн,0.6099179829846963,6.126513626994664e-06,0.04984825540965277,140011713.34373456,527563545.35141575,6594544316.892696,527563545.35141575
508,Французский сплайн,0.27366082546467824,6.909472380845878e-05,0.04982194537154231,139940303.5795235,527469229.9225782,6593365374.032228,527469229.9225783
509,Бета-калибровка,0.01147383502190871,0.04554253698404503,0.049311514483523174,138486457.27552646,547088035.6552838,6838600445.691048,547088035.6552838
509,Изотоническая регрессия,0.30970417038658205,1.0625872087453686e-05,0.04949141930489914,139013469.17587876,521040503.24254,6513006290.53175,521040503.24254
509,Логит-калибровка,0.029929821374573482,0.027072957976051384,0.049347378241192036,138587177.05256373,541053587.858505,6763169848.231314,541053587.858505
509,Монотонный сплайн,0.26429004522914745,4.889055833832495e-05,0.04951871045916672,139087274.4443767,524882884.3615122,6561036054.518901,524882884.3615122
509,Французский сплайн,0.17084876082980316,0.00045358081044480814,0.049490671415762855,139011216.13846004,524733429.7128334,6559167871.410418,524733429.7128334
510,Бета-калибровка,0.012263860925991587,0.01669626719515292,0.04902589051295927,137684310.91659483,547080850.934799,6838510636.684986,547080850.934799
510,Изотоническая регрессия,0.6297235995496937,1.193630844913424e-06,0.04917627556947687,138128419.50931883,520706435.6972867,6508830446.216084,520706435.6972867
510,Логит-калибровка,0.02990210918139415,0.008875298768696357,0.049063997382143745,137791330.24801248,541026849.8205299,6762835622.756623,541026849.8205299
510,Монотонный сплайн,0.548120989558968,5.774900260737292e-06,0.04924377869172571,138315459.64674467,524493590.14642465,6556169876.830307,524493590.14642465
510,Французский сплайн,0.3214810454817634,6.530554129593918e-05,0.04921016689181487,138223564.82562417,524396987.2328181,6554962340.410227,524396987.2328181
511,Бета-калибровка,0.0011668569840848526,0.005362662787180246,0.04891569072849778,137374825.84191316,548934957.9905396,6861686974.881744,548934957.9905396
511,Изотоническая регрессия,0.45130458898435416,9.921877551174919e-07,0.048873283357505244,137277137.38121772,523295207.7068827,6541190096.336035,523295207.7068827
511,Логит-калибровка,0.0054625636713665025,0.0025390392574427853,0.04898688541412106,137574768.9970176,542907892.7675991,6786348659.594989,542907892.7675991
511,Монотонный сплайн,0.19013238381351372,5.1288610795294795e-06,0.048970934062701636,137548320.36907762,526965892.6887355,6587073658.609193,526965892.6887355
511,Французский сплайн,0.3452908895213578,8.672220487319032e-06,0.048956714124546476,137511339.7908457,526806614.6755548,6585082683.444435,526806614.6755548
512,Бета-калибровка,0.0003554586868463639,0.01608287507292006,0.04910680267961993,137911544.64544463,549480418.3100722,6868505228.875902,549480418.3100722
512,Изотоническая регрессия,0.5026841950197235,7.040466413990594e-05,0.04924749984998836,138327728.1787073,523990581.32784796,6549882266.598099,523990581.32784796
512,Логит-калибровка,0.0019431606895102952,0.008509536030418024,0.049186754735913885,138136082.00034058,543393565.5164104,6792419568.955129,543393565.5164104
512,Монотонный сплайн,0.23670674595240856,0.00032600365691459114,0.049337481500765945,138577113.58929503,527393545.880474,6592419323.505924,527393545.880474
512,Французский сплайн,0.21977725769241183,6.227885277269036e-05,0.04928084543848401,138421156.6853187,527336705.4150481,6591708817.688101,527336705.4150481
513,Бета-калибровка,0.0011326728409234534,0.051445532107612824,0.05086759438375051,142856552.06732497,552382498.6077363,6904781232.596705,552382498.6077363
513,Изотоническая регрессия,0.3865841203898418,1.047563289850372e-06,0.051011608472541735,143281452.8342862,527231661.66735077,6590395770.841884,527231661.66735077
513,Логит-калибровка,0.005332116577496758,0.03108626702150603,0.050910401019157656,142976770.2222024,546542209.4205265,6831777617.75658,546542209.4205264
513,Монотонный сплайн,0.6734726883410582,5.084611245590066e-06,0.05100105017680484,143249064.3093977,531117783.45258915,6638972293.157364,531117783.45258915
513,Французский сплайн,0.44473367699447336,0.0005415505053839421,0.050981143242104975,143195876.75217298,530923658.5139352,6636545731.42419,530923658.5139352
514,Бета-калибровка,0.002237695927135042,0.016289565678719822,0.049652401959555705,139443805.66321623,547835059.7646494,6847938247.058119,547835059.7646494
514,Изотоническая регрессия,0.4061807667758619,1.3324006814911647e-07,0.049751049494863565,139743093.00137484,521923042.2961657,6524038028.70207,521923042.2961657
514,Логит-калибровка,0.006439903939363341,0.008633773091186892,0.04967573654553134,139509338.51447025,541837158.5542325,6772964481.927906,541837158.5542325
514,Монотонный сплайн,0.2945766350453256,7.109864975624859e-07,0.04982644592211957,139951516.59492436,525728206.42850876,6571602580.3563595,525728206.42850876
514,Французский сплайн,0.12138996379994743,6.539215999027821e-05,0.049802317656517235,139886865.16440117,525561447.0809346,6569518088.5116825,525561447.0809346
515,Бета-калибровка,0.0002806446285589188,0.005116235567838125,0.048900914993060034,137333329.6665098,547886568.7629195,6848582109.536494,547886568.7629195
515,Изотоническая регрессия,0.5185403662594108,1.616693013845801e-08,0.04891385290621939,137389876.90182653,521882181.05533886,6523527263.191736,521882181.05533886
515,Логит-калибровка,0.0008866144967729019,0.0024084899300148527,0.04895611866056129,137488363.64632034,541782532.0410383,6772281650.512978,541782532.0410383
515,Монотонный сплайн,0.3639858340051997,8.953040917245442e-08,0.049017382434620935,137677531.83231547,525355326.9475282,6566941586.844102,525355326.9475282
515,Французский сплайн,0.08858751072727047,7.909684864061678e-06,0.04898607619442358,137592637.97311813,525294031.18445635,6566175389.805704,525294031.18445635
516,Бета-калибровка,0.016607891668942318,0.017046343731258122,0.05060303402739522,142113560.76253676,550746665.9939079,6884333324.923848,550746665.9939079
516,Изотоническая регрессия,0.4908322749654875,7.538841254936464e-06,0.050680629690913595,142353845.62396175,524751793.62126774,6559397420.265846,524751793.6212678
516,Логит-калибровка,0.029972798309246644,0.009086417401268563,0.050644625049217226,142230364.98822165,544848884.9356266,6810611061.6953335,544848884.9356266
516,Монотонный сплайн,0.44139035808253385,3.739594100087891e-05,0.05070086626977673,142407768.4744867,528681164.94551516,6608514561.81894,528681164.94551516
516,Французский сплайн,0.12249731663413407,7.086443977820812e-05,0.050688860273323,142376800.40009725,528499652.74562186,6606245659.320274,528499652.74562186
517,Бета-калибровка,0.011377732057335454,0.01666226877009848,0.04878640298736533,137011734.14971682,549504595.8605084,6868807448.256355,549504595.8605084
517,Изотоническая регрессия,0.26498805399235825,8.345300860500327e-06,0.048855505340227035,137228046.7974936,523835483.1579816,6547943539.474771,523835483.1579816
517,Логит-калибровка,0.03008808676101095,0.008856962054485863,0.0488840416857114,137285942.6701519,543427581.0566851,6792844763.208563,543427581.0566851
517,Монотонный сплайн,0.30512902933453767,3.9039649436768526e-05,0.048992440812802164,137609511.08556902,527230624.73841524,6590382809.23019,527230624.73841524
517,Французский сплайн,0.2487249888649128,6.788340512928761e-05,0.048942329611494445,137471873.98569143,527154767.6541581,6589434595.676976,527154767.6541581
518,Бета-калибровка,0.0015050841705189348,0.05452707727828514,0.04891723382600682,137379159.47695756,548802347.7263376,6860029346.57922,548802347.7263376
518,Изотоническая регрессия,0.44848560670321236,6.0946162976219606e-05,0.049003199447041235,137642232.9270706,523072921.3869134,6538411517.336418,523072921.3869134
518,Логит-калибровка,0.006040768456105749,0.07209864765150964,0.04898845083222021,137579165.31720728,542746442.641603,6784330533.020038,542746442.641603
518,Монотонный сплайн,0.5477146314129822,0.00027843995661428947,0.049079190492197076,137853291.31872946,526658741.58392423,6583234269.799053,526658741.58392423
518,Французский сплайн,0.31993727711607967,0.0032059623692523623,0.04904445636239276,137758043.77997708,526570809.78290266,6582135122.2862835,526570809.78290266
519,Бета-калибровка,0.00860420188650339,0.04659589625261224,0.04968353542810658,139531240.89629453,549267864.681028,6865848308.51285,549267864.681028
519,Изотоническая регрессия,0.28725374051456976,8.033295002645739e-06,0.049822051448538705,139943092.88807613,523418014.90125996,6542725186.265749,523418014.90125996
519,Логит-калибровка,0.030010392358272877,0.027788663524292954,0.049736618007309844,139680318.011729,543254584.7914548,6790682309.893185,543254584.7914548
519,Монотонный сплайн,0.1257132658966664,4.219005341399616e-05,0.04987421576207591,140086350.6642505,527259762.2613554,6590747028.266942,527259762.2613554
519,Французский сплайн,0.12685465699555387,0.0004900423537535015,0.04983737711907179,139986060.7845744,527101650.45853615,6588770630.731701,527101650.45853615
520,Бета-калибровка,0.0009412695490036878,0.02367913313041718,0.04950577629606229,139032022.14986134,549908496.2651508,6873856203.314384,549908496.2651508
520,Изотоническая регрессия,0.44141202850664907,1.004636019079941e-06,0.04947690102428918,138973054.8366137,524321330.7320832,6554016634.151039,524321330.7320832
520,Логит-калибровка,0.004016861944606069,0.02272963908286027,0.04958340106031694,139250023.5377941,543881667.9422741,6798520849.278425,543881667.9422741
520,Монотонный сплайн,0.38457877231704063,5.1289944903921064e-06,0.04961659205259809,139362560.43416405,527903583.855831,6598794798.197887,527903583.855831
520,Французский сплайн,0.12688712536473365,0.0005150231652416209,0.049590068786335116,139290681.68262875,527784742.27294207,6597309278.411776,527784742.27294207
521,Бета-калибровка,0.01012229782544875,0.005440609360937533,0.04800587865877437,134819709.62530196,546845628.4459925,6835570355.574904,546845628.4459925
521,Изотоническая регрессия,0.39013747319478653,1.37967147031278e-07,0.048253129434184285,135534659.90296316,521222642.8501184,6515283035.62648,521222642.8501184
521,Логит-калибровка,0.02989035255205145,0.002579510616888774,0.048061288415321334,134975322.38558844,540801739.2254565,6760021740.318207,540801739.2254565
521,Монотонный сплайн,0.36677752919111906,7.089889153033109e-07,0.04824276725412607,135502584.4371475,524982159.8290889,6562276997.863611,524982159.8290889
521,Французский сплайн,0.18153800284308386,8.395945701224789e-06,0.04820676135849089,135404363.23368835,524833477.43444514,6560418467.930564,524833477.43444514
522,Бета-калибровка,0.0029685651141573514,0.017450609997255187,0.04918170052528638,138121887.75521424,549340811.3665023,6866760142.081278,549340811.3665023
522,Изотоническая регрессия,0.24373617673837986,1.1275759501975033e-06,0.04929370945842748,138456426.84304774,523975497.22651935,6549693715.331491,523975497.22651935
522,Логит-калибровка,0.012234582181822709,0.009327546820779343,0.0492489083653384,138310634.2532164,543276704.5914067,6790958807.392584,543276704.5914067
522,Монотонный сплайн,0.18989976084269444,7.015951103042664e-07,0.04937522065571064,138682480.23155433,527617714.6885828,6595221433.607285,527617714.6885828
522,Французский сплайн,0.30319373333853916,7.111942068934296e-05,0.04933473692952006,138571555.43172464,527481325.2878642,6593516566.098303,527481325.28786415
523,Бета-калибровка,0.010580289980299435,0.017179784434728566,0.04775458447239953,134113975.03228685,547070320.161474,6838379002.018425,547070320.161474
523,Изотоническая регрессия,0.3718147876325095,1.2329131861486755e-07,0.047970160552989125,134739730.89701465,521595121.1562245,6519939014.452806,521595121.1562245
523,Логит-калибровка,0.02987822233091495,0.009166214877896463,0.0478313661465412,134329608.68594635,540929226.9054484,6761615336.318105,540929226.9054484
523,Монотонный сплайн,0.24736876116132012,6.586526729053531e-07,0.04803983007812918,134932769.66965014,525280257.48183155,6566003218.522895,525280257.4818316
523,Французский сплайн,0.13383256740685107,7.071688332744192e-05,0.04797889176247599,134764147.90960687,525181280.7223444,6564766009.0293045,525181280.7223444
524,Бета-калибровка,0.00018096309787641321,0.017252247378805496,0.048502665776692315,136214886.56726268,548504645.798686,6856308072.483576,548504645.798686
524,Изотоническая регрессия,0.3851870640101468,1.0770542436138219e-06,0.0486065833144774,136526821.38037834,522923156.29198766,6536539453.649845,522923156.29198766
524,Логит-калибровка,0.001080644707574159,0.00920962912659046,0.048577149017610385,136424065.30105698,542397124.6229986,6779964057.787483,542397124.6229986
524,Монотонный сплайн,0.42389733864503465,5.6176150355371915e-06,0.04867436767525915,136714733.79724014,526629853.90239286,6582873173.779911,526629853.90239286
524,Французский сплайн,0.12295039804044436,7.142055576722908e-05,0.04862691704177703,136583971.3071788,526544740.7381214,6581809259.226517,526544740.7381214
525,Бета-калибровка,0.008754244916714412,0.1253585027588835,0.04846228620958286,136101484.5909925,546526567.7383344,6831582096.729181,546526567.7383344
525,Изотоническая регрессия,0.5435926419327328,0.00039169743174252084,0.048568116447895486,136420226.2322697,520278501.1856945,6503481264.821181,520278501.1856945
525,Логит-калибровка,0.029970516160390953,0.10708042140607443,0.04851118831014878,136238821.25022182,540415449.8393238,6755193122.991548,540415449.8393238
525,Монотонный сплайн,0.5157243563325702,0.0016294675203151103,0.04855338738192275,136375667.9658946,524088364.848989,6551104560.612363,524088364.848989
525,Французский сплайн,0.24607286836315517,0.01723949957631211,0.0485305747718862,136314716.17862314,523975336.25606585,6549691703.200824,523975336.25606585
526,Бета-калибровка,0.0015134422094612546,0.09697344685790754,0.0479089931868462,134547616.4659389,546442561.8191562,6830532022.73945,546442561.8191562
526,Изотоническая регрессия,0.3365406969100654,8.720482762165506e-06,0.047998915296100654,134821801.31756908,520687928.2075907,6508599102.594883,520687928.2075907
526,Логит-калибровка,0.006853738410458816,0.06273453810536493,0.0479866862977156,134765809.79850453,540227725.8246049,6752846572.807561,540227725.8246049
526,Монотонный сплайн,0.3700069935591587,5.772814956505326e-06,0.04810681523006484,135121835.86129886,524210200.6915933,6552627508.644915,524210200.6915933
526,Французский сплайн,0.24651096447337525,0.002429477534337508,0.048058776790917246,134989803.61991966,524113435.50454575,6551417943.806822,524113435.50454575
527,Бета-калибровка,0.0034195609277627914,0.0476743121301514,0.04885480404189236,137203831.6712505,546038965.7354364,6825487071.692957,546038965.7354366
527,Изотоническая регрессия,0.5520751095784092,8.035038194150274e-06,0.04901034989864698,137662553.45536017,520352611.82742023,6504407647.842754,520352611.82742023
527,Логит-калибровка,0.006427385638124292,0.02851871094498275,0.04887439960121443,137258863.84005064,539967350.9197764,6749591886.497204,539967350.9197764
527,Монотонный сплайн,0.3685099147615359,4.169291870630412e-05,0.04906186004576205,137804496.55506882,524025787.25811994,6550322340.7265,524025787.25811994
527,Французский сплайн,0.2432022961022025,0.0005022117279525953,0.049031726304979206,137722576.56991667,523853671.07289934,6548170888.411242,523853671.07289934
528,Бета-калибровка,0.000726507161977006,0.017110158213976736,0.04820555153562399,135380470.9326464,546378331.8593721,6829729148.242151,546378331.8593721
528,Изотоническая регрессия,0.493018203671907,1.3568569048347455e-07,0.048270357942442436,135583283.64555535,520231202.08323574,6502890026.040446,520231202.08323574
528,Логит-калибровка,0.0036336453366286004,0.009123246867702436,0.048256106549039,135522449.63232112,540232002.2818973,6752900028.523718,540232002.2818973
528,Монотонный сплайн,0.3224816438681104,6.758164240650969e-07,0.04837951426197833,135887103.62193048,523809339.95733917,6547616749.46674,523809339.95733917
528,Французский сплайн,0.1225708825941262,6.779021122526676e-05,0.04834116685415742,135782086.91660342,523724507.6051924,6546556345.064905,523724507.6051924
529,Бета-калибровка,0.000561859337946977,0.04878667371712087,0.04863563966365183,136588330.4313998,548535489.0714893,6856693613.393617,548535489.0714893
529,Изотоническая регрессия,0.3005336290489733,1.1172652381064926e-06,0.048776733622071314,137005149.90422505,523113810.09950507,6538922626.243813,523113810.09950507
529,Логит-калибровка,0.002894438118228837,0.029271994498690276,0.048689540000071044,136739704.13619953,542540363.4716288,6781754543.395359,542540363.4716288
529,Монотонный сплайн,0.3443239290863915,5.59036494381161e-06,0.048788096184032535,137034413.39190435,526749831.1090339,6584372888.862924,526749831.1090339
529,Французский сплайн,0.1848229308351007,0.0005152926878574792,0.04875583656458028,136946361.4641068,526617602.9431473,6582720036.789341,526617602.9431473
530,Бета-калибровка,0.00038227777279048263,0.016734871869934186,0.0506589120500762,142270488.60143405,550498557.9571011,6881231974.463763,550498557.9571011
530,Изотоническая регрессия,0.46770716937945983,9.556932362531513e-06,0.05074536712141371,142534099.4237783,524712129.33879226,6558901616.734903,524712129.33879226
530,Логит-калибровка,0.0020876015332779154,0.022763669814954514,0.05069317241322079,142366705.40528926,544569297.7202034,6807116221.5025425,544569297.7202035
530,Монотонный сплайн,0.27653724018309134,6.0825042657926165e-06,0.0507794790678366,142627185.99703202,528327900.56820285,6604098757.102536,528327900.56820285
530,Французский сплайн,0.12759328624175006,0.00048781098877825386,0.05076148142482212,142579371.6363905,528222115.4158574,6602776442.698216,528222115.4158574
531,Бета-калибровка,0.009272527426103776,0.005349892417621051,0.048422288198574234,135989154.1768759,548733984.127253,6859174801.590663,548733984.127253
531,Изотоническая регрессия,0.556519515902371,1.1881214907746402e-08,0.04861959052800873,136564188.03885972,523316747.69473124,6541459346.18414,523316747.69473124
531,Логит-калибровка,0.029927663304237656,0.002531962777704437,0.048517810719716725,136257419.62525246,542644831.293292,6783060391.166151,542644831.293292
531,Монотонный сплайн,0.4808254526447949,7.217390368972478e-08,0.04863636508421097,136608334.8815956,526994196.98418474,6587427462.302309,526994196.98418474
531,Французский сплайн,0.22009229016362558,8.694280961043232e-06,0.048591344810852755,136484892.8784204,526832389.7901074,6585404872.376343,526832389.7901074
532,Бета-калибровка,0.00027794583195833483,0.09620309074296102,0.04913209721930045,137982581.8306834,549893917.3362336,6873673966.702921,549893917.3362336
532,Изотоническая регрессия,0.29975746183356533,8.405106125137004e-06,0.04924780713549928,138329189.15933615,524321839.8247613,6554022997.809515,524321839.8247613
532,Логит-калибровка,0.0008771121865735728,0.06216699799892847,0.04919847596350952,138168999.89592016,543984893.0692286,6799811163.365358,543984893.0692286
532,Монотонный сплайн,0.3041864016358656,4.141960873251564e-05,0.04931707253053273,138520593.4764505,528019469.8216045,6600243372.770056,528019469.8216045
532,Французский сплайн,0.08838890203077764,0.0023945293156259367,0.04929134792154388,138451451.30179358,527878925.26294565,6598486565.78682,527878925.26294565
533,Бета-калибровка,0.01656859771806768,0.005332859642431826,0.04843684579396494,136030037.72777116,547678450.2666683,6845980628.333355,547678450.2666683
533,Изотоническая регрессия,0.43887833639763196,1.356962605539815e-08,0.04846672461011106,136135238.19503593,521906246.47980785,6523828080.997599,521906246.47980785
533,Логит-калибровка,0.029954112727876077,0.0025225063210039616,0.04852426105433163,136275534.74498495,541512257.9663038,6768903224.578798,541512257.9663038
533,Монотонный сплайн,0.5506829187349116,7.322126876883804e-08,0.04850654437004335,136244256.05470455,525637014.4518126,6570462680.647657,525637014.4518126
533,Французский сплайн,0.18628844637640796,8.08715101485142e-06,0.048478675962203115,136168766.2181244,525512152.4793804,6568901905.992254,525512152.4793804
534,Бета-калибровка,0.0028128099064223698,0.02376806645297851,0.0480037106005819,134813620.85067424,549324065.9810456,6866550824.763071,549324065.9810456
534,Изотоническая регрессия,0.4756982217954258,6.057931060516603e-05,0.04810127939441362,135109041.45127118,524155241.8949064,6551940523.686331,524155241.89490646
534,Логит-калибровка,0.01160149039737924,0.022731245883384415,0.04811524140384756,135126843.95856547,543245199.8079321,6790564997.599151,543245199.8079321
534,Монотонный сплайн,0.47850198776008884,0.00026971081732204673,0.04818267393715991,135334988.4172267,527863341.7197696,6598291771.49712,527863341.7197696
534,Французский сплайн,0.12176146402965535,0.0032931969921017527,0.048135051400866,135203877.83766052,527723399.38365054,6596542492.295631,527723399.38365054
535,Бета-калибровка,0.016666014954309295,0.049478561120696575,0.04910895163485343,137917579.77132237,550078600.1672018,6875982502.090021,550078600.1672018
535,Изотоническая регрессия,0.30250874284306917,1.0525843058182571e-06,0.04927234458290164,138398219.72662097,524138530.69357777,6551731633.669722,524138530.69357777
535,Логит-калибровка,0.030001420028922324,0.029740231820844523,0.04918733205394585,138137703.3403015,544122144.7224115,6801526809.030144,544122144.7224115
535,Монотонный сплайн,0.3093661459931946,5.314778935952933e-06,0.04928760439866503,138438225.73941898,527915830.0467615,6598947875.584519,527915830.0467616
535,Французский сплайн,0.3243597505622706,0.0005153072873414688,0.04925615651418913,138352703.00366294,527817306.37396073,6597716329.674509,527817306.37396073
536,Бета-калибровка,0.000602846836902209,0.05068608206137543,0.049587529223177676,139261617.07037216,550875266.596074,6885940832.450925,550875266.596074
536,Изотоническая регрессия,0.48891643125104634,7.72697854011195e-06,0.04964475430509768,139443257.99043635,525628127.22291607,6570351590.28645,525628127.22291607
536,Логит-калибровка,0.0027227380260552696,0.03056808871231578,0.04966312809063925,139473928.92975128,544898606.8720584,6811232585.90073,544898606.8720584
536,Монотонный сплайн,0.477223720051681,3.859337744791615e-05,0.04972248293729798,139658680.57986757,529234251.16055405,6615428139.506926,529234251.16055405
536,Французский сплайн,0.12422271146080849,0.0005519299112516476,0.04969283679058562,139578265.321588,529075741.78845,6613446772.355625,529075741.78845
537,Бета-калибровка,0.002239629529019096,0.0052320851748379115,0.049173220976514304,138098073.79044276,548737094.2254076,6859213677.817595,548737094.2254076
537,Изотоническая регрессия,0.36395521050366064,1.309060730319167e-07,0.049261662256179395,138368817.48025423,522932740.8051693,6536659260.064617,522932740.80516934
537,Логит-калибровка,0.006463009304639191,0.0024693157110525043,0.04923952302941463,138284276.47580802,542694970.0658094,6783687125.822617,542694970.0658094
537,Монотонный сплайн,0.2003787534042985,6.852072358328494e-07,0.049263018247411326,138369296.178769,526743486.53980255,6584293581.747531,526743486.53980255
537,Французский сплайн,0.10889784367148285,7.974302644018816e-06,0.04924301331142148,138316302.02301636,526592271.7797224,6582403397.24653,526592271.7797224
538,Бета-калибровка,0.004958950016422164,0.016868071004264747,0.04910595907565442,137909175.46806785,549678615.5277147,6870982694.096436,549678615.5277147
538,Изотоническая регрессия,0.49437570126670605,1.2624366689282136e-07,0.049056016453544446,137789727.0081342,523957697.77063954,6549471222.132994,523957697.77063954
538,Логит-калибровка,0.01878415734732184,0.00897967912758922,0.049199397620813184,138171588.27829176,543586333.2274429,6794829165.343035,543586333.2274429
538,Монотонный сплайн,0.36147378306428707,7.036718647924907e-07,0.04919021828168814,138164046.68759847,527522717.2709551,6594033965.886938,527522717.2709551
538,Французский сплайн,0.15178918552398696,6.880151981889207e-05,0.049158397520147515,138077282.2465164,527422516.46536165,6592781455.81702,527422516.46536165
539,Бета-калибровка,0.0011604892548949491,0.049606946426971235,0.04902041856650329,137668943.50216788,548493001.3716366,6856162517.145458,548493001.3716366
539,Изотоническая регрессия,0.39831719391176756,8.758550057149814e-06,0.049126218525707394,137985566.90759665,522602687.9006171,6532533598.757713,522602687.9006171
539,Логит-калибровка,0.004818419773569234,0.029830326505524227,0.049072210033134576,137814394.65705514,542453659.4416983,6780670743.021229,542453659.4416983
539,Монотонный сплайн,0.40021792128922223,4.228188415333406e-05,0.049145578987544035,138037050.23005503,526387388.83233935,6579842360.404242,526387388.8323394
539,Французский сплайн,0.3261178304422355,0.000529060383026102,0.04911639527135162,137957984.69437686,526304434.5265881,6578805431.582352,526304434.5265881
540,Бета-калибровка,0.000723201609708928,0.04907657481143189,0.05041287070855079,141579506.09789407,551517611.2018417,6893970140.023022,551517611.2018417
540,Изотоническая регрессия,0.49016628383815986,1.1158796455649248e-06,0.05060057120838051,142127334.98161584,526040468.7795791,6575505859.744739,526040468.77957904
540,Логит-калибровка,0.003623343937151427,0.029468511153705763,0.05045479920105262,141697258.07623616,545684488.5611682,6821056107.014603,545684488.5611682
540,Монотонный сплайн,0.23558498951747942,5.570979492531866e-06,0.05060444197628338,142135396.60705823,529878891.25337255,6623486140.667156,529878891.25337255
540,Французский сплайн,0.11689324078757486,0.0005172023256165383,0.05057759234486542,142062755.69258288,529705700.48991156,6621321256.123896,529705700.48991156
541,Бета-калибровка,0.0021460029143428624,0.01765782778999164,0.04905708424295996,137771915.38792875,551618476.2005478,6895230952.506847,551618476.2005478
541,Изотоническая регрессия,0.7298330298714222,1.2267184794608117e-07,0.04912535406701924,137984693.96181685,526404429.3099057,6580055366.373821,526404429.3099057
541,Логит-калибровка,0.006435066172707176,0.00945215167855843,0.049170896099426036,138091544.60562807,545634406.8470383,6820430085.587978,545634406.8470383
541,Монотонный сплайн,0.6088341619799368,6.367667798485577e-07,0.049230916077801064,138278386.7237026,529957554.84686244,6624469435.585781,529957554.84686244
541,Французский сплайн,0.12423699691560913,7.288338931036415e-05,0.049185293229868705,138152997.13564628,529833283.83585536,6622916047.948192,529833283.83585536
542,Бета-калибровка,0.016449992637509486,0.005884523632367823,0.04850235045922314,136214001.02968225,549512001.7869264,6868900022.33658,549512001.7869264
542,Изотоническая регрессия,0.4766183334643834,7.581983827896205e-06,0.048544841834434485,136354383.4078258,523937378.3625504,6549217229.531879,523937378.3625504
542,Логит-калибровка,0.029905591463818618,0.00825134703686825,0.04860484890131271,136501857.65444663,543448395.3167605,6793104941.459507,543448395.3167605
542,Монотонный сплайн,0.5451775874443622,3.8982516590136276e-05,0.048619629430749066,136561042.23545763,527595635.25706625,6594945440.713328,527595635.25706625
542,Французский сплайн,0.18671085877736696,0.0024589392595292434,0.04857980229644453,136452426.78511208,527471707.5950277,6593396344.937846,527471707.5950277
543,Бета-калибровка,0.002238555694315819,0.05442927570692131,0.04860996101279093,136516214.50832203,546856820.1139446,6835710251.424307,546856820.1139446
543,Изотоническая регрессия,0.14909101081712145,6.815139302560175e-05,0.04876463815177755,136971898.58545208,520764930.6738086,6509561633.422607,520764930.6738086
543,Логит-калибровка,0.0064532881712009525,0.0718146672088426,0.04866141523039741,136660718.5330481,540755722.6292388,6759446532.865485,540755722.6292388
543,Монотонный сплайн,0.03819311962694261,0.00030057127916284775,0.04883022975332258,137153279.46887976,524621843.4909146,6557773043.636432,524621843.4909146
543,Французский сплайн,0.12632101984314867,0.0031179701425721987,0.048789479571587926,137041661.45772415,524473383.3488568,6555917291.86071,524473383.3488568
544,Бета-калибровка,0.002237649507675209,0.016731707319994217,0.048930101526267686,137415297.1263702,549391636.2096467,6867395452.620584,549391636.2096467
544,Изотоническая регрессия,0.43375312643502345,1.1461317487722326e-07,0.04903732891407919,137737125.32230002,523988161.1409863,6549852014.262329,523988161.1409863
544,Логит-калибровка,0.0064372360116848135,0.009743904971088142,0.04899555935290141,137599128.88668835,543366631.8918583,6792082898.648228,543366631.8918583
544,Монотонный сплайн,0.5146545098493711,5.566016668961835e-07,0.04906797861454571,137820422.94509763,527587297.45611954,6594841218.201494,527587297.45611954
544,Французский сплайн,0.12250599666978162,7.563827974654728e-05,0.04903347277578522,137726238.39302203,527487139.2356402,6593589240.445503,527487139.23564017
545,Бета-калибровка,0.0027075941979109977,0.01721219742212049,0.04892309845366032,137395629.69725966,548971168.4926813,6862139606.158516,548971168.4926813
545,Изотоническая регрессия,0.5121410834873543,1.2814393359696906e-07,0.048957120981522925,137512826.164509,523041762.31390715,6538022028.92384,523041762.31390715
545,Логит-калибровка,0.006422224513761401,0.00918434935938773,0.04898266974492516,137562929.71164784,542915661.3928382,6786445767.410477,542915661.3928382
545,Монотонный сплайн,0.3909308884452646,6.595750203957628e-07,0.04906742439971121,137819502.09257686,526622138.18563604,6582776727.320451,526622138.18563604
545,Французский сплайн,0.11886576304962895,6.967577174845884e-05,0.04902715398088406,137709399.02222842,526552688.71039236,6581908608.879905,526552688.7103924
546,Бета-калибровка,0.0058821450994280475,0.017102903840877048,0.048929593228365,137413869.6225403,549121056.81375,6864013210.171875,549121056.81375
546,Изотоническая регрессия,0.7132131857447559,1.3036128773924726e-07,0.04910267999166701,137921135.68859762,523356677.92035437,6541958474.004429,523356677.92035437
546,Логит-калибровка,0.021884518903906913,0.009119569464780567,0.04900436524840129,137623859.3636102,543096416.9183075,6788705211.478845,543096416.9183075
546,Монотонный сплайн,0.3852030484647268,6.509399722098127e-07,0.049058479674533306,137793917.38491058,526992126.8884644,6587401586.105805,526992126.8884644
546,Французский сплайн,0.4434428432639499,6.935714163932045e-05,0.04902688724334071,137708262.60746425,526863630.5701543,6585795382.126928,526863630.5701543
547,Бета-калибровка,0.007016756462955501,0.05170379473375608,0.04803725866198718,134907837.2263248,549016119.4228663,6862701492.785828,549016119.4228663
547,Изотоническая регрессия,0.4869405423844043,5.251550366551155e-05,0.04812667023588766,135179870.6904669,523696548.05974424,6546206850.746802,523696548.05974424
547,Логит-калибровка,0.02528460255910424,0.042924990380609915,0.048136023620654673,135185208.73624662,542947714.4584571,6786846430.730714,542947714.4584571
547,Монотонный сплайн,0.4754184009255205,3.723447410609728e-05,0.04819806663384963,135377663.8992006,527464097.3119773,6593301216.399717,527464097.3119773
547,Французский сплайн,0.11905367481107038,0.003451986776472478,0.04815764396750592,135266905.88264227,527302497.7203522,6591281221.504402,527302497.7203522
548,Бета-калибровка,0.0163720845853983,0.0174942908255738,0.049595565765676,139284186.89632446,549625404.2974515,6870317553.718143,549625404.2974515
548,Изотоническая регрессия,0.663982284372812,7.76623028619417e-06,0.049626641476607926,139393944.7229057,523991524.30006444,6549894053.750806,523991524.30006444
548,Логит-калибровка,0.029879450330444486,0.009354384746080694,0.049644706145518296,139422192.73907357,543663216.4810035,6795790206.012543,543663216.4810035
548,Монотонный сплайн,0.6429310124515374,3.779111548717284e-05,0.04970287964103016,139604941.2666011,527667807.2273097,6595847590.341371,527667807.2273097
548,Французский сплайн,0.3148637979699156,7.115410268878462e-05,0.049685247545261754,139558350.48325205,527512793.1258608,6593909914.07326,527512793.1258608
549,Бета-калибровка,0.016446992959339428,0.02321425442754553,0.04845405376922378,136078364.60548806,547845152.9958057,6848064412.447573,547845152.9958057
549,Изотоническая регрессия,0.5586346138668344,8.77380869797921e-06,0.048505285329973245,136244010.52069685,522226382.20374763,6527829777.546846,522226382.20374763
549,Логит-калибровка,0.029904475617379807,0.029237477806195164,0.04852155101918014,136267923.8822655,541766500.669944,6772081258.3743,541766500.669944
549,Монотонный сплайн,0.4823045294485564,4.236275238163414e-05,0.04862442545249807,136575690.92238843,525695336.8142061,6571191710.177577,525695336.8142061
549,Французский сплайн,0.2735448444624389,0.0005081732903607546,0.0485856107927204,136469591.73056749,525604742.4196291,6570059280.245364,525604742.4196291
550,Бета-калибровка,0.00339396701193013,0.01726351962798778,0.049785650687060666,139818021.38954118,549935790.8499229,6874197385.624037,549935790.8499229
550,Изотоническая регрессия,0.4916772309772501,1.1543250554910613e-06,0.049885109726758727,140117434.95662922,524368310.0850971,6554603876.063713,524368310.0850971
550,Логит-калибровка,0.006419721860163213,0.009215684299986251,0.04982606505043182,139931521.08763272,544026045.3687084,6800325567.108855,544026045.3687084
550,Монотонный сплайн,0.35471687441052513,5.921686825652721e-06,0.04990338808881406,140166142.9298847,528120507.6094583,6601506345.118229,528120507.6094583
550,Французский сплайн,0.11710835371669322,6.980046184043666e-05,0.04988699770036953,140122616.64530772,527988308.80364513,6599853860.045565,527988308.80364513
551,Бета-калибровка,9.53355222189888e-05,0.04656749263332505,0.048347458499054426,135779002.44874448,546799317.7466934,6834991471.833668,546799317.7466934
551,Изотоническая регрессия,0.4079556639263304,9.537261179316249e-06,0.04842213170428299,136009644.67830834,521011721.00564003,6512646512.5705,521011721.00564003
551,Логит-калибровка,0.0006199013281454036,0.027766416351785016,0.04841173871055317,135959526.99471754,540651055.6010648,6758138195.01331,540651055.6010648
551,Монотонный сплайн,0.2995575978307033,4.646447740291284e-05,0.04851317007898496,136262598.6563789,524709906.1831747,6558873827.289684,524709906.1831747
551,Французский сплайн,0.18693952115351206,0.00047697593754212123,0.048476386334138234,136162059.91130963,524597212.20586085,6557465152.57326,524597212.20586085
552,Бета-калибровка,0.0032274681158218433,0.017048383872962484,0.04976737811369167,139766704.69449168,551435735.6150985,6892946695.188731,551435735.6150985
552,Изотоническая регрессия,0.5405637846259097,1.301236208162738e-07,0.04976954953434518,139794211.31225502,525711209.4430929,6571390118.03866,525711209.4430929
552,Логит-калибровка,0.006425420050000699,0.00908646605171204,0.049864824656797375,140040373.56614977,545429253.6948702,6817865671.185877,545429253.6948702
552,Монотонный сплайн,0.5518296266062842,7.096712513550059e-07,0.04988025563234806,140102008.3080503,529375935.781559,6617199197.269487,529375935.781559
552,Французский сплайн,0.27541007532603534,6.887820153420419e-05,0.04984718315783799,140012113.88439953,529254928.0856434,6615686601.070542,529254928.0856434
553,Бета-калибровка,0.002240099665492012,0.12063774963763797,0.04716098583850887,132446912.6288683,545162318.4885523,6814528981.106903,545162318.4885523
553,Изотоническая регрессия,0.44022208113200945,6.110591407093422e-05,0.047261558713133436,132751248.28996395,519217727.1310676,6490221589.138344,519217727.1310676
553,Логит-калибровка,0.0064666675138878235,0.08107496471112506,0.04723216947163765,132646824.74414718,538956013.5231955,6736950169.039944,538956013.5231955
553,Монотонный сплайн,0.3698216256965844,0.0002900146286771385,0.047388731959223655,133105181.83114195,522969115.34880817,6537113941.860102,522969115.34880817
553,Французский сплайн,0.24884698669807337,0.0031422139955424983,0.04733821107474157,132966446.68306102,522836650.185431,6535458127.317888,522836650.185431
554,Бета-калибровка,0.010309680289710042,0.016769924083981487,0.04944356822851095,138857317.01295018,550290483.2043884,6878631040.054856,550290483.2043884
554,Изотоническая регрессия,0.5346473595018112,9.301404072126446e-06,0.04949784654774525,139030682.24468774,524579488.5876583,6557243607.345729,524579488.5876583
554,Логит-калибровка,0.029911743582038706,0.02284557600135656,0.04952341331570116,139081553.95581514,544293052.574525,6803663157.181562,544293052.574525
554,Монотонный сплайн,0.44105708714417874,6.120980063041363e-06,0.04962468403715565,139384184.548505,528313348.3637809,6603916854.547262,528313348.3637809
554,Французский сплайн,0.30523044289579215,0.000494700527394197,0.04958965978741466,139288483.94513994,528195273.3723958,6602440917.154947,528195273.3723958
555,Бета-калибровка,0.0012813435383633854,0.023642542226636528,0.04940728972503519,138755432.46378887,548577077.296577,6857213466.2072115,548577077.296577
555,Изотоническая регрессия,0.636117863317081,1.2863172480572888e-06,0.0495358453015978,139136082.34500724,522786942.87590694,6534836785.948837,522786942.87590694
555,Логит-калибровка,0.005270005446837845,0.0227302272466667,0.04944000558544797,138847311.6861721,542607132.9579647,6782589161.974558,542607132.9579647
555,Монотонный сплайн,0.68216652523171,6.566733266645147e-06,0.04962560578285277,139385196.28572267,526501760.08706415,6581272001.088301,526501760.08706415
555,Французский сплайн,0.2754010002608626,0.000499582486044047,0.049593967065218084,139299255.61236823,526359375.4864275,6579492193.580343,526359375.4864275
556,Бета-калибровка,0.0007528032579199205,0.0233340494017482,0.04828924890799491,135615526.6332129,547616011.8665284,6845200148.331604,547616011.8665284
556,Изотоническая регрессия,0.5361841351796708,8.18492810686147e-06,0.04830836568707004,135690622.5955675,521808637.4997401,6522607968.746751,521808637.4997401
556,Логит-калибровка,0.0037639145750925263,0.029684798636710304,0.048359899654130394,135813942.1886598,541513779.9524745,6768922249.405931,541513779.9524745
556,Монотонный сплайн,0.3419063529208682,3.91930486714998e-05,0.048417465241476984,135994155.92128766,525570678.9341455,6569633486.676819,525570678.9341455
556,Французский сплайн,0.19916489407461796,0.0005197308128840283,0.04838448255786566,135904328.71521652,525446260.3424698,6568078254.280873,525446260.3424698
557,Бета-калибровка,0.0034178666030046383,0.04970041561802966,0.04941944960340637,138789582.26620644,550666653.2408415,6883333165.510519,550666653.2408415
557,Изотоническая регрессия,0.27056186102357116,5.4315520835403944e-05,0.04948874850318279,139005848.89633858,525357835.7611166,6566972947.013957,525357835.7611166
557,Логит-калибровка,0.006426758997885547,0.029896899575183707,0.04951191399296439,139049259.25784117,544679520.9227817,6808494011.534772,544679520.9227817
557,Монотонный сплайн,0.34724450718825906,0.000260513908897157,0.04953197141980984,139124274.6210099,529062584.1731139,6613282302.163924,529062584.1731139
557,Французский сплайн,0.24614094152231408,0.0005354089224898966,0.0495088331426563,139062168.82957798,528877625.8011426,6610970322.514282,528877625.8011426
558,Бета-калибровка,0.00027826116011786767,0.01698275659723192,0.04900696916113338,137631172.19212702,548625402.8205476,6857817535.256845,548625402.8205476
558,Изотоническая регрессия,0.6428599190077467,1.252644082711413e-06,0.049108984131584266,137938601.03514123,522564817.6710092,6532060220.887615,522564817.6710092
558,Логит-калибровка,0.0008782610685344695,0.00904595949875646,0.04908383835285911,137847051.6301695,542522441.3770185,6781530517.212731,542522441.3770185
558,Монотонный сплайн,0.44263380597147794,6.123328284208798e-06,0.04919132909679631,138166684.72262397,526039090.6095774,6575488632.619717,526039090.6095774
558,Французский сплайн,0.08857272141365993,6.625111033470178e-05,0.049150585316034445,138055347.0950539,525978279.0266262,6574728487.8328285,525978279.0266262
559,Бета-калибровка,0.0010275692448942257,0.01729138570017588,0.049437050689751086,138839013.15709698,548468512.1775534,6855856402.219416,548468512.1775534
559,Изотоническая регрессия,0.309822971873431,1.2811296084260454e-07,0.04959918362379055,139314798.8890534,522498588.60099256,6531232357.512407,522498588.60099256
559,Логит-калибровка,0.0048860850457573424,0.009232223327452495,0.04946668852530253,138922248.05445963,542486395.5813932,6781079944.767416,542486395.5813932
559,Монотонный сплайн,0.2276760482928594,6.768671608675857e-07,0.04956356907218648,139211800.99533364,526356613.15695447,6579457664.46193,526356613.15695447
559,Французский сплайн,0.1340209633788264,7.107873840227631e-05,0.04954474053052275,139161853.77388585,526224924.50937545,6577811556.367193,526224924.50937545
560,Бета-калибровка,0.01258717567082323,0.005131750290809872,0.048833869052429556,137145037.84684318,548246250.0312011,6853078125.390015,548246250.0312011
560,Изотоническая регрессия,0.2702205975950306,1.3771132099299182e-07,0.04883876215711314,137180427.24203658,522286045.6067914,6528575570.084892,522286045.6067914
560,Логит-калибровка,0.02989201922831698,0.0024166043264625724,0.04891686372274134,137378120.07894677,542084312.9564891,6776053911.956114,542084312.9564891
560,Монотонный сплайн,0.303579629722042,7.129924705398823e-07,0.048960843219038735,137520179.6496093,525819928.9593613,6572749111.992016,525819928.9593613
560,Французский сплайн,0.06859790761377799,7.834119413603002e-06,0.04892251981856172,137415584.78414863,525733573.6273153,6571669670.341441,525733573.6273153
561,Бета-калибровка,0.003425393807635951,0.04827704047467127,0.04789695911224256,134513819.97082204,547192759.943835,6839909499.297937,547192759.943835
561,Изотоническая регрессия,0.6633855642103657,9.971773448296258e-06,0.04806256963776262,134999611.37069258,521070975.4144829,6513387192.681036,521070975.4144829
561,Логит-калибровка,0.0064293491534840996,0.0289207917087308,0.04797995629696984,134746909.26441008,541030438.4712763,6762880480.890954,541030438.4712763
561,Монотонный сплайн,0.48239212849284463,4.6553026435050525e-05,0.04809334735777704,135083363.19867784,524806086.6484964,6560076083.106204,524806086.6484964
561,Французский сплайн,0.1204077507956578,0.00048750230109640465,0.04804001572306732,134936187.67434677,524745431.7973481,6559317897.466851,524745431.7973481
562,Бета-калибровка,0.0002479050680679231,0.13630455508429773,0.04898126229804207,137558977.03782135,549503609.1574574,6868795114.468217,549503609.1574574
562,Изотоническая регрессия,0.2205937959285756,0.000388030506799644,0.049076148418290846,137845069.61792803,524042972.2559781,6550537153.199726,524042972.2559781
562,Логит-калибровка,0.001247406530358032,0.11674677043616478,0.04904609342018508,137741048.76124778,543503506.1785746,6793793827.232182,543503506.1785744
562,Монотонный сплайн,0.44590428175100766,0.0016080371648817596,0.04912100989368189,137968737.24090886,527642412.1381904,6595530151.727381,527642412.1381904
562,Французский сплайн,0.12172282223684458,0.017888244896807647,0.049094312016075385,137896193.79869884,527519929.68614733,6593999121.076843,527519929.68614733
563,Бета-калибровка,0.0006511395091055644,0.04928696518269977,0.048420518919136527,135984185.33250302,547034195.6179922,6837927445.224903,547034195.6179922
563,Изотоническая регрессия,0.37361544973187066,7.952770294678203e-06,0.04855798752299345,136392258.5595748,521489616.6629286,6518620208.286608,521489616.66292864
563,Логит-калибровка,0.003325253509314021,0.029612838152198458,0.04846515230850502,136109533.74320552,540982657.1917045,6762283214.896305,540982657.1917045
563,Монотонный сплайн,0.38449313012771646,3.715461054533489e-05,0.0486001246928396,136507744.47252452,525116829.3242403,6563960366.553003,525116829.3242403
563,Французский сплайн,0.30344506566811924,0.0005253259877282954,0.048567938064125786,136420198.53493863,524954767.57897747,6561934594.737218,524954767.57897747
564,Бета-калибровка,0.0033952196449839544,0.004070440662555768,0.04858700819591726,136451753.81741405,549718872.8578616,6871485910.72327,549718872.8578616
564,Изотоническая регрессия,0.6642888343154535,7.793107972598691e-06,0.04871971682532352,136845741.53223857,524542964.50935036,6556787056.3668785,524542964.50935036
564,Логит-калибровка,0.006419974525168801,0.005683909981280459,0.048675263231901585,136699609.26047242,543708654.5036051,6796358181.295064,543708654.5036051
564,Монотонный сплайн,0.5454688098763971,3.739861767157718e-05,0.048753738313448106,136938166.34227234,528246116.738834,6603076459.235426,528246116.7388341
564,Французский сплайн,0.27540524260185145,0.0005420139416522898,0.04871911779381522,136843907.11423922,528078346.7270176,6600979334.087719,528078346.7270176
565,Бета-калибровка,0.0002790143462789089,0.01762686071993165,0.04842953959144109,136009518.98860317,549638834.106459,6870485426.330738,549638834.106459
565,Изотоническая регрессия,0.4930098003111566,1.1442281129509076e-07,0.04852645109763586,136302734.8626006,524201486.4301865,6552518580.377331,524201486.4301865
565,Логит-калибровка,0.0008809492424123725,0.00943430460658792,0.0485361752371904,136308994.53612554,543556862.9917471,6794460787.396839,543556862.9917471
565,Монотонный сплайн,0.5652047310937125,6.251537502859051e-07,0.04857526790675885,136436827.273044,527682921.7466407,6596036521.833008,527682921.7466407
565,Французский сплайн,0.08860142481523692,7.247255678589791e-05,0.04853140224341499,136316556.0122348,527587510.83523536,6594843885.440442,527587510.83523536
566,Бета-калибровка,0.011546775333079514,0.023408221468309193,0.04787902582796203,134463456.13524857,548196892.2039163,6852461152.548953,548196892.2039163
566,Изотоническая регрессия,0.37707899024464514,0.00036339795768171367,0.047949557948777394,134682827.34334642,522952366.8859323,6536904586.074154,522952366.8859323
566,Логит-калибровка,0.029967591118712746,0.03190243460357868,0.04796847788538988,134714673.29332897,542134385.3220396,6776679816.525495,542134385.3220396
566,Монотонный сплайн,0.33668992773698214,0.001550242464433166,0.04802884637201513,134902535.27114016,526705358.61627126,6583816982.70339,526705358.61627126
566,Французский сплайн,0.16514353955914232,0.0034198326951928983,0.0479955964278897,134811942.70628428,526562522.52114844,6582031531.514356,526562522.52114844
567,Бета-калибровка,0.002126758675375688,0.005193580148419879,0.048652284819927706,136635076.68828496,547819648.7194444,6847745608.993055,547819648.7194444
567,Изотоническая регрессия,0.5525944745187344,1.4329118616014436e-07,0.04882047416691018,137129067.25035056,521685735.7327664,6521071696.65958,521685735.7327664
567,Логит-калибровка,0.009129805655823433,0.002448910330162086,0.048713558627422215,136807158.04925257,541734273.7334669,6771678421.668334,541734273.7334669
567,Монотонный сплайн,0.3521407894650287,7.18571550130084e-07,0.048855363370115666,137224614.50329697,525459402.1446848,6568242526.808559,525459402.1446848
567,Французский сплайн,0.22301190204517746,7.799145602559919e-06,0.04881525090392457,137114351.5349297,525369669.7270763,6567120871.588453,525369669.7270763
568,Бета-калибровка,0.003405232189883617,0.01892264838738997,0.04854110708262238,136322845.13083673,549788763.7424804,6872359546.781005,549788763.7424804
568,Изотоническая регрессия,0.41258884728891665,9.841727553851409e-08,0.04862845533476269,136588127.16214752,524961581.83572924,6562019772.946615,524961581.83572924
568,Логит-калибровка,0.006422757293670157,0.010217499380748663,0.04863023551371133,136573153.41670692,543725327.1309931,6796566589.137414,543725327.1309931
568,Монотонный сплайн,0.3644267101226387,5.393304822871844e-07,0.04872410843689519,136853969.72052878,528611480.5800039,6607643507.250049,528611480.5800039
568,Французский сплайн,0.13120661597738553,8.047790530698443e-05,0.04867643072375476,136722862.01886252,528449239.1195035,6605615488.9937935,528449239.1195035
569,Бета-калибровка,0.016394913309835075,0.0182703498117758,0.04966870794874177,139489599.4032464,551827903.8635204,6897848798.294004,551827903.8635203
569,Изотоническая регрессия,0.6652022823807167,9.227735283040956e-07,0.04981514597049007,139922144.74352434,526572778.8795234,6582159735.994043,526572778.8795234
569,Логит-калибровка,0.029954600010611322,0.009822589247615273,0.04974762330742286,139711225.29656637,545902960.714628,6823787008.932849,545902960.714628
569,Монотонный сплайн,0.4910046096406377,4.528205898394907e-06,0.04987508452244017,140087557.49657917,530293999.5924879,6628674994.906099,530293999.5924879
569,Французский сплайн,0.4386044457842013,7.693229516743184e-05,0.049832698524389187,139971435.33311307,530142635.66405606,6626782945.800701,530142635.66405606
570,Бета-калибровка,0.0016987335785783385,0.02373467820876278,0.04807281848949177,135007703.4458887,547848779.2136903,6848109740.171127,547848779.2136903
570,Изотоническая регрессия,0.5583383262348673,5.473329248366776e-05,0.048255695909931416,135542226.3934514,522227674.604879,6527845932.560987,522227674.604879
570,Логит-калибровка,0.006440066428742922,0.0227301654922639,0.0481503769105559,135225518.5156052,541743169.8867421,6771789623.584275,541743169.8867421
570,Монотонный сплайн,0.3954442934385525,0.0002538093375485197,0.048285066818317166,135621498.33244187,525969505.9006614,6574618823.758268,525969505.9006614
570,Французский сплайн,0.27543509635256586,0.0034111928646237744,0.048236638873821944,135488647.38462806,525848058.2271337,6573100727.839171,525848058.2271337
571,Бета-калибровка,0.007431673902915487,0.04918860201647958,0.049147816917760524,138026729.03183866,549420625.0759326,6867757813.449158,549420625.0759326
571,Изотоническая регрессия,0.4880138472934657,8.420608638794602e-07,0.0491439757214098,138038306.61600727,523527141.8463217,6544089273.079021,523527141.8463217
571,Логит-калибровка,0.029176092882985227,0.02955004960226739,0.049218130109398434,138224196.59923458,543413777.9527969,6792672224.409961,543413777.9527969
571,Монотонный сплайн,0.47476249399699816,4.795405144516512e-06,0.04926783990938348,138383495.96546984,527322424.539453,6591530306.743163,527322424.539453
571,Французский сплайн,0.12445270825972164,0.0005371742695578988,0.04924183843813594,138313216.73372912,527190484.8125327,6589881060.156658,527190484.8125327
572,Бета-калибровка,0.0023288880799147934,0.017671831537848872,0.04962487823666235,139366508.03984252,550870021.4053365,6885875267.566707,550870021.4053366
572,Изотоническая регрессия,0.5610722660835163,1.0618353250085032e-06,0.04968533278101212,139556859.78219444,525246145.5279052,6565576819.098816,525246145.5279052
572,Логит-калибровка,0.006433539532034754,0.009460818396658627,0.04970583247316766,139593859.91764408,544877521.0201614,6810969012.752018,544877521.0201615
572,Монотонный сплайн,0.3679234462767482,5.4962443568715626e-06,0.049727836547386196,139673359.12013793,528901017.7277846,6611262721.597306,528901017.7277846
572,Французский сплайн,0.1857440829311008,7.213462869112768e-05,0.04970125668952107,139601611.092755,528775588.43070656,6609694855.383832,528775588.43070656
573,Бета-калибровка,0.001043426226169198,0.0465119928610641,0.049933680389908454,140233748.00701892,549751194.9094379,6871889936.367973,549751194.9094379
573,Изотоническая регрессия,0.477497864825695,9.118273852025991e-06,0.049958671042108924,140325220.5546587,523449815.71109104,6543122696.3886385,523449815.7110911
573,Логит-калибровка,0.004942657198433057,0.027729809963063474,0.050000613797393005,140421723.78859854,543720781.9869559,6796509774.836948,543720781.9869559
573,Монотонный сплайн,0.3439816908070248,4.707185060479912e-05,0.050072771358702035,140642796.40722263,527282207.55330676,6591027594.416334,527282207.55330676
573,Французский сплайн,0.1245105523463556,0.0004811024155336344,0.05004329054757571,140562871.14642292,527181644.6909339,6589770558.636673,527181644.6909338
574,Бета-калибровка,0.006808140326654081,0.005491737389589891,0.049229429452975836,138255929.67573738,549636099.4038744,6870451242.548431,549636099.4038744
574,Изотоническая регрессия,0.49357611678842606,1.2105500871830861e-08,0.04930722800969558,138495707.94242907,523753509.0572763,6546918863.215954,523753509.0572763
574,Логит-калибровка,0.024714670534826226,0.002606946080821573,0.04930404737579378,138465486.65017927,543610937.9321767,6795136724.152208,543610937.9321767
574,Монотонный сплайн,0.4950734144928684,6.514975814907043e-08,0.04934930582284122,138611245.57470188,527447392.59543467,6593092407.442932,527447392.59543467
574,Французский сплайн,0.24685210982824118,8.729591439681907e-06,0.04931948050295747,138530076.97296444,527362502.3121363,6592031278.901703,527362502.3121363
575,Бета-калибровка,0.0003330928736876496,0.005227533060948351,0.04892884730118081,137411774.76063618,548933596.3706963,6861669954.633703,548933596.3706963
575,Изотоническая регрессия,0.5546696689629491,1.3998326288017103e-08,0.048910881199524706,137382009.56074518,523213606.20903563,6540170077.612946,523213606.20903563
575,Логит-калибровка,0.0018473142391723075,0.0024673054161871754,0.049004324093345035,137623743.7837502,542820967.6519601,6785262095.649502,542820967.6519601
575,Монотонный сплайн,0.46789043535372205,8.008215103831893e-08,0.04910138950589658,137913833.8950147,526811057.06900036,6585138213.362504,526811057.06900036
575,Французский сплайн,0.1249971871701909,8.282610931495454e-06,0.04905546246763192,137787943.67688048,526727562.2285496,6584094527.85687,526727562.2285496
576,Бета-калибровка,0.011382383046766358,0.017048856477060306,0.049845221380164256,139985319.72405332,549785106.3391562,6872313829.239451,549785106.3391562
576,Изотоническая регрессия,0.41436066308749786,1.1337993299875145e-06,0.04998221720062522,140390988.78623587,524023820.1431939,6550297751.789924,524023820.1431939
576,Логит-калибровка,0.030135535055172264,0.009086638470182073,0.04990308556363304,140147825.49690703,543801228.2810788,6797515353.513485,543801228.2810788
576,Монотонный сплайн,0.32849241043751565,5.697203872425122e-06,0.04998060933003467,140384203.15546465,527709160.3282233,6596364504.102792,527709160.3282233
576,Французский сплайн,0.12810719619290625,6.895200714019154e-05,0.04995713471784188,140320596.3757506,527598492.06196785,6594981150.774598,527598492.06196785
577,Бета-калибровка,0.005701338447546353,0.055187803070663066,0.04908064816888645,137838092.31750074,550114351.8756729,6876429398.445911,550114351.8756729
577,Изотоническая регрессия,0.4518171337691277,5.759547153916569e-05,0.04921235942691248,138229637.81454104,524989538.65963227,6562369233.245403,524989538.65963227
577,Логит-калибровка,0.021127641697006955,0.07319598828344405,0.04915675063744434,138051818.4901987,544150808.7012296,6801885108.765369,544150808.7012296
577,Монотонный сплайн,0.2767031795991294,0.0002701470188386687,0.049269581144844955,138387375.8101433,528543723.5042472,6606796543.80309,528543723.5042472
577,Французский сплайн,0.12367366902396651,0.0033450858916196815,0.049234910154122645,138292917.19866228,528379449.5222003,6604743119.027504,528379449.5222002
578,Бета-калибровка,0.0034373024253725646,0.046310325476240484,0.048499828656283835,136206918.79830754,547923799.3054311,6849047491.31789,547923799.3054311
578,Изотоническая регрессия,0.6983141712956498,1.2555221610270848e-06,0.04862649664632896,136584659.58155024,521853025.2182739,6523162815.228422,521853025.2182739
578,Логит-калибровка,0.006433710069938816,0.02759093308809992,0.048588308475653645,136455405.52302572,541775172.9903743,6772189662.379681,541775172.9903743
578,Монотонный сплайн,0.340649523982244,6.42730362418118e-06,0.04865735939815921,136668185.7732116,525399926.56092715,6567499082.011589,525399926.56092715
578,Французский сплайн,0.1213152413968724,0.0004654353862426259,0.04861447821425336,136550880.9596804,525317734.6745466,6566471683.431833,525317734.6745466
579,Бета-калибровка,0.0022394859958114366,0.01603099990743945,0.048755483328956246,136924899.38104075,547261603.8764997,6840770048.456244,547261603.8764997
579,Изотоническая регрессия,0.4512742633722597,1.5536139920425755e-07,0.048929121916939586,137433715.19153315,520985287.82596326,6512316097.824541,520985287.82596326
579,Логит-калибровка,0.006461826391368204,0.008478965902152013,0.04880584426514625,137066333.03423673,541221467.9621332,6765268349.526665,541221467.9621332
579,Монотонный сплайн,0.23459396056285964,8.044662303551322e-07,0.04894105580221447,137464383.78628024,524806472.14593256,6560080901.824157,524806472.14593256
579,Французский сплайн,0.11839437200269048,6.211180261182165e-05,0.04891105332121224,137382972.84771514,524692606.87558377,6558657585.9447975,524692606.87558377
580,Бета-калибровка,0.0007914516227370804,0.017315023881991406,0.04961100446707699,139327544.94533902,551842561.2386811,6898032015.483513,551842561.2386811
580,Изотоническая регрессия,0.49125959686701637,1.2464264019255145e-07,0.04972450481255253,139667946.91557252,526260942.8289069,6578261785.361336,526260942.8289069
580,Логит-калибровка,0.003456084021054982,0.009246284257833942,0.049697703035873037,139571029.20594585,545937799.5333399,6824222494.166749,545937799.5333399
580,Монотонный сплайн,0.2849779489134613,6.58314513564071e-07,0.049767291319757434,139785162.81456938,530025421.16511136,6625317764.563891,530025421.16511136
580,Французский сплайн,0.1471600963360465,7.120865482701921e-05,0.049734218951258444,139695010.3495102,529919721.6543082,6623996520.678852,529919721.6543082
581,Бета-калибровка,0.00024219832376357143,0.051143669358362606,0.04915476736509522,138046248.66813344,549432916.8318563,6867911460.398204,549432916.8318563
581,Изотоническая регрессия,0.28442385511974666,1.0626861605560634e-06,0.0493004520767627,138476558.81238037,523979955.1422975,6549749439.278719,523979955.1422975
581,Логит-калибровка,0.001396119860598571,0.0308764540496484,0.049201404865768725,138177225.42502487,543443895.8580822,6793048698.226027,543443895.8580822
581,Монотонный сплайн,0.364223519362587,5.256039981330263e-06,0.04940677362769506,138772045.58805758,527518546.59186125,6593981832.398265,527518546.59186125
581,Французский сплайн,0.1194635252453106,0.0005379005759972571,0.04936054195245128,138645206.2878679,527391129.2362757,6592389115.453445,527391129.2362757
582,Бета-калибровка,0.00808200860511735,0.04901440042125242,0.04879125400837884,137025357.75713113,549315322.7125751,6866441533.907187,549315322.7125751
582,Изотоническая регрессия,0.634567534560973,8.45010545398985e-06,0.048882206496532105,137302316.72486076,523587627.8297494,6544845347.871868,523587627.8297494
582,Логит-калибровка,0.02846533663918307,0.029426795730898042,0.04887324582628927,137255623.5785508,543292650.7096617,6791158133.87077,543292650.7096617
582,Монотонный сплайн,0.542750099176449,4.143567664692272e-05,0.04894221065407161,137467938.4693782,527174474.19350183,6589680927.418772,527174474.19350183
582,Французский сплайн,0.2427953756265907,0.0005156623035795241,0.04890643821233665,137370385.93160164,527059088.8694415,6588238610.868019,527059088.8694415
583,Бета-калибровка,0.0033823451160692464,0.005415154830176354,0.04976338094335593,139755479.0413208,548973005.07622,6862162563.452749,548973005.07622
583,Изотоническая регрессия,0.3881468924601543,1.3187781960179051e-08,0.04989670830386946,140151084.800587,523432029.2351932,6542900365.439915,523432029.2351932
583,Логит-калибровка,0.006416846118314487,0.0025661538426799317,0.04978000125858582,139802155.53461242,543052960.9050494,6788162011.313117,543052960.9050494
583,Монотонный сплайн,0.49456969418575913,7.209040603842398e-08,0.04994609588584183,140286997.9547866,527084162.97201025,6588552037.150127,527084162.97201025
583,Французский сплайн,0.2754039355891889,8.444039244925993e-06,0.04992160353528616,140220953.95435512,526941297.46149576,6586766218.268697,526941297.46149576
584,Бета-калибровка,0.00019606853434766776,0.016818672687037683,0.04998467384865618,140376958.03656602,550200753.9694833,6877509424.61854,550200753.9694833
584,Изотоническая регрессия,0.22490976741578195,9.038738659170324e-06,0.050156100907026456,140879562.9872931,524578865.0108805,6557235812.636005,524578865.0108805
584,Логит-калибровка,0.001017446896177546,0.008949342473878378,0.05003860836749915,140528427.73928457,544242357.737363,6803029471.717037,544242357.737363
584,Монотонный сплайн,0.36473360464683396,5.579303489305027e-06,0.05017559126499451,140931871.31447065,528156148.1410021,6601951851.762526,528156148.1410021
584,Французский сплайн,0.2619770142783747,6.775886849507567e-05,0.050143150216741046,140843087.54297894,528028801.1466816,6600360014.333521,528028801.1466816
585,Бета-калибровка,0.002238359991265407,0.049249417176849365,0.04833412802577424,135741565.14758438,549041060.1423072,6863013251.778839,549041060.1423072
585,Изотоническая регрессия,0.47816238923287835,1.0843861315565855e-06,0.04834383497574385,135790593.34587902,523082328.50592995,6538529106.324124,523082328.50592995
585,Логит-калибровка,0.006451146426967896,0.029581425503971626,0.04843308667240012,136019480.6107685,543006164.5502837,6787577056.878546,543006164.5502837
585,Монотонный сплайн,0.3674537956620608,6.656688404184128e-07,0.04839032520756695,135918554.80044204,526628756.4068363,6582859455.085455,526628756.4068363
585,Французский сплайн,0.24529736992147552,0.0005029465207571749,0.048369977750182834,135864055.46994883,526522125.2473388,6581526565.591734,526522125.2473388
586,Бета-калибровка,0.006192382128276163,0.05447601827832288,0.05010068731149399,140702770.24559975,548704614.1825503,6858807677.281878,548704614.1825503
586,Изотоническая регрессия,0.7309859859771077,8.597374322790818e-06,0.050132481583073485,140812632.4779036,522610753.59305537,6532634419.913192,522610753.59305537
586,Логит-калибровка,0.02273441479385731,0.06323187358570159,0.05011613061492099,140746141.21894413,542710741.1538494,6783884264.423117,542710741.1538494
586,Монотонный сплайн,0.3849213454250918,4.264279563226625e-05,0.05017929633202629,140941487.75199997,526373918.7339268,6579673984.174084,526373918.7339268
586,Французский сплайн,0.4090589888133986,0.002571359427615918,0.05016212154273078,140895869.409537,526259474.7354524,6578243434.193155,526259474.7354524
587,Бета-калибровка,0.016428777757379262,0.018397710059738785,0.05016376516906548,140879918.1008035,552507207.5295417,6906340094.119271,552507207.5295417
587,Изотоническая регрессия,0.3863352128430886,6.666875541864186e-06,0.05032104300697221,141342666.7807808,527604690.9156745,6595058636.445931,527604690.9156745
587,Логит-калибровка,0.02989807423032982,0.009900895162193363,0.05023628907443459,141083594.23664212,546629594.6678388,6832869933.347986,546629594.6678388
587,Монотонный сплайн,0.29931786296279894,4.5249428617330715e-06,0.05036753957680709,141470675.5988484,531184771.87954116,6639809648.494264,531184771.87954116
587,Французский сплайн,0.4120795023365514,8.086169330533848e-05,0.050329451868955766,141366208.00810453,531063620.39352953,6638295254.919119,531063620.39352953
588,Бета-калибровка,0.013151615348166635,0.005810865900963741,0.04900382160676532,137622332.60043973,548280386.6266556,6853504832.833195,548280386.6266556
588,Изотоническая регрессия,0.5895402855197136,1.3496694975598648e-06,0.04906014238453491,137802510.27272785,522411154.74769497,6530139434.346186,522411154.74769497
588,Логит-калибровка,0.029885240460259095,0.00813828926560443,0.049076022558224144,137825101.7525167,542196627.1440614,6777457839.300769,542196627.1440614
588,Монотонный сплайн,0.4896446874287427,6.483729445385293e-06,0.04913492297564766,138009359.7920239,526032362.49749464,6575404531.218683,526032362.49749464
588,Французский сплайн,0.5047329913705256,0.00045983148974213704,0.049107686299020986,137935915.77010632,525906800.66318446,6573835008.289806,525906800.66318446
589,Бета-калибровка,0.0022387185086557957,0.054427727932496325,0.048344173429685396,135769776.65992847,548595436.6554179,6857442958.192722,548595436.6554179
589,Изотоническая регрессия,0.8295121862407959,6.216628033388318e-05,0.04838292663209023,135899182.3535622,522990123.8803432,6537376548.50429,522990123.8803432
589,Логит-калибровка,0.006455104956400101,0.07183218063917268,0.04843994677186827,136038746.51411486,542475188.7865193,6780939859.83149,542475188.7865193
589,Монотонный сплайн,0.5160500079520116,0.00029066345016032967,0.048492660118893714,136204464.8727479,526554770.2943635,6581934628.6795435,526554770.2943635
589,Французский сплайн,0.275493205138698,0.003237396888267655,0.04844804300772802,136081997.5317699,526448716.97036594,6580608962.129574,526448716.97036594
590,Бета-калибровка,0.01389975392086203,0.01673157503072214,0.04898224546571229,137561738.16590643,548586678.8413051,6857333485.5163145,548586678.8413051
590,Изотоническая регрессия,0.46249202280995516,6.248231981937361e-05,0.04911729862325826,137962190.65355852,522654406.9847459,6533180087.309324,522654406.9847459
590,Логит-калибровка,0.029942784794016908,0.02274950766402597,0.049035700570919584,137711861.48337054,542587585.7605566,6782344822.006958,542587585.7605566
590,Монотонный сплайн,0.34543358146898095,0.0002878049215921927,0.04923236770955192,138282501.9593398,526286596.91802734,6578582461.475342,526286596.9180274
590,Французский сплайн,0.12296560621069252,0.000506322282935699,0.0491898659036357,138165955.12790662,526188420.2925875,6577355253.657344,526188420.2925875
591,Бета-калибровка,0.0022389958670597553,0.016009832936367593,0.0491246817749796,137961756.2968527,548141354.3336506,6851766929.170631,548141354.3336506
591,Изотоническая регрессия,0.5604944114157251,9.690786605393106e-06,0.049173186004884226,138119144.77611688,522417263.80559266,6530215797.569908,522417263.80559266
591,Логит-калибровка,0.006457787380329016,0.008467218707833858,0.049187148247011515,138137187.13690716,542079179.7240804,6775989746.551004,542079179.7240804
591,Монотонный сплайн,0.366718072588211,4.7510926743922235e-05,0.04926497980552958,138374326.8142586,526181680.4104703,6577271005.130878,526181680.4104703
591,Французский сплайн,0.12266839694795366,6.343023225326166e-05,0.049239352412730183,138304957.36427665,526030706.8279935,6575383835.349918,526030706.8279935
592,Бета-калибровка,0.002973864474795484,0.048994114084716184,0.05018439155012083,140937845.22935936,550026005.6644402,6875325070.805502,550026005.6644402
592,Изотоническая регрессия,0.4889202948833538,7.806212643775326e-06,0.05026456259341635,141185243.18735045,523968232.3018762,6549602903.773453,523968232.3018762
592,Логит-калибровка,0.012247138341322458,0.029413738286097994,0.050226081079423064,141054926.10345173,544067615.537707,6800845194.221338,544067615.537707
592,Монотонный сплайн,0.36606936750778135,3.860867203503452e-05,0.05035056469464145,141423952.45196655,527763468.68604255,6597043358.575531,527763468.68604255
592,Французский сплайн,0.11749469163240794,0.0005232151466459066,0.05032103987348618,141343743.6831435,527646009.9010696,6595575123.763369,527646009.9010696
593,Бета-калибровка,0.002237784600361272,0.016589845337245758,0.04849177293447575,136184295.10918173,548293205.6353053,6853665070.441317,548293205.6353053
593,Изотоническая регрессия,0.3131194642182362,1.0267391992057952e-05,0.04859634032531507,136497696.16961485,522237288.86865306,6527966110.858163,522237288.86865306
593,Логит-калибровка,0.00644239036004518,0.008811751277739156,0.048579819842798876,136431566.04651633,542189139.0559058,6777364238.198823,542189139.0559058
593,Монотонный сплайн,0.27995450731519755,4.709775360365402e-05,0.048682494299975475,136736670.9882755,526036963.75599647,6575462046.949957,526036963.75599647
593,Французский сплайн,0.132153744358963,6.557557455723696e-05,0.04863917196610879,136618016.8833,525943306.26446015,6574291328.305752,525943306.26446015
594,Бета-калибровка,0.011378710680014014,0.0057506908173425245,0.04953017927213452,139100555.46786255,550126704.5900829,6876583807.376036,550126704.5900829
594,Изотоническая регрессия,0.4335150682151243,1.03709322797147e-06,0.049656777322627965,139476903.8328684,525185336.1285417,6564816701.606771,525185336.1285417
594,Логит-калибровка,0.030099205498568846,0.008043201237769321,0.049614022155647294,139336019.82191986,544110040.0094714,6801375500.118394,544110040.0094714
594,Монотонный сплайн,0.4400335100905474,6.71866767767586e-07,0.04971952416949993,139650284.4820267,528803585.077149,6610044813.464362,528803585.07714903
594,Французский сплайн,0.35461697198732156,0.0005205475530167527,0.04968432185727535,139554309.8247286,528605777.06522214,6607572213.315277,528605777.06522214
595,Бета-калибровка,0.0027238194520402283,0.017129372434473874,0.04912887757118017,137973539.7709024,548691068.7104577,6858638358.880721,548691068.7104577
595,Изотоническая регрессия,0.4899140165965265,1.2626652337112224e-07,0.04939472955569852,138741686.48422372,523131767.0284009,6539147087.855011,523131767.0284009
595,Логит-калибровка,0.011308935611125743,0.00913571285023821,0.049174954463322824,138102942.11479586,542715651.1264971,6783945639.081215,542715651.1264971
595,Монотонный сплайн,0.1044022360983363,6.41306340678907e-07,0.049371779210828345,138674030.816232,526996083.2439293,6587451040.549116,526996083.2439293
595,Французский сплайн,0.12455337762226283,6.83959357619151e-05,0.049333271054481764,138568964.52841568,526816835.32263184,6585210441.532898,526816835.32263184
596,Бета-калибровка,0.002241831476156844,0.005142286844888827,0.048835263852403124,137148955.00308895,549480991.8059435,6868512397.574293,549480991.8059435
596,Изотоническая регрессия,0.46748453940756635,1.3652335746927652e-08,0.04890929613100099,137378395.2543032,523680788.2717992,6546009853.39749,523680788.2717992
596,Логит-калибровка,0.0064781672255758375,0.002422298837405041,0.048922777616068086,137394728.6569656,543441119.1611491,6793013989.514364,543441119.1611491
596,Монотонный сплайн,0.3597363322611008,7.821131852702737e-08,0.04895984365168133,137517559.14019254,527368251.05653375,6592103138.206672,527368251.05653375
596,Французский сплайн,0.12838734191381243,7.993853357650295e-06,0.04892943692387229,137434874.80729407,527239654.9161545,6590495686.451931,527239654.91615456
597,Бета-калибровка,0.0008602845225593366,0.04911182564020466,0.050843838975387384,142789837.37847793,551159608.9182199,6889495111.477749,551159608.9182199
597,Изотоническая регрессия,0.4475142568535604,5.968035968570449e-05,0.05093867024239041,143076732.7087292,525276630.49401176,6565957881.175147,525276630.49401176
597,Логит-калибровка,0.004202208141587071,0.02949435525240071,0.050885396312550624,142906547.0041672,545232322.3411463,6815404029.26433,545232322.3411463
597,Монотонный сплайн,0.3957311104315392,4.057081792699956e-05,0.05093978203361653,143077293.67940736,529095573.1463963,6613694664.329954,529095573.1463963
597,Французский сплайн,0.2754288797753218,0.0005232948204690197,0.05092118464233035,143027648.13427627,528963091.7343087,6612038646.678858,528963091.7343087
598,Бета-калибровка,0.0011273678226087869,0.04641969222448658,0.04886644597399475,137236526.87336683,547275781.5045327,6840947268.80666,547275781.5045328
598,Изотоническая регрессия,0.603822880591804,8.310282858703282e-06,0.048942053155580395,137471346.88213196,521084192.90862423,6513552411.357803,521084192.90862423
598,Логит-калибровка,0.005316501804952977,0.027669933757621185,0.048917143585949556,137378906.04678074,541231477.8562837,6765393473.203545,541231477.8562837
598,Монотонный сплайн,0.5501405370200746,4.204619842515596e-05,0.04902993348250838,137714852.09202287,524814539.8793112,6560181748.49139,524814539.8793112
598,Французский сплайн,0.27542087440209195,0.0004796719091064665,0.04900080749561877,137636307.59979665,524708298.6794793,6558853733.493491,524708298.6794793
599,Бета-калибровка,0.00577483967279999,0.0058524193048735285,0.04869412507205763,136752580.85236666,550038802.7070038,6875485033.837548,550038802.7070038
599,Изотоническая регрессия,0.3722734836655021,9.613651317219944e-06,0.04868322581661164,136742303.38337213,524175496.5057696,6552193706.322121,524175496.5057697
599,Логит-калибровка,0.02155689252338531,0.008202252966924325,0.04881831401932041,137101353.09185946,543901228.2870988,6798765353.588734,543901228.2870988
599,Монотонный сплайн,0.2636681918913866,4.790903001663793e-05,0.048755962682504435,136943855.37501281,527716236.20393217,6596452952.549152,527716236.20393217
599,Французский сплайн,0.1067253455374592,0.0025984316106941567,0.0487190324960464,136842858.59659618,527649003.47642994,6595612543.455374,527649003.47642994
600,Бета-калибровка,0.0022439055724261577,0.054592838479162714,0.04773452509655928,134057640.28117707,546571637.3317211,6832145466.646513,546571637.3317211
600,Изотоническая регрессия,0.44817500756919804,8.652302485297567e-06,0.04785387549469626,134415069.53930497,521028057.19810337,6512850714.976292,521028057.19810337
600,Логит-калибровка,0.006490325238423638,0.0484587654815965,0.047793480671166816,134223211.1169049,540479831.3846486,6755997892.308107,540479831.3846486
600,Монотонный сплайн,0.45202973161268856,4.0263590697602564e-05,0.04796683820251815,134729545.42577147,524441980.4601328,6555524755.751659,524441980.4601328
600,Французский сплайн,0.12593810341559608,0.0023345113223003987,0.0479208950216357,134603253.51066405,524309527.9991822,6553869099.989778,524309527.9991822
601,Бета-калибровка,0.0034070968027272146,0.05442770925333806,0.04822989250112973,135448830.10017276,546782919.5942377,6834786494.927972,546782919.5942377
601,Изотоническая регрессия,0.47587587758374905,0.0022086208067048202,0.04835290948533391,135815719.39861175,521211273.7764088,6515140922.20511,521211273.7764088
601,Логит-калибровка,0.006423329675706279,0.07182935567549723,0.04828435787555536,135601790.65770966,540667180.4440734,6758339755.550917,540667180.4440734
601,Монотонный сплайн,0.23801525418885633,0.008548599701884922,0.048468692128242806,136138055.57074934,524836961.62235,6560462020.279374,524836961.62235
601,Французский сплайн,0.09442849711179174,0.01719306997322448,0.048421200064670655,136007520.37989706,524685612.99380547,6558570162.422568,524685612.99380547
602,Бета-калибровка,0.000878659447722332,0.04794799639397694,0.049352178107217516,138600656.9963097,548955704.1954411,6861946302.443014,548955704.1954411
602,Изотоническая регрессия,0.4923548048922445,1.1316386606519214e-06,0.049355010961878075,138630499.5853384,523232586.54508126,6540407331.813516,523232586.54508126
602,Логит-калибровка,0.004264926429284949,0.028701407648967444,0.049427118037352454,138811118.29610062,542859017.4316792,6785737717.895989,542859017.4316792
602,Монотонный сплайн,0.32140868461069,5.908720355998118e-06,0.0494925988441444,139014213.56138217,526738802.1916491,6584235027.395613,526738802.1916491
602,Французский сплайн,0.12195376729589986,0.0004962832673558515,0.04945681535258921,138916395.35812798,526643237.40053535,6583040467.506693,526643237.40053535
603,Бета-калибровка,0.016631033792510984,0.00518135097406565,0.04899048647319454,137584882.21131957,547956529.0018932,6849456612.523664,547956529.0018932
603,Изотоническая регрессия,0.46696211169541135,1.383208679134462e-08,0.0492352160259563,138292991.08729565,522567582.3513239,6532094779.39155,522567582.3513239
603,Логит-калибровка,0.029983704173880306,0.0024430515884020358,0.049025616590731104,137683541.63340926,541952643.5545132,6774408044.431416,541952643.5545132
603,Монотонный сплайн,0.3609887962794336,7.785662957982491e-08,0.049253965573702596,138343168.56474075,526369764.62960553,6579622057.870069,526369764.62960553
603,Французский сплайн,0.12524741854561455,8.266214437025449e-06,0.04921437377067394,138234484.30292225,526205702.10449195,6577571276.306149,526205702.10449195
604,Бета-калибровка,0.0006041203596728782,0.005817270005627852,0.04923526369756197,138272314.56823304,548240863.5512211,6853010794.390263,548240863.5512211
604,Изотоническая регрессия,0.582728631921467,1.2932642797444845e-06,0.04923171931992625,138282812.1380809,522295701.5086945,6528696268.858681,522295701.5086945
604,Логит-калибровка,0.0027306891438268637,0.008147909537906357,0.04929190104778952,138431374.9026121,542133561.4560924,6776669518.201155,542133561.4560924
604,Монотонный сплайн,0.5244747072372649,6.347271884399783e-06,0.04934586901305905,138600609.84766668,525938626.2093972,6574232827.617465,525938626.2093972
604,Французский сплайн,0.12466840487013763,6.494768124491967e-05,0.04931396745698382,138513774.82094395,525852569.4840038,6573157118.550047,525852569.4840038
605,Бета-калибровка,0.01646937073067524,0.005626850747949827,0.04845410674725037,136078513.38897797,547893226.2627907,6848665328.284883,547893226.2627907
605,Изотоническая регрессия,0.4930717251112223,1.1621500616541348e-07,0.048669836179718456,136703384.32712132,522701785.89120114,6533772323.640015,522701785.89120114
605,Логит-калибровка,0.029912730401743068,0.002678628843271628,0.04851310362056929,136244200.2080068,541815903.3141876,6772698791.427345,541815903.3141876
605,Монотонный сплайн,0.44542053447052476,6.66709833598998e-07,0.04865603991099896,136662360.50497425,526438217.83668387,6580477722.9585495,526438217.83668387
605,Французский сплайн,0.12163613973800523,9.152348272872875e-06,0.04861690109843878,136554752.8870637,526317030.0070087,6578962875.087608,526317030.0070087
606,Бета-калибровка,0.0030039805311816692,0.04780094820971263,0.04901397552587898,137650848.8668785,550174341.7230126,6877179271.537658,550174341.7230126
606,Изотоническая регрессия,0.5589806332470219,8.35920968086549e-06,0.049047347240762415,137766337.19095716,524645984.15810245,6558074801.976281,524645984.1581024
606,Логит-калибровка,0.012321558745355541,0.028603654224145045,0.04910502496685143,137906552.11690557,544144735.2941155,6801809191.176444,544144735.2941155
606,Монотонный сплайн,0.36501786496304645,5.864256511525526e-06,0.04920147631557329,138196382.45205292,528140466.0814297,6601755826.017872,528140466.0814297
606,Французский сплайн,0.1843139323662336,0.0005087688940204611,0.0491594273162228,138081094.3119895,528026149.2684449,6600326865.855562,528026149.2684449
607,Бета-калибровка,0.014553112947382365,0.005733736594819998,0.04864589467175183,136617130.59614787,549862781.0586352,6873284763.232941,549862781.0586352
607,Изотоническая регрессия,0.1725257949726336,1.0672382063661612e-08,0.04870291776441973,136798921.84959638,524550732.49454224,6556884156.181778,524550732.49454224
607,Логит-калибровка,0.02996173473575504,0.002735715170974356,0.04873495534247443,136867248.5838052,543763999.5578958,6797049994.473698,543763999.5578958
607,Монотонный сплайн,0.22558902074764203,5.478820382481575e-08,0.048792507170301654,137047753.0169783,528004084.46538913,6600051055.817364,528004084.46538913
607,Французский сплайн,0.12055330240184309,9.27567094004278e-06,0.048747096139039624,136922984.56818768,527914084.0064424,6598926050.08053,527914084.0064424
608,Бета-калибровка,0.0022517932147098937,0.016756266358816573,0.049107960728921464,137914796.91110304,550548867.9893917,6881860849.867396,550548867.9893917
608,Изотоническая регрессия,0.3826710649600932,9.235096355944301e-06,0.0491456349531763,138041411.60250032,525076758.08080834,6563459476.010105,525076758.08080834
608,Логит-калибровка,0.006528903842692576,0.022817740034442778,0.049208181906887985,138196258.06730422,544540598.9250135,6806757486.56267,544540598.9250135
608,Монотонный сплайн,0.22529692573533355,4.373439984526504e-05,0.04925527765717166,138346831.0239627,528854013.11079496,6610675163.884937,528854013.11079496
608,Французский сплайн,0.10163954389410801,0.0025545288048308963,0.04922131926388293,138253955.6418071,528738473.01888496,6609230912.736062,528738473.018885
609,Бета-калибровка,0.008782144998751176,0.01784537291702633,0.049094446596059195,137876843.82037264,549207050.5372342,6865088131.715427,549207050.5372342
609,Изотоническая регрессия,0.4911845407276053,1.3429210296058938e-07,0.049224017732109236,138260704.59885558,523623026.8416319,6545287835.520399,523623026.8416319
609,Логит-калибровка,0.030119909077676962,0.009564279323875956,0.049155265706479566,138047648.21007723,543168782.484413,6789609781.055162,543168782.484413
609,Монотонный сплайн,0.4770205788665318,6.890097348298941e-07,0.04928115209615125,138418586.86364105,527335938.2719765,6591699228.399705,527335938.2719765
609,Французский сплайн,0.12637456944589026,7.189132985963272e-05,0.04924209425521054,138311405.2626048,527229167.24916726,6590364590.614591,527229167.24916726
610,Бета-калибровка,0.000741274024896814,0.00524142028501348,0.04837818718421077,135865300.88813752,548268690.5700287,6853358632.125358,548268690.5700287
610,Изотоническая регрессия,0.03776137543196754,1.29553269704128e-08,0.04846558403337084,136132034.99931866,522279818.77672803,6528497734.709099,522279818.776728
610,Логит-калибровка,0.0036830211519699296,0.0024744806080152014,0.048471621272340594,136127701.18124133,542156334.3567383,6776954179.45923,542156334.3567383
610,Монотонный сплайн,0.1688266724576103,7.415991266312567e-08,0.048532301358738726,136316592.35908818,526023325.73313665,6575291571.664208,526023325.73313665
610,Французский сплайн,0.02654528374894167,8.274030539812963e-06,0.04849447059565781,136213069.3790958,525935578.2246953,6574194727.808691,525935578.2246953
611,Бета-калибровка,0.0019252157952644106,0.023686314116273983,0.04879039331865866,137022940.596121,549064094.3321506,6863301179.151882,549064094.3321506
611,Изотоническая регрессия,0.635526716241148,0.0019799175348494086,0.04881532062027387,137113158.82997712,523508572.4357282,6543857155.446602,523508572.4357282
611,Логит-калибровка,0.008433790366513491,0.022729615818805938,0.04885729004464771,137210813.36138862,543040725.7590444,6788009071.988054,543040725.7590444
611,Монотонный сплайн,0.5452248504016761,0.00802519772411672,0.04892411016396748,137415862.3615449,527358746.81118083,6591984335.139759,527358746.81118083
611,Французский сплайн,0.18189894613855412,0.018407125148874146,0.04889426516718181,137334825.56598777,527233592.17263126,6590419902.15789,527233592.17263126
612,Бета-калибровка,0.002364259749368258,0.07390241750074558,0.048905739039554426,137346877.51868463,549559708.8437601,6869496360.547003,549559708.8437601
612,Изотоническая регрессия,0.721825755830437,0.00038267612971829403,0.04897843675224365,137572689.37500107,523816753.21951556,6547709415.243946,523816753.2195156
612,Логит-калибровка,0.006416404216117931,0.10379074275837882,0.04898237373239809,137562098.3900668,543578626.6325371,6794732832.906714,543578626.6325371
612,Монотонный сплайн,0.7321844437870677,0.0016578894416839837,0.049059046986215715,137796187.40519476,527474345.1204754,6593429314.005941,527474345.1204754
612,Французский сплайн,0.27540131882871755,0.017203912872023466,0.04902869599605596,137713812.2606101,527365003.9354923,6592062549.193655,527365003.93549234
613,Бета-калибровка,0.0014402908924747288,0.03651665678940998,0.05002682272219361,140495328.93300855,551271851.4047002,6890898142.558752,551271851.4047002
613,Изотоническая регрессия,0.5119633763461215,6.0473049081062594e-05,0.05014084169083024,140835871.80452764,525743758.0407479,6571796975.509349,525743758.0407479
613,Логит-калибровка,0.006566667921229961,0.0290478896119667,0.05009956525199493,140699619.05370256,545325737.3065853,6816571716.332315,545325737.3065853
613,Монотонный сплайн,0.1041008969436382,0.0002708467950003585,0.05015087139936915,140861184.57035258,529554250.7402899,6619428134.253623,529554250.74028987
613,Французский сплайн,0.3750721046637595,0.003372944457659488,0.050126155832678446,140794532.40400463,529398801.1176821,6617485013.971026,529398801.1176821
614,Бета-калибровка,0.007004735282431746,0.054793629348651327,0.04896289593564157,137507396.94565582,547724957.1137909,6846561963.922386,547724957.1137909
614,Изотоническая регрессия,0.5632076582965267,5.821813198089768e-05,0.04902633908137512,137706261.47613388,522050062.97897565,6525625787.237196,522050062.97897565
614,Логит-калибровка,0.02525116126091869,0.07064050937052668,0.04898479172663796,137568889.08509004,541746739.6930063,6771834246.162578,541746739.6930063
614,Монотонный сплайн,0.19681677482562243,0.00026957780854973667,0.049120242644351206,137966807.12299412,525917992.5627107,6573974907.033883,525917992.5627107
614,Французский сплайн,0.13341846541469932,0.003346346710541606,0.04909375413912855,137895358.00394976,525765596.20290375,6572069952.536297,525765596.20290375
615,Бета-калибровка,0.011390339326601589,0.01672314152946735,0.049187642787131176,138138576.0033792,549644716.8482752,6870558960.60344,549644716.8482753
615,Изотоническая регрессия,0.5258867260857953,1.4048678926184264e-07,0.04925235353218433,138341000.45978647,524157377.6659634,6551967220.824543,524157377.6659634
615,Логит-калибровка,0.03019655391999251,0.008891545696954517,0.04925756868743477,138334955.9017918,543647662.6606097,6795595783.257622,543647662.6606097
615,Монотонный сплайн,0.3406870391889512,7.772425273406845e-07,0.049335715174677636,138572178.0558089,527664033.20488095,6595800415.061012,527664033.20488095
615,Французский сплайн,0.31932277566280054,6.69937732087917e-05,0.049306994207850376,138494453.4924165,527576854.9817528,6594710687.27191,527576854.9817528
616,Бета-калибровка,0.0009455087074501543,0.01662091686567992,0.04892937812204824,137413265.51796028,547407850.4821024,6842598131.026279,547407850.4821024
616,Изотоническая регрессия,0.21195133852272524,1.2632948011064337e-07,0.049037981836205974,137740513.78880087,521413773.8907943,6517672173.634928,521413773.8907943
616,Логит-калибровка,0.004041693307217773,0.008831807604867958,0.048974701248730504,137540550.98693478,541325894.7042654,6766573683.803316,541325894.7042654
616,Монотонный сплайн,0.18161555703606655,6.445887363997833e-07,0.04916680875815035,138099468.20486856,525002205.5857017,6562527569.821271,525002205.5857017
616,Французский сплайн,0.10011371478578344,6.749757569951135e-05,0.049121307673510334,137974333.17303008,524895293.88361835,6561191173.545229,524895293.88361835
617,Бета-калибровка,0.0033974841590468517,0.1131704467566748,0.049897222572241225,140131359.87188226,550733979.4152566,6884174742.690706,550733979.4152565
617,Изотоническая регрессия,0.4479907820309504,5.643138422695532e-05,0.05004297415087758,140561977.40532458,525439731.8476374,6567996648.095468,525439731.8476374
617,Логит-калибровка,0.0064206201286857185,0.08207606607179435,0.04995651077580373,140297864.86276722,544813020.3929178,6810162754.911472,544813020.3929178
617,Монотонный сплайн,0.5487550427953822,4.044834078011379e-05,0.05004196662233482,140556355.3726096,529264784.6270908,6615809807.838635,529264784.6270908
617,Французский сплайн,0.12037474239825287,0.003302473344439958,0.050014057576852504,140480755.69308656,529090540.9148771,6613631761.435964,529090540.9148771
618,Бета-калибровка,0.007747162363360522,0.005553918648455115,0.04934771544719945,138588124.06191492,549832596.7817918,6872907459.772397,549832596.7817918
618,Изотоническая регрессия,0.18930751560001186,1.020827168401592e-06,0.0494736734275634,138962076.85396904,524590771.22993696,6557384640.374211,524590771.22993696
618,Логит-калибровка,0.02753427453456514,0.0026399148313900767,0.04940674172159123,138753893.4509168,543866264.6466955,6798328308.083694,543866264.6466956
618,Монотонный сплайн,0.22723544515744543,5.107006740345477e-06,0.04951896870682947,139086302.15222108,528196654.92889637,6602458186.611205,528196654.92889637
618,Французский сплайн,0.11406708555091824,9.071655368134117e-06,0.04948878909453413,139004438.647308,528030610.57808256,6600382632.226031,528030610.57808256
619,Бета-калибровка,0.016574875438617458,0.04918250917726319,0.04895272112550358,137478822.00886422,548849811.7189901,6860622646.487375,548849811.7189901
619,Изотоническая регрессия,0.3864835153065818,7.774124527816238e-06,0.04912091546356524,137972946.1878766,522985415.0491725,6537317688.114656,522985415.0491725
619,Логит-калибровка,0.02995730824768427,0.029542813830063134,0.049010145154111354,137640091.65080637,542882540.9693203,6786031762.116503,542882540.9693203
619,Монотонный сплайн,0.47867432553681094,5.201343101093001e-06,0.04913999654786635,138023566.86768737,526748997.73387855,6584362471.673481,526748997.7338785
619,Французский сплайн,0.12122397011426031,0.0005285977038936121,0.04910533569340944,137929156.1363855,526601997.0060582,6582524962.575727,526601997.0060582
620,Бета-калибровка,0.0059456506599565185,0.005287615237662102,0.04979701237717546,139849929.56005955,549717884.1542125,6871473551.927656,549717884.1542125
620,Изотоническая регрессия,0.493082435075799,1.2126837001335984e-08,0.05000174678025238,140447031.6576608,524212463.34001267,6552655791.750158,524212463.34001267
620,Логит-калибровка,0.022034240742391582,0.002498990417289818,0.04984125732792732,139974187.07975107,543779254.4888866,6797240681.111082,543779254.4888866
620,Монотонный сплайн,0.46247541404162623,7.111510385769662e-08,0.0500138508941504,140477944.67184007,527991846.58555186,6599898082.319398,527991846.58555186
620,Французский сплайн,0.1184532209502142,8.406720028234515e-06,0.04998148016661689,140389979.46479762,527803480.58134437,6597543507.266805,527803480.58134437
621,Бета-калибровка,0.0008582600545609801,0.017755017300615024,0.049985001323950805,140377877.71818346,550457807.9953458,6880722599.941822,550457807.9953458
621,Изотоническая регрессия,0.4890559300565994,9.854450429796648e-08,0.0501515242149535,140866709.80527544,525411511.84798187,6567643898.099773,525411511.84798187
621,Логит-калибровка,0.0041957992012633255,0.009513788423517158,0.05001455814618587,140460885.09774843,544581610.7116979,6807270133.896224,544581610.7116979
621,Монотонный сплайн,0.6467872685372049,5.397655159273569e-07,0.05019747237969879,140992481.16408828,529371513.23310024,6617143915.4137535,529371513.2331003
621,Французский сплайн,0.4123813241410492,7.717106885759043e-05,0.05016659049601662,140908983.95428616,529107729.13116586,6613846614.139573,529107729.1311658
622,Бета-калибровка,0.010239387825881682,0.004954264564062595,0.04926246920386502,138348718.5121345,549390538.9542696,6867381736.9283695,549390538.9542696
622,Изотоническая регрессия,0.17272018143163614,1.5639815489392998e-07,0.049347749453568436,138609986.76540163,523224923.4862088,6540311543.57761,523224923.4862088
622,Логит-калибровка,0.030036803627656254,0.0023233322297505563,0.04933449926494843,138551007.73568118,543392954.023866,6792411925.298326,543392954.023866
622,Монотонный сплайн,0.2747665891502492,7.969102293058283e-07,0.04943925164070317,138864063.4181604,526924587.3717437,6586557342.146795,526924587.3717437
622,Французский сплайн,0.6335987099624382,7.354663821962702e-06,0.0494068844715572,138776012.87694865,526828845.3678577,6585360567.098221,526828845.3678577
623,Бета-калибровка,0.00223765445015348,0.05467742565508651,0.04864431943079887,136612706.68945557,548726318.630197,6859078982.877462,548726318.630197
623,Изотоническая регрессия,0.37591251669620546,6.218138215685051e-05,0.04875785485127699,136952130.76432627,523220485.53454095,6540256069.181762,523220485.53454095
623,Логит-калибровка,0.006437679580985171,0.07237406488182505,0.048709789425933174,136796572.6237907,542707610.8573269,6783845135.716585,542707610.8573267
623,Монотонный сплайн,0.3093286045057418,0.0002879694226618126,0.048878305569907125,137287463.51742402,526833970.4457674,6585424630.572092,526833970.4457674
623,Французский сплайн,0.27541590843258507,0.003288406384832454,0.04883588687030339,137171158.2506187,526728650.3950866,6584108129.938582,526728650.3950866
624,Бета-калибровка,0.00022721792920046415,0.05497386744627687,0.0500292877327336,140502251.66860908,550558305.9636852,6881978824.546064,550558305.9636852
624,Изотоническая регрессия,0.5163945505398804,5.330869794820156e-05,0.050201385452183014,141007577.3039108,524936636.8164539,6561707960.205673,524936636.8164539
624,Логит-калибровка,0.0011594527905022765,0.07286208497035102,0.05008055455797625,140646229.42062047,544601899.3086629,6807523741.358287,544601899.3086629
624,Монотонный сплайн,0.32174866445131944,0.0002467478326100021,0.05013781789208767,140826553.80012095,528644196.10061365,6608052451.25767,528644196.10061365
624,Французский сплайн,0.12064521571006966,0.003364341228694899,0.050115926027066306,140767513.05907214,528508856.56279,6606360707.034875,528508856.56279
625,Бета-калибровка,0.002969787931422275,0.09946007899535639,0.048933029062525106,137423518.8191955,550944286.4909344,6886803581.136679,550944286.4909344
625,Изотоническая регрессия,0.7665356186097191,5.668517165988982e-05,0.048933895165678545,137445326.38329163,526033851.41188055,6575423142.648507,526033851.41188055
625,Логит-калибровка,0.012237777771080394,0.0645720665290729,0.04902852502903849,137691709.69155174,544986719.8305595,6812333997.881994,544986719.8305595
625,Монотонный сплайн,0.37462482844739653,3.8455241592039394e-05,0.049060657721636085,137799013.77972978,529596711.10768443,6619958888.846056,529596711.10768443
625,Французский сплайн,0.2652703001464325,0.0028457865777748556,0.04903129382674935,137718867.67671892,529472787.7354617,6618409846.693271,529472787.7354617
626,Бета-калибровка,0.005244643804426169,0.01668907156587726,0.04977888619506963,139799023.99023354,549835013.1608441,6872937664.51055,549835013.1608441
626,Изотоническая регрессия,0.5346987749799124,1.2196434762430822e-06,0.04983664146902305,139982871.50160435,524133551.8084843,6551669397.606054,524133551.8084843
626,Логит-калибровка,0.01981573881253132,0.008871309072928903,0.049822944422530234,139922757.11623394,543898450.3793472,6798730629.741841,543898450.3793473
626,Монотонный сплайн,0.5675384183748791,5.909403143009945e-06,0.04993302915830728,140250869.3896747,527890781.32482296,6598634766.5602865,527890781.32482296
626,Французский сплайн,0.3226325863801363,6.586479565081978e-05,0.04990947977151952,140187355.66153017,527756684.59585226,6596958557.4481535,527756684.59585226
627,Бета-калибровка,5.5281114713484535e-05,0.005097433772584031,0.04885228893897813,137196768.25622618,548321899.9750273,6854023749.687841,548321899.9750273
627,Изотоническая регрессия,0.25565392608511256,1.059315071424889e-06,0.04890651226131978,137371653.43469048,522542148.4668314,6531776855.835392,522542148.46683145
627,Логит-калибровка,0.00033265157006178033,0.0023989306415003607,0.04893341397465901,137424599.80643237,542221852.3435512,6777773154.29439,542221852.3435512
627,Монотонный сплайн,0.24909345937096733,5.515347084953265e-06,0.04893941595912181,137460833.48892593,526272706.80374014,6578408835.046752,526272706.80374014
627,Французский сплайн,0.13291745864531312,7.881147179642017e-06,0.048913275098027904,137390570.51811355,526114285.15206504,6576428564.400813,526114285.15206504
628,Бета-калибровка,0.0007187946369173827,0.035415599141568714,0.049259267053073943,138339725.59185287,548810006.1559134,6860125076.948916,548810006.1559134
628,Изотоническая регрессия,0.322568395175999,1.2572146673600305e-06,0.04930300032817612,138482997.72164983,522682071.8183953,6533525897.729941,522682071.8183953
628,Логит-калибровка,0.0031714413520129805,0.028265802612507804,0.04932474694845015,138523619.3300274,542759080.7190862,6784488508.988577,542759080.7190862
628,Монотонный сплайн,0.35166498074729535,6.306479968238725e-06,0.049373093992565835,138677652.9785046,526338541.08873904,6579231763.609238,526338541.08873904
628,Французский сплайн,0.22325802277769952,0.0004837243945434595,0.0493444875714472,138599639.44683877,526286288.4524497,6578578605.655621,526286288.4524497
629,Бета-калибровка,0.01027619952646195,0.00548113146290281,0.049521926019354956,139077377.03275648,550210139.399386,6877626742.492327,550210139.399386
629,Изотоническая регрессия,0.6626968578931167,1.1346977490458875e-08,0.049667337023728435,139506320.49743894,524829421.0599543,6560367763.24943,524829421.0599543
629,Логит-калибровка,0.029915815453117035,0.002601732954952927,0.04958248646416188,139247454.98595226,544259283.112664,6803241038.9083,544259283.112664
629,Монотонный сплайн,0.5454439519994059,6.697425458772905e-08,0.049704814735692854,139608915.91138193,528471148.1897974,6605889352.372467,528471148.1897974
629,Французский сплайн,0.32165004121384805,8.907612523393017e-06,0.04967178650261044,139518834.6334303,528325174.9239614,6604064686.549519,528325174.9239614
630,Бета-калибровка,0.0023768706053456565,0.005468774662367894,0.04849629956120657,136197007.68769252,548702415.5316942,6858780194.146175,548702415.5316942
630,Изотоническая регрессия,0.5776080656772082,1.013815601544763e-07,0.04861112905480419,136541022.83751208,523571473.0219709,6544643412.774635,523571473.0219709
630,Логит-калибровка,0.010071249833271363,0.002595213111713078,0.04856115810693251,136379156.4275093,542691067.6721206,6783638345.901506,542691067.6721206
630,Монотонный сплайн,0.547227011929855,5.844286567188788e-07,0.048678642820504124,136727387.8052867,527152194.9117743,6589402436.397178,527152194.9117743
630,Французский сплайн,0.3154811063658057,8.97698163190607e-06,0.04864505345794865,136636236.48013303,526988306.9056003,6587353836.3200035,526988306.9056003
631,Бета-калибровка,0.0022376483014516224,0.046220862359810724,0.04800316992220142,134812102.4095105,546574246.6117568,6832178082.64696,546574246.6117568
631,Изотоническая регрессия,0.4405036137699303,1.3247176598243778e-06,0.04797690104386795,134759737.29159874,520045529.89247245,6500569123.655905,520045529.89247245
631,Логит-калибровка,0.006435552952203934,0.02753114798964211,0.04809232216735197,135062477.5747913,540393184.1208067,6754914801.510084,540393184.1208067
631,Монотонный сплайн,0.27657506363112894,6.528356741664126e-06,0.04807874642820364,135042945.4997614,523638860.30203146,6545485753.7753935,523638860.30203146
631,Французский сплайн,0.1175887385536976,0.0004614769221204924,0.04805154690789408,134969369.35186514,523608449.81593335,6545105622.699167,523608449.81593335
632,Бета-калибровка,0.002237719277371135,0.016820858212737613,0.04955507146734767,139170462.7088992,550613961.6282966,6882674520.353708,550613961.6282966
632,Изотоническая регрессия,0.38333141816525923,1.2361939022942285e-07,0.04958168047861507,139265643.05614257,524794470.84871864,6559930885.608982,524794470.84871864
632,Логит-калибровка,0.00644063957757735,0.009256410978916193,0.04963056436617719,139382476.96597207,544622446.7387571,6807780584.234465,544622446.7387571
632,Монотонный сплайн,0.17891141481646838,7.078591573418098e-07,0.04962889054780765,139395268.99285063,528549335.2318077,6606866690.397596,528549335.2318077
632,Французский сплайн,0.0961401964964768,7.08747890353236e-05,0.04960666456347201,139335823.50233793,528429076.16310453,6605363452.038807,528429076.16310453
633,Бета-калибровка,0.001752910654388299,0.016721890783661337,0.0485363770171909,136309561.21507895,547970729.5342771,6849634119.178463,547970729.5342771
633,Изотоническая регрессия,0.5606309910593381,1.2465502176092303e-06,0.04861623430311986,136554284.01688182,521741053.812607,6521763172.657586,521741053.812607
633,Логит-калибровка,0.007754418428398448,0.008890410977528882,0.04862050975338245,136545839.5913993,541849048.9223082,6773113111.528853,541849048.9223082
633,Монотонный сплайн,0.3236985429773973,6.18903321457125e-06,0.048675690199166184,136718304.04899895,525494104.1652145,6568676302.06518,525494104.1652145
633,Французский сплайн,0.24374743962942413,6.603446598470762e-05,0.048639749009905836,136620241.31999308,525408853.7223023,6567610671.528779,525408853.7223023
634,Бета-калибровка,0.004846795383233014,0.05454398207169482,0.04951486416760841,139057544.5283115,549009483.8930444,6862618548.663055,549009483.8930444
634,Изотоническая регрессия,0.5609480653808284,0.0004144311050612505,0.04964458176023254,139443132.21543705,523258560.9391227,6540732011.739033,523258560.9391227
634,Логит-калибровка,0.01844862890056742,0.04896506779467294,0.04956848422392018,139208131.09445742,542991046.468569,6787388080.857113,542991046.468569
634,Монотонный сплайн,0.3661768403926594,0.00030200778462144445,0.049706710506620344,139614612.88886026,526901340.9128417,6586266761.410521,526901340.9128417
634,Французский сплайн,0.24379432255630856,0.016921756829760347,0.04967294334282762,139522776.46141022,526772616.10363305,6584657701.295413,526772616.10363305
635,Бета-калибровка,0.016345798146534737,0.005797272715889214,0.048453101209729725,136075689.43740496,549939461.9673353,6874243274.591692,549939461.9673352
635,Изотоническая регрессия,0.49094882474731205,1.0227307044030807e-08,0.04856627968716636,136414469.87343803,524943312.26121104,6561791403.265139,524943312.26121104
635,Логит-калибровка,0.02987186921966605,0.002769538749639963,0.04854108576574096,136322785.2645069,543948217.7701757,6799352722.127195,543948217.7701757
635,Монотонный сплайн,0.46908426063605013,5.6845072984990415e-08,0.04860297125776949,136514892.58896282,528548199.28429717,6606852491.053715,528548199.28429717
635,Французский сплайн,0.4419063125945917,9.377217902126583e-06,0.04856812988450748,136419705.47485262,528389425.4792952,6604867818.49119,528389425.4792952
636,Бета-калибровка,0.004576327632319888,0.005366021277957521,0.04846070299939406,136097038.3034983,547620274.413965,6845253430.174562,547620274.413965
636,Изотоническая регрессия,0.34510581700242704,1.2369755298786582e-06,0.048590531660321415,136481622.31484663,521713026.58470356,6521412832.308794,521713026.58470356
636,Логит-калибровка,0.017635086668045686,0.0025398886174407428,0.048520201579555805,136264134.11602452,541546420.7234411,6769330259.043015,541546420.7234411
636,Монотонный сплайн,0.3688176700768876,6.189881204140791e-06,0.04863588697646568,136606117.7754503,525437892.6179978,6567973657.724973,525437892.6179979
636,Французский сплайн,0.11713170636364073,8.191732671006708e-06,0.04860082244662371,136510362.41854805,525338764.82120746,6566734560.265093,525338764.82120746
637,Бета-калибровка,0.009927099792825366,0.005165164875220244,0.048846880564588045,137181579.3775891,547807812.0510845,6847597650.638557,547807812.0510845
637,Изотоническая регрессия,0.4928323176498317,1.3986266262558762e-08,0.04897385582493136,137559465.49873728,522217459.1430138,6527718239.287672,522217459.1430138
637,Логит-калибровка,0.029928744992709276,0.002434282466312672,0.048883335617065794,137283959.74696758,541752983.398905,6771912292.486311,541752983.398905
637,Монотонный сплайн,0.3670658370822979,7.88632689965817e-08,0.04906502929949651,137812829.69084793,525756797.7227808,6571959971.5347595,525756797.7227808
637,Французский сплайн,0.18465771712622223,8.135710304830484e-06,0.049021202364240235,137692428.18639278,525658381.17911994,6570729764.738999,525658381.17911994
638,Бета-калибровка,0.0002833658528529517,0.04640598396652746,0.04907228104900287,137814594.09801963,547966533.5998893,6849581669.998617,547966533.5998893
638,Изотоническая регрессия,0.4037302509329545,1.1798000288398037e-06,0.04915180684409466,138059581.94095546,522002081.7904755,6525026022.380943,522002081.7904755
638,Логит-калибровка,0.0008960143226285451,0.027657820672764545,0.04912373259298021,137959090.61412564,541935964.969917,6774199562.123964,541935964.969917
638,Монотонный сплайн,0.3364119615764686,6.475281056603651e-06,0.049206723632109914,138210734.18860662,525664115.93763816,6570801449.220477,525664115.9376382
638,Французский сплайн,0.08921420454335824,0.0004742607855032178,0.04918335106963767,138148147.82209563,525550871.720472,6569385896.5059,525550871.720472
639,Бета-калибровка,0.002237688768174274,0.04663181397323822,0.04981065840265076,139888253.05800444,549800817.6685336,6872510220.85667,549800817.6685336
639,Изотоническая регрессия,0.25172576555621684,1.2037477077175972e-06,0.04990094203691812,140163572.81648082,523702098.16019785,6546276227.002473,523702098.16019785
639,Логит-калибровка,0.006439610387946038,0.027810394656334732,0.04987101540149283,140057759.65355247,543824119.1609304,6797801489.511629,543824119.1609304
639,Монотонный сплайн,0.18759041510258,6.202707610494296e-06,0.049963785769667486,140337249.80786002,527393131.73180115,6592414146.647514,527393131.73180115
639,Французский сплайн,0.24563049578273644,0.00047717002579930254,0.04993731685825123,140265757.3186469,527284377.0848625,6591054713.560781,527284377.0848625
640,Бета-калибровка,0.0009561458806000224,0.005271574767724478,0.0490896705369048,137863430.73584342,547336458.7630243,6841705734.537804,547336458.7630243
640,Изотоническая регрессия,0.28612353479327235,1.4442424123834874e-07,0.049268171278954,138385423.01981443,521519154.78796583,6518989434.849572,521519154.7879659
640,Логит-калибровка,0.004613143986010921,0.002490149437292417,0.04912493880744135,137962478.14681828,541264127.189126,6765801589.864075,541264127.189126
640,Монотонный сплайн,0.07797231796250398,7.291226800241807e-07,0.04928618620260858,138433011.67333406,525268988.9631304,6565862362.039129,525268988.9631304
640,Французский сплайн,0.06635151595735828,8.022600226830156e-06,0.049250955839142276,138336931.11923683,525139109.7047488,6564238871.3093605,525139109.7047488
641,Бета-калибровка,0.0034335193899266395,0.017402656184394613,0.04893132006924051,137418719.2824551,549362468.1578562,6867030851.973204,549362468.1578562
641,Изотоническая регрессия,0.4092004239761141,1.3754939085367498e-07,0.04901895082963929,137685512.309959,523845498.71935046,6548068733.99188,523845498.71935046
641,Логит-калибровка,0.006432215828664592,0.009298000161237966,0.04902165708984632,137672421.77112442,543310507.780963,6791381347.262037,543310507.780963
641,Монотонный сплайн,0.32376739493016526,7.004161918187839e-07,0.049098855629466975,137906916.43187672,527352831.6586566,6591910395.733208,527352831.6586566
641,Французский сплайн,0.12396625325788706,7.001749668663676e-05,0.04906483812985237,137814276.4858046,527235239.0694448,6590440488.36806,527235239.0694448
642,Бета-калибровка,0.010315103447585723,0.08722728315001797,0.04925253892427366,138320830.31493014,550532705.78502,6881658822.31275,550532705.78502
642,Изотоническая регрессия,0.26931763230396977,0.00037950764461183376,0.04933892566010418,138584010.02383658,525222665.8015654,6565283322.519568,525222665.80156547
642,Логит-калибровка,0.02996276714374707,0.05248616054351606,0.04931702871757052,138501943.45042503,544616121.1431699,6807701514.289623,544616121.1431699
642,Монотонный сплайн,0.26452047754548014,0.0016152722913946604,0.049438947704707976,138862353.00763574,528915335.83599764,6611441697.949969,528915335.83599764
642,Французский сплайн,0.12179916206612908,0.01783778593633895,0.049404477526406046,138768097.83471137,528778046.14243823,6609725576.780478,528778046.14243823
643,Бета-калибровка,0.011383398151462314,0.005196449883766415,0.04984511884302441,139985031.75874975,549694523.2332888,6871181540.416108,549694523.2332888
643,Изотоническая регрессия,0.4909399893854566,1.536714259151791e-08,0.049934304553749774,140256311.30875093,523845031.7155019,6548062896.443773,523845031.7155019
643,Логит-калибровка,0.030144345887631346,0.002450806421146901,0.049884047879365,140094360.06440866,543741165.2221873,6796764565.27734,543741165.2221873
643,Монотонный сплайн,0.47607743204199343,7.782133751233833e-08,0.049977967117559176,140376316.57082447,527479195.671317,6593489945.891462,527479195.671317
643,Французский сплайн,0.1248658030008545,8.016067920183525e-06,0.049952479395391776,140307341.53860632,527381917.0157721,6592273962.697152,527381917.0157721
644,Бета-калибровка,0.016452406592247774,0.005205916241856257,0.04918511956325436,138131489.78144354,549436106.5026897,6867951331.283622,549436106.5026897
644,Изотоническая регрессия,0.503771676427214,1.5238687176479203e-08,0.04931100159685665,138505348.8846122,523895738.4905598,6548696731.131997,523895738.4905598
644,Логит-калибровка,0.029906450891434525,0.002455314205320034,0.049228587030917585,138253563.81762895,543493092.5559282,6793663656.949103,543493092.5559282
644,Монотонный сплайн,0.39988959027581006,8.663935290742427e-08,0.04941353792589541,138790397.425242,527385756.4250169,6592321955.312712,527385756.4250169
644,Французский сплайн,0.3207089044635545,7.799608638010357e-06,0.04937090713164706,138673584.0933735,527280429.90040135,6591005373.755016,527280429.90040135
645,Бета-калибровка,0.011374537170159831,0.05475756250487869,0.04914972372234811,138032084.10184243,549823389.9039931,6872792373.799912,549823389.9039931
645,Изотоническая регрессия,0.33332608216611714,5.2723422940436433e-05,0.04930968866476148,138502618.44611615,524669883.8229252,6558373547.786566,524669883.8229252
645,Логит-калибровка,0.03001231732283964,0.06247010042895086,0.04921957767405577,138228261.93981826,543852138.30934,6798151728.866751,543852138.30934
645,Монотонный сплайн,0.4404079087009068,3.905418135947093e-05,0.049368084996906765,138663742.98659825,528351125.39608663,6604389067.451083,528351125.39608663
645,Французский сплайн,0.12350331387996144,0.002449687540564776,0.04932604204903506,138548480.65645587,528180954.89961886,6602261936.245236,528180954.89961886
646,Бета-калибровка,0.0011077712247672712,0.1969269687320374,0.049906977580131205,140158755.8360405,550867870.9506927,6885848386.883659,550867870.9506927
646,Изотоническая регрессия,0.18961485519855065,5.6157577440540145e-05,0.05004244162707182,140560362.26546848,525470619.20683396,6568382740.085424,525470619.20683396
646,Логит-калибровка,0.005225265106674943,0.08358754824588177,0.04996632381881407,140325423.81275743,544907786.0319054,6811347325.398815,544907786.0319054
646,Монотонный сплайн,0.23148665400289337,3.888592871933051e-05,0.05010489030938676,140733199.24736664,529055797.90458524,6613197473.807316,529055797.90458524
646,Французский сплайн,0.13303616846937655,0.0033503119939279446,0.05006680983021328,140628837.1036666,528922771.0957124,6611534638.696405,528922771.0957124
647,Бета-калибровка,0.0003757907772068068,0.017757917910331537,0.04925761779588233,138335093.81795594,549941001.0415401,6874262513.019252,549941001.0415401
647,Изотоническая регрессия,0.4608421663275147,6.6884526832796284e-06,0.04940856494639643,138780780.99545974,524386890.161066,6554836127.013325,524386890.161066
647,Логит-калибровка,0.0020475334917684804,0.009515094237968258,0.049314474437104544,138494770.0091644,543994121.8129452,6799926522.661816,543994121.8129452
647,Монотонный сплайн,0.5398836560209084,3.536157296918047e-05,0.04951107591858468,139065569.3158744,528145190.3887628,6601814879.859534,528145190.3887628
647,Французский сплайн,0.3134536522467136,7.648449764251904e-05,0.04946797255109765,138947528.04342583,528004608.73010844,6600057609.126355,528004608.73010844
648,Бета-калибровка,0.0011912044902832979,0.047615598645309246,0.0487778819744411,136987803.73702037,547730937.967764,6846636724.59705,547730937.967764
648,Изотоническая регрессия,0.4695578742527077,9.104771310354958e-06,0.04888289470069244,137304010.27742463,521650445.09129643,6520630563.641205,521650445.09129643
648,Логит-калибровка,0.0049581685306617496,0.028474843073257435,0.04882994064696553,137134005.312938,541669578.7573177,6770869734.466471,541669578.7573177
648,Монотонный сплайн,0.42230796110992774,4.557203812523926e-05,0.04899373345926592,137612133.32703212,525273436.4750743,6565917955.938428,525273436.4750743
648,Французский сплайн,0.37319193401390516,0.00048799063933894295,0.04895366032240276,137502595.86213708,525194752.979926,6564934412.249075,525194752.979926
649,Бета-калибровка,0.0007245008481719983,0.017256184070346237,0.04951520880417128,139058512.40563464,549775509.1632477,6872193864.540596,549775509.1632477
649,Изотоническая регрессия,0.6354300590702214,1.1392925648877256e-06,0.04956345809428634,139215543.71199375,523835732.03999555,6547946650.499944,523835732.03999555
649,Логит-калибровка,0.003627405085757568,0.009209978325852824,0.04959222019903515,139274791.2069703,543750495.468519,6796881193.356487,543750495.468519
649,Монотонный сплайн,0.25158333906224783,7.119359212143177e-07,0.04957002871257561,139230753.2038023,527421351.49221003,6592766893.652626,527421351.49221003
649,Французский сплайн,0.17219950420286978,6.875266996277908e-05,0.04955902838252553,139202967.91449517,527327206.7946667,6591590084.933334,527327206.7946667
650,Бета-калибровка,0.00405881228271311,0.019227982704986102,0.048840951305667256,137164927.64683592,549063751.0496653,6863296888.120817,549063751.0496653
650,Изотоническая регрессия,0.7285130957261139,1.0815098601876217e-07,0.048915556275038234,137394541.0428174,524309664.7923755,6553870809.904694,524309664.7923755
650,Логит-калибровка,0.015906417244128442,0.01040218880924189,0.048900609117218254,137332470.64479575,543014170.9950061,6787677137.437575,543014170.9950061
650,Монотонный сплайн,0.5492914806140422,5.564899027357739e-07,0.049097123268813186,137901803.87795392,527789520.72520053,6597369009.065006,527789520.72520053
650,Французский сплайн,0.32546442254707036,8.03551835479227e-05,0.0490485894781759,137768175.46867234,527607001.52595377,6595087519.074422,527607001.5259537
651,Бета-калибровка,0.0014328992921513913,0.0053761126237863305,0.04905285640454539,137760041.9265253,547789401.322231,6847367516.52789,547789401.322231
651,Изотоническая регрессия,0.45671941789118,1.1323035848216031e-07,0.049169725690286686,138109666.02860117,522440560.05921835,6530507000.74023,522440560.05921835
651,Логит-калибровка,0.006491718979355275,0.0025456949920847935,0.04908317908202158,137845200.1339494,541746048.9330103,6771825611.662629,541746048.9330103
651,Монотонный сплайн,0.365414294322548,6.476929180007166e-07,0.049182530112497576,138142297.67631513,526051981.40784883,6575649767.59811,526051981.40784883
651,Французский сплайн,0.1383490460253476,8.64234693841337e-06,0.0491591117384501,138079715.9384901,525885615.6160482,6573570195.200603,525885615.6160482
652,Бета-калибровка,0.0007516329847578725,0.016936799926917046,0.049926112348745375,140212493.92021656,549026540.9293324,6862831761.616654,549026540.9293323
652,Изотоническая регрессия,0.5506053183940451,8.626069809153148e-06,0.05008071556929267,140667850.80480155,522863339.7108004,6535791746.385005,522863339.7108004
652,Логит-калибровка,0.0037343222218199756,0.009020100200707462,0.0499587003185979,140304013.9747504,543012352.6541464,6787654408.17683,543012352.6541464
652,Монотонный сплайн,0.5330391690318564,4.1834588625568155e-05,0.05007950567702425,140661954.52091223,526667457.97371733,6583343224.671467,526667457.97371733
652,Французский сплайн,0.12257859455247948,6.846791325162193e-05,0.050052642818859835,140589025.9343729,526562061.42972064,6582025767.871508,526562061.42972064
653,Бета-калибровка,0.01310789585634681,0.016756095577249268,0.048376017288726154,135859206.95365852,549943467.1859967,6874293339.824958,549943467.1859967
653,Изотоническая регрессия,0.49369193768330216,9.87196356395308e-07,0.048387669506979945,135912980.6434025,524643512.198323,6558043902.479037,524643512.198323
653,Логит-калибровка,0.029870945454407764,0.009436714871648011,0.04848778443990907,136173093.82104063,543911929.152337,6798899114.404211,543911929.152337
653,Монотонный сплайн,0.4806540759399195,5.098331458153627e-06,0.04848845842263505,136193447.79123795,528276117.89387107,6603451473.6733885,528276117.89387107
653,Французский сплайн,0.11930211784805714,7.378714764142308e-05,0.048456045971335425,136105118.72637644,528165086.93214625,6602063586.651829,528165086.93214625
654,Бета-калибровка,0.005225727033878607,0.0010806091932392561,0.048802603878136966,137057232.73135987,548732922.4666708,6859161530.833385,548732922.4666708
654,Изотоническая регрессия,0.5555578830325862,6.163784202261932e-05,0.04878469417296683,137027625.91536006,522789177.2587994,6534864715.734993,522789177.2587994
654,Логит-калибровка,0.019769953775712786,0.0015523895692115416,0.048884446486387435,137287079.51237047,542621530.663751,6782769133.296886,542621530.663751
654,Монотонный сплайн,0.3341341914070802,0.00027112252232830436,0.048845639297926874,137196122.90234703,526374665.1647489,6579683314.5593605,526374665.1647489
654,Французский сплайн,0.31978137056773703,0.0010881906524469525,0.048818329777281885,137122026.63399374,526288162.8515403,6578602035.644255,526288162.8515403
655,Бета-калибровка,0.0034233659083357515,0.005569128333915168,0.04956786370254439,139206388.42222565,550038308.8435133,6875478860.543915,550038308.8435133
655,Изотоническая регрессия,0.33524417668722883,1.1804549056408777e-08,0.04980353718527384,139889662.23112303,524709357.79069436,6558866972.383678,524709357.79069436
655,Логит-калибровка,0.006428669631681741,0.002648047011533508,0.04961510032063295,139339047.7404656,544092691.7748172,6801158647.185215,544092691.7748172
655,Монотонный сплайн,0.19005561051798794,6.347208026158328e-08,0.049841296174533,139992923.23492217,528436581.0388479,6605457262.9855995,528436581.0388479
655,Французский сплайн,0.2457128215768942,8.96814127583948e-06,0.04979517856570772,139866175.24184957,528291658.12933934,6603645726.616741,528291658.12933934
656,Бета-калибровка,0.0039018930435564415,0.0057730923022189405,0.04824245179486929,135484101.62071094,549556378.2533021,6869454728.166275,549556378.2533021
656,Изотоническая регрессия,0.6452111281703472,9.771154729024027e-06,0.04819826815332559,135380348.2817996,524051788.98119456,6550647362.264931,524051788.98119456
656,Логит-калибровка,0.015454296796796867,0.008078610186258897,0.048370142724797775,135842708.82832208,543410347.9131632,6792629348.914539,543410347.9131632
656,Монотонный сплайн,0.5180112907882819,6.337378070122531e-06,0.04831994811995552,135719396.75253648,527507005.0340468,6593837562.925585,527507005.0340468
656,Французский сплайн,0.29140473360453717,0.0005084845585892139,0.048282639602087826,135617198.12470415,527447417.0831723,6593092713.539654,527447417.0831723
657,Бета-калибровка,0.00027684831734914447,0.016484784499973197,0.04973123683240401,139665205.52012345,549080793.6342515,6863509920.4281435,549080793.6342515
657,Изотоническая регрессия,0.5825633135404222,1.248544220513622e-07,0.049839571279150396,139991577.98036596,523813878.16700786,6547673477.087598,523813878.16700786
657,Логит-калибровка,0.0008731513966456956,0.008750490348534935,0.0497722197703767,139780302.0031259,543075260.0499088,6788440750.623859,543075260.0499088
657,Монотонный сплайн,0.31413337799977137,6.886912926490258e-07,0.04994433097740717,140282671.19766045,527444237.7154284,6593052971.442854,527444237.7154284
657,Французский сплайн,0.08844517863254694,6.703287289365812e-05,0.04990947784621836,140187806.09686023,527261045.9102315,6590763073.877893,527261045.9102315
658,Бета-калибровка,0.01137456543635211,0.01742708294226556,0.048211299748120585,135396614.21262187,548031243.608223,6850390545.102787,548031243.608223
658,Изотоническая регрессия,0.41473436664376506,1.0306642884831603e-06,0.04832509803560179,135737015.72318405,522828658.63811624,6535358232.976452,522828658.63811624
658,Логит-калибровка,0.030007598437049837,0.009315421086557312,0.048291289801202626,135621258.27769744,541904836.503679,6773810456.295988,541904836.503679
658,Монотонный сплайн,0.3034703924120368,5.122474737445e-06,0.04846336889058081,136122611.55784854,526411250.16561776,6580140627.070222,526411250.16561776
658,Французский сплайн,0.12311426217975824,7.29610556238952e-05,0.048408760628643896,135971920.786007,526288213.9046149,6578602673.807687,526288213.9046149
659,Бета-калибровка,0.003409868514966536,0.005329838283158626,0.049143097237380216,138013474.28145862,548279048.3444813,6853488104.306017,548279048.3444813
659,Изотоническая регрессия,0.5417351583228689,1.261909857484103e-07,0.049313170707036155,138512995.41364035,522451615.0465013,6530645188.081266,522451615.0465013
659,Логит-калибровка,0.006424216755566969,0.002521424905136317,0.049182750739656986,138124837.17725268,542278707.7625203,6778483847.031505,542278707.7625203
659,Монотонный сплайн,0.8290116981213673,6.335884999596894e-07,0.04932179231208915,138533973.25611424,526288029.20756054,6578600365.094507,526288029.20756054
659,Французский сплайн,0.2754164932011661,8.406657904489705e-06,0.049293277587501155,138457084.9650207,526112014.8898578,6576400186.123222,526112014.8898578
660,Бета-калибровка,0.0165191120875107,0.04998430600896891,0.04865705750015753,136648480.2834424,548456949.4920819,6855711868.651024,548456949.4920819
660,Изотоническая регрессия,0.46616428904278073,7.37476563919233e-06,0.048872856007832706,137275339.2123974,523227452.47305536,6540343155.913192,523227452.47305536
660,Логит-калибровка,0.02993273486250283,0.030090267257046745,0.04870986138423451,136796774.7114842,542502882.018488,6781286025.2311,542502882.018488
660,Монотонный сплайн,0.3643977976261546,3.86275658614994e-05,0.048870195513414844,137265300.6514112,526993408.9435909,6587417611.794886,526993408.9435909
660,Французский сплайн,0.18149444500713924,0.0005425522000144485,0.0488368503755309,137174288.04540935,526815538.50450075,6585194231.306259,526815538.50450075
661,Бета-калибровка,0.00027965445158666043,0.049330195476409586,0.04906011167662713,137780417.63263965,548994755.4991049,6862434443.738811,548994755.4991049
661,Изотоническая регрессия,0.10322043707381814,7.906253008504838e-06,0.049105011127195834,137928041.2496168,523228264.9922019,6540353312.402523,523228264.9922019
661,Логит-калибровка,0.0008831847114440641,0.029640346831626054,0.04912565474757887,137964488.79310054,542982988.7227362,6787287359.034204,542982988.7227362
661,Монотонный сплайн,0.10137258941566252,4.047319686258365e-05,0.049137082746417524,138015419.49365067,527031925.34726167,6587899066.840771,527031925.34726167
661,Французский сплайн,0.08864833512192856,0.0005209862679994058,0.049118616936258956,137966194.2449812,526909064.4166225,6586363305.207781,526909064.4166225
662,Бета-калибровка,0.0034323475376200428,0.01650423797899435,0.04841794396297687,135976953.82562423,546778017.5282357,6834725219.102945,546778017.5282357
662,Изотоническая регрессия,0.5136740990774067,1.6524223552626567e-07,0.048511160953650975,136258717.6222334,520931330.3961897,6511641629.952372,520931330.3961897
662,Логит-калибровка,0.006431838675514915,0.008759820633733548,0.04847519235946315,136137730.22231632,540623399.1630826,6757792489.538532,540623399.1630826
662,Монотонный сплайн,0.4449856832847149,9.86146851954422e-08,0.048533953659041736,136319886.88005927,524470511.9044664,6555881398.80583,524470511.9044664
662,Французский сплайн,0.12060852490080992,6.410310231707195e-05,0.048500369489566264,136228376.62151456,524382995.9795214,6554787449.744018,524382995.9795214
663,Бета-калибровка,0.003897217496349399,0.005475423748039512,0.04836740105466422,135835009.12191904,549071674.6723766,6863395933.404707,549071674.6723766
663,Изотоническая регрессия,0.5522763889164618,1.0121391519753767e-06,0.04841114600801568,135979031.64891124,523623472.78680897,6545293409.835112,523623472.78680897
663,Логит-калибровка,0.015276670765817173,0.002598202162687613,0.048455440709587,136082259.68880415,543069970.852227,6788374635.652838,543069970.852227
663,Монотонный сплайн,0.3672944633397578,5.435182448490636e-06,0.04854927268737059,136364012.77197403,527332239.84350646,6591652998.043831,527332239.84350646
663,Французский сплайн,0.15222740360822917,8.840839454443065e-06,0.04851571160090259,136272545.3645911,527190279.5618623,6589878494.523278,527190279.5618623
664,Бета-калибровка,0.008754750087925924,0.005317352603230861,0.05015688374486903,140860592.30909017,549697683.1173906,6871221038.967384,549697683.1173906
664,Изотоническая регрессия,0.18836553688499486,1.210415284160297e-07,0.05016579188888991,140907496.74075845,523949142.39711237,6549364279.963905,523949142.39711237
664,Логит-калибровка,0.029936766417623894,0.002514634122449073,0.05020219173769332,140987835.27613795,543670788.6490346,6795884858.112932,543670788.6490346
664,Монотонный сплайн,0.07911031187607526,6.479576267056727e-07,0.05025690272541509,141160382.52754962,527520971.54844356,6594012144.355544,527520971.54844356
664,Французский сплайн,0.22978873684224937,8.372852986813532e-06,0.0502321845148659,141093862.69866204,527389584.1419438,6592369801.774298,527389584.1419438
665,Бета-калибровка,0.002237649228164106,0.016731222448166508,0.04906348644281146,137789895.3259917,550692886.6765342,6883661083.456678,550692886.6765342
665,Изотоническая регрессия,0.3415866834110933,0.00036115848924828537,0.04918682104589367,138156241.42528778,525826440.53704053,6572830506.713007,525826440.53704053
665,Логит-калибровка,0.0064354290606915,0.02274680311325221,0.049153277672466925,138042065.01535612,544690164.2790388,6808627053.487984,544690164.2790387
665,Монотонный сплайн,0.4175875213110309,0.0015132347127873118,0.04923778538686555,138296595.1321727,529367377.67256767,6617092220.907095,529367377.67256767
665,Французский сплайн,0.1206615219461282,0.016743592385010175,0.04920044969909875,138194418.4232454,529217487.89323264,6615218598.665408,529217487.8932327
666,Бета-калибровка,0.0018469156877513864,0.0175104421671337,0.04767432041540239,133888561.45461608,547470805.0666914,6843385063.333643,547470805.0666914
666,Изотоническая регрессия,0.673854075206004,1.0825777071481113e-06,0.047710016309843686,134010696.60456502,521980064.77798975,6524750809.724873,521980064.77798975
666,Логит-калибровка,0.008092317805912304,0.009363220108489795,0.047767992299632696,134151629.57428847,541319975.680265,6766499696.003311,541319975.680265
666,Монотонный сплайн,0.6201586270906081,5.2975054935404155e-06,0.04782185973675938,134321782.51541364,525427493.74072355,6567843671.759045,525427493.74072355
666,Французский сплайн,0.44102375570101887,7.102022730381204e-05,0.04778100482349992,134209984.12864342,525306107.5475241,6566326344.34405,525306107.5475241
667,Бета-калибровка,0.0036404610523333293,0.005993478783252378,0.049546939849519134,139147625.87338954,550362434.6075726,6879530432.594656,550362434.6075726
667,Изотоническая регрессия,0.37722980726856503,8.994439896278414e-09,0.04971912057549861,139651390.62423033,525391229.2751891,6567390365.939863,525391229.2751891
667,Логит-калибровка,0.014480932092694415,0.002875059924402786,0.049595367713696416,139283630.68714502,544396410.2003412,6804955127.504267,544396410.2003412
667,Монотонный сплайн,0.27005673942652964,5.364827566031848e-08,0.04977971031347701,139818525.6514443,529139662.76039255,6614245784.504907,529139662.76039255
667,Французский сплайн,0.16381958615165748,1.0169483775164636e-05,0.049732370357117486,139688555.77856156,528959269.65390503,6611990870.673813,528959269.65390503
668,Бета-калибровка,0.011375689233320899,0.054883791148624995,0.04883877098282035,137158804.42815268,548587612.1143403,6857345151.429255,548587612.1143403
668,Изотоническая регрессия,0.42601228174998607,9.048194677527282e-06,0.0490352811199502,137731613.49726814,522995793.7253176,6537447421.566469,522995793.7253176
668,Логит-калибровка,0.03005694123031912,0.0632524840337403,0.048894948418953026,137316573.13978767,542586816.7627285,6782335209.534105,542586816.7627285
668,Монотонный сплайн,0.3011187608276422,4.188176406890592e-05,0.049075556590292266,137842112.51202494,526702405.4548389,6583780068.185486,526702405.4548389
668,Французский сплайн,0.12425939121558832,0.0025501528829505434,0.04903501929589072,137730868.8044544,526571111.1859064,6582138889.82383,526571111.1859064
669,Бета-калибровка,0.0004202753072375672,0.054810191888988974,0.049108089299406986,137915157.98845458,549062631.714652,6863282896.433149,549062631.714652
669,Изотоническая регрессия,0.38254666465568166,0.00044836105268677523,0.04926078489694546,138364559.5045816,523332713.0386003,6541658912.982504,523332713.0386003
669,Логит-калибровка,0.0019894364454729804,0.06262446464821288,0.04917489534991262,138102776.1006946,543046597.4734974,6788082468.418716,543046597.4734973
669,Монотонный сплайн,0.2313112962893798,0.00033630843667832794,0.04933990194684742,138583696.86610678,526825179.7914587,6585314747.393234,526825179.7914587
669,Французский сплайн,0.13005900354858108,0.002509157754737499,0.04929468363033225,138459714.21600515,526740181.966738,6584252274.584225,526740181.966738
670,Бета-калибровка,0.0024505735482049174,0.01638671581813578,0.04783652276130709,134344090.5228548,546896574.4915003,6836207181.143753,546896574.4915003
670,Изотоническая регрессия,0.30140385187670793,1.184054752587508e-06,0.04791269708079698,134579666.08171022,520740148.1510415,6509251851.88802,520740148.1510415
670,Логит-калибровка,0.010311796501941,0.008690799104368997,0.04793175924348923,134611552.65941516,540678220.5812631,6758477757.265787,540678220.5812631
670,Монотонный сплайн,0.7301233007603576,6.326531106475759e-06,0.04800211271581991,134827536.09376207,524288881.69092005,6553611021.136499,524288881.69092005
670,Французский сплайн,0.3546033933889714,6.425771588485924e-05,0.04795363425860274,134694437.1424007,524226350.5374956,6552829381.718695,524226350.5374956
671,Бета-калибровка,0.0017823694102304952,0.01694323605325429,0.04847381551598429,136133863.4950903,547918588.0184512,6848982350.23064,547918588.0184512
671,Изотоническая регрессия,0.3544775355819128,1.1871836970534879e-06,0.048557546254483594,136390062.5010917,522122706.17898524,6526533827.237315,522122706.17898524
671,Логит-калибровка,0.007873215897348348,0.00902279720475398,0.04854438497001659,136332050.7497946,541833393.4394464,6772917417.993081,541833393.4394464
671,Монотонный сплайн,0.2625603825726155,6.172462480626952e-06,0.04865523241734261,136661583.8540819,525764941.3973944,6572061767.46743,525764941.3973944
671,Французский сплайн,0.3171387822219768,6.737525806947873e-05,0.04861275142405333,136545065.1138776,525644178.5906259,6570552232.382823,525644178.5906259
672,Бета-калибровка,0.005986618122120823,0.05444613399801019,0.04956323291833024,139193383.32783863,549196112.2600236,6864951403.250296,549196112.2600236
672,Изотоническая регрессия,0.5527187126679751,0.0021499688649012556,0.04966302733465035,139494456.36663204,523693673.7449356,6546170921.811693,523693673.7449356
672,Логит-калибровка,0.022136033037100423,0.07191481467946086,0.04962113419093217,139355993.26181394,543201427.6617606,6790017845.772007,543201427.6617606
672,Монотонный сплайн,0.44638787308697314,0.008317138374420784,0.049674085482108186,139522442.92504662,527465892.6575229,6593323658.219036,527465892.6575229
672,Французский сплайн,0.44699351016389754,0.01903440341419833,0.04965431603705788,139469822.82874173,527313372.8078923,6591417160.098654,527313372.8078923
673,Бета-калибровка,0.0022376460465709644,0.017642196410459103,0.048672303317572344,136691296.63707015,550840020.3436024,6885500254.29503,550840020.3436024
673,Изотоническая регрессия,0.4355280024505227,1.0027922496498783e-06,0.0487293361840645,136872995.73932678,525710966.23808515,6571387077.976063,525710966.23808515
673,Логит-калибровка,0.006436154230631852,0.009443848616080094,0.04877251493704854,136972730.94920713,544854573.7572519,6810682171.965649,544854573.7572519
673,Монотонный сплайн,0.417443315802607,5.045377913397936e-06,0.04882507930807724,137139416.2042039,529137648.6681399,6614220608.351748,529137648.6681399
673,Французский сплайн,0.27541741844638207,7.322876186318171e-05,0.048783839455328534,137026202.76799288,529028123.54497635,6612851544.312204,529028123.54497635
674,Бета-калибровка,0.0036882078538613317,0.005622832420005985,0.049035712530143036,137711895.0696537,550373023.244831,6879662790.560387,550373023.244831
674,Изотоническая регрессия,0.4509311857748897,1.3481939339475812e-08,0.04915145561248343,138056681.94209847,525316490.15154105,6566456126.894263,525316490.1515411
674,Логит-калибровка,0.014625625460048655,0.0026761180997661974,0.049104438391187916,137904904.77781212,544409046.0885732,6805113076.107165,544409046.0885733
674,Монотонный сплайн,0.39725313215216307,7.133535018748374e-08,0.049264186579677814,138370623.4335723,528877013.0901518,6610962663.626898,528877013.0901518
674,Французский сплайн,0.11814447239272499,8.85893805796372e-06,0.0492179973091216,138243421.58842236,528769218.2211157,6609615227.763947,528769218.2211157
675,Бета-калибровка,0.0023221831045353537,0.054871196687120816,0.04907798977025211,137830626.47077602,550047480.1788186,6875593502.235231,550047480.1788186
675,Изотоническая регрессия,0.38791926453450154,5.724744707939517e-05,0.0491899179744165,138165776.03935128,524555035.3593457,6556937941.991821,524555035.3593457
675,Логит-калибровка,0.006431417496153058,0.07269994258734776,0.04916961478681361,138087946.16728735,544057872.7397344,6800723409.246681,544057872.7397344
675,Монотонный сплайн,0.2936110360467806,0.0002653374415268651,0.0492297556186538,138275051.48636028,528234373.3140007,6602929666.425009,528234373.3140007
675,Французский сплайн,0.1324942372508931,0.0033243202301348933,0.04920168246434333,138198781.67202803,528095367.2587335,6601192090.734169,528095367.2587335
676,Бета-калибровка,0.0034270467657211735,0.050856541165300244,0.04952449413686472,139084589.3339709,550612101.0654768,6882651263.3184595,550612101.0654768
676,Изотоническая регрессия,0.28531374002471616,7.390845954775733e-06,0.04969354861211429,139580291.92226177,525121307.8086763,6564016347.608454,525121307.8086763
676,Логит-калибровка,0.006429927464066914,0.030685248268644754,0.04958460538875028,139253405.77376628,544690613.2552655,6808632665.690821,544690613.2552655
676,Монотонный сплайн,0.227472847117447,3.783638777053561e-05,0.049747930449580466,139729805.78416112,529046811.9905339,6613085149.881674,529046811.9905339
676,Французский сплайн,0.13179146369483064,0.0005515966898522149,0.04971122101898844,139629776.57324338,528896262.38295454,6611203279.786932,528896262.38295454
677,Бета-калибровка,0.011374839114966954,0.023520934691131194,0.048942797074772906,137450951.30479223,547781912.7134788,6847273908.918486,547781912.7134788
677,Изотоническая регрессия,0.5580898628901687,8.679941398400693e-06,0.04908545367022441,137873594.48745823,521950916.6982928,6524386458.72866,521950916.6982928
677,Логит-калибровка,0.030035312007716992,0.032069249245444374,0.048973683181332155,137537691.84645325,541746677.9311974,6771833474.139967,541746677.9311974
677,Монотонный сплайн,0.40592068434307216,4.059238051905966e-05,0.04916735348099432,138100572.48910704,525501254.5829871,6568765682.287338,525501254.5829871
677,Французский сплайн,0.21952181097020665,0.0023708178534884794,0.04912166445764839,137975170.90614906,525395504.31460774,6567443803.932596,525395504.31460774
678,Бета-калибровка,0.003225432766664129,0.05462768819892292,0.04894873070986816,137467615.32559374,548960716.2120061,6862008952.650076,548960716.2120061
678,Изотоническая регрессия,0.4926226655301632,8.446866926285372e-06,0.04908702840407891,137876701.3700152,523727634.7582792,6546595434.47849,523727634.7582792
678,Логит-калибровка,0.013041126152197494,0.06265680924838204,0.049018553136766854,137663704.62929603,542936177.171482,6786702214.643524,542936177.171482
678,Монотонный сплайн,0.3656792990695055,5.813365600603408e-06,0.04915111262814702,138053617.0229844,527318225.00891215,6591477812.611402,527318225.00891215
678,Французский сплайн,0.12413009594670127,0.0024968731476840106,0.04911415726406967,137952880.60591626,527150467.2983942,6589380841.229927,527150467.29839426
679,Бета-калибровка,0.0009087792834238441,0.09668542722431295,0.04948232951224712,138966174.20219484,548901151.9542695,6861264399.4283695,548901151.9542695
679,Изотоническая регрессия,0.5601105893787238,5.734237698520006e-05,0.04956630673712958,139223663.44055474,522973401.2645387,6537167515.806734,522973401.26453876
679,Логит-калибровка,0.004386074418483115,0.06252425421957723,0.049521420693786566,139075957.8764302,542931946.8637955,6786649335.797443,542931946.8637955
679,Монотонный сплайн,0.363652539975366,0.0002714363317392442,0.04961363345986139,139353911.18525878,526901749.4736882,6586271868.421102,526901749.4736882
679,Французский сплайн,0.21514638419367782,0.0023998761441767075,0.04959245128130051,139297084.07398957,526725638.4666631,6584070480.83329,526725638.4666631
680,Бета-калибровка,0.003174045603320923,0.005799586961079849,0.04854941730620359,136346183.56274217,547667178.0476036,6845839725.595043,547667178.0476036
680,Изотоническая регрессия,0.7603202830290303,1.261090960156181e-06,0.04864786702190992,136643360.54433185,521919840.02619725,6523998000.327465,521919840.02619725
680,Логит-калибровка,0.012877709649347525,0.008120480059292735,0.04860513556813301,136502662.72954473,541600400.0224254,6770005000.280317,541600400.0224254
680,Монотонный сплайн,0.7704709064710074,5.9922952363927305e-06,0.048711129346940905,136817810.55103645,525598208.78698134,6569977609.837267,525598208.78698134
680,Французский сплайн,0.44352414331206513,6.690622398587255e-05,0.04867576155938588,136721568.9429818,525476823.09582293,6568460288.697786,525476823.09582293
681,Бета-калибровка,0.0007267734238264126,0.016412997377265717,0.04864314811387153,136609417.16299683,549667251.4156151,6870840642.6951885,549667251.4156151
681,Изотоническая регрессия,0.30980422393949497,9.026972116896242e-06,0.048689560660162286,136761409.75799978,523736608.70305836,6546707608.788229,523736608.70305836
681,Логит-калибровка,0.0036343293587956073,0.008706361193008105,0.048758188868279415,136932497.6176759,543594669.517466,6794933368.968325,543594669.517466
681,Монотонный сплайн,0.4171999742560028,4.69650139243091e-05,0.04876179078096957,136961105.25910887,527327121.3339093,6591589016.673866,527327121.3339093
681,Французский сплайн,0.275403550230696,6.497840926080499e-05,0.0487279475559017,136869066.77860004,527234894.77699697,6590436184.712461,527234894.77699697
682,Бета-калибровка,0.016624322085138477,0.04917568159402579,0.049640625483954606,139410732.60913813,550027040.2249779,6875338002.812223,550027040.2249779
682,Изотоническая регрессия,0.3864803358125507,8.919600339482779e-06,0.04967407089644178,139525710.30556715,524291960.56136525,6553649507.017065,524291960.56136525
682,Логит-калибровка,0.029980593973510487,0.02953437880568839,0.0497068589904359,139596742.78874022,544043292.6587007,6800541158.233759,544043292.6587007
682,Монотонный сплайн,0.40926971800957346,5.447467320967359e-06,0.049792310245618435,139855268.1120784,527970663.03576106,6599633287.947012,527970663.03576106
682,Французский сплайн,0.31641220044583207,0.0005108113528708907,0.04976176257630531,139771976.83465672,527847741.6311486,6598096770.389357,527847741.6311486
683,Бета-калибровка,0.0015207646152031501,0.048214446899431,0.04909726900525579,137884770.27436036,549418472.5814092,6867730907.267616,549418472.5814092
683,Изотоническая регрессия,0.6464529264824133,6.119671564147654e-05,0.049150214044745615,138054271.52326357,523987768.2781511,6549847103.476889,523987768.2781511
683,Логит-калибровка,0.006874235675776556,0.028880848043102376,0.049174336844822954,138101207.5950008,543405131.9609356,6792564149.511694,543405131.9609356
683,Монотонный сплайн,0.44154737623457063,0.00028994313345777497,0.049242120960153124,138309903.05305934,527585118.222575,6594813977.782187,527585118.222575
683,Французский сплайн,0.31840413508242704,0.0005018845874812356,0.049214695297298446,138235184.1514522,527451109.00687796,6593138862.585974,527451109.00687796
684,Бета-калибровка,0.003394307101698445,0.04930505449691978,0.04886578713151631,137234676.58015043,548614437.0603288,6857680463.254109,548614437.0603288
684,Изотоническая регрессия,0.24026073625908068,1.2689178305368077e-06,0.04891390728123566,137389312.00862223,523065494.58588684,6538318682.3235855,523065494.58588684
684,Логит-калибровка,0.0064197547487187916,0.029619931316394607,0.04893291012966916,137423184.80816287,542532029.7854017,6781650372.317521,542532029.7854017
684,Монотонный сплайн,0.22208322882568476,6.414153466766661e-06,0.04896924409905937,137542228.76893887,526621461.77965075,6582768272.245634,526621461.77965075
684,Французский сплайн,0.12141804705097317,0.0005053368033480802,0.04893984890180615,137462136.2162448,526557836.46981716,6581972955.872715,526557836.46981716
685,Бета-калибровка,0.0008455047032044317,0.016414647715874107,0.0484289115379304,136007755.16312373,546645470.526381,6833068381.5797615,546645470.526381
685,Изотоническая регрессия,0.37139528546160944,1.165510208442496e-06,0.048601025044421854,136513005.53475434,520843174.09578663,6510539676.197333,520843174.09578663
685,Логит-калибровка,0.0041329817302028764,0.008707898938617186,0.04845679253308204,136086056.14990762,540629241.5642251,6757865519.5528145,540629241.5642251
685,Монотонный сплайн,0.34874553222683047,6.245902148640425e-06,0.048623107952720436,136572140.5021274,524343979.2211096,6554299740.26387,524343979.2211096
685,Французский сплайн,0.12391694661758211,6.573832337703449e-05,0.04859171357243269,136486808.78387332,524208275.53932345,6552603444.241543,524208275.53932345
686,Бета-калибровка,0.0022376659336920367,0.05444624985369689,0.0486513041565531,136632322.59326378,547604802.0382972,6845060025.478714,547604802.0382972
686,Изотоническая регрессия,0.559487618508443,7.533991313087103e-06,0.04875696263032016,136949266.25099114,522322610.22966504,6529032627.870813,522322610.2296651
686,Логит-калибровка,0.006438636377790135,0.06295686866097461,0.04870397116389776,136780232.6166905,541529081.2368102,6769113515.460127,541529081.2368102
686,Монотонный сплайн,0.3634748164079223,5.236487442158517e-06,0.04886551375116641,137251554.683468,526070643.729651,6575883046.620637,526070643.729651
686,Французский сплайн,0.2440920503394381,0.0025671430148181446,0.04882921159621393,137152207.09174302,525914902.2846027,6573936278.557534,525914902.28460264
687,Бета-калибровка,0.002238349770185878,0.05045001015385116,0.04812644478105722,135158307.52312112,548715712.4683466,6858946405.854332,548715712.4683466
687,Изотоническая регрессия,0.7841996872755752,4.854700031721048e-05,0.04826012360235935,135555019.92486602,523654021.26075006,6545675265.759376,523654021.26075006
687,Логит-калибровка,0.006451093299489638,0.03041302652041501,0.0482237569165069,135431598.92431796,542581181.9978697,6782264774.9733715,542581181.9978698
687,Монотонный сплайн,0.6829041101434467,3.4914436501398975e-05,0.048310277397817555,135692830.32315314,527276446.016707,6590955575.2088375,527276446.01670694
687,Французский сплайн,0.27547009354227286,0.0005599234054832228,0.04826186206207064,135559768.69458774,527110604.7503308,6588882559.379134,527110604.7503308
688,Бета-калибровка,0.0025384977483789892,0.005484712624622891,0.04878419871110135,137005543.66025704,549706244.7979329,6871328059.974161,549706244.7979329
688,Изотоническая регрессия,0.1920379856201754,1.176049669517121e-07,0.04884765357799515,137205158.70844162,524168717.82842517,6552108972.855314,524168717.82842517
688,Логит-калибровка,0.01060200642954711,0.0026032295464432273,0.04887915515636901,137272219.34114674,543639493.9709942,6795493674.637428,543639493.9709942
688,Монотонный сплайн,0.14625075157020173,5.919543837133598e-07,0.048893611496398336,137331613.72001663,527702363.0188726,6596279537.735907,527702363.01887256
688,Французский сплайн,0.12450970987714408,8.670487014550744e-06,0.04885952178393376,137238558.5012736,527587024.2069864,6594837802.58733,527587024.20698637
689,Бета-калибровка,0.016670200626546627,0.02338682102379197,0.04926262393699287,138349153.06465077,548790147.749176,6859876846.8647,548790147.749176
689,Изотоническая регрессия,0.4346758956793287,1.1589922424043022e-06,0.04948319306480383,138988931.40319508,523637383.0823353,6545467288.52919,523637383.0823353
689,Логит-калибровка,0.030003338420644413,0.029821511327664547,0.04930548131410074,138469513.72252053,542799869.9437828,6784998374.297285,542799869.9437828
689,Монотонный сплайн,0.46274646579148937,6.137447715984366e-06,0.049518860682284005,139086246.462484,527327958.849431,6591599485.617887,527327958.849431
689,Французский сплайн,0.12576930519348828,0.0005190219574287744,0.04947690204835644,138971149.74335638,527188624.8404777,6589857810.50597,527188624.8404777
690,Бета-калибровка,0.0012027078347589565,0.05201243060913533,0.048374475405448016,135854876.72866023,549820155.214306,6872751940.178825,549820155.214306
690,Изотоническая регрессия,0.4954803324342402,8.304433641480678e-07,0.04839648315184584,135937732.88364387,524485620.27972746,6556070253.496593,524485620.27972746
690,Логит-калибровка,0.005593932154590376,0.03147848377136195,0.04847568603959014,136139116.67358497,543784297.3636029,6797303717.045036,543784297.3636029
690,Монотонный сплайн,0.483347455452605,5.362700095304924e-07,0.04849054425822553,136199180.2420441,528152850.1659693,6601910627.0746155,528152850.1659693
690,Французский сплайн,0.1250089576385013,0.0005758777741847064,0.04845748711691416,136108948.63126668,528018905.86849695,6600236323.356213,528018905.86849695
691,Бета-калибровка,0.0008739404177935118,0.054712917098300104,0.04962749860146319,139373867.07234925,549950027.9924477,6874375349.905597,549950027.9924477
691,Изотоническая регрессия,0.32247514238201236,0.00039005417869756405,0.04970611160481201,139614975.83095402,524350823.1832564,6554385289.790706,524350823.1832564
691,Логит-калибровка,0.004248420508181402,0.04837437037910361,0.0496914291452442,139553409.61150384,543947136.0649126,6799339200.811407,543947136.0649126
691,Монотонный сплайн,0.3479551188411409,0.0016083932937547363,0.04986743962737295,140065183.2696736,527946053.70217407,6599325671.277176,527946053.70217407
691,Французский сплайн,0.12072462140965455,0.0033446301256931273,0.049826256799094255,139952391.62606525,527808622.1968996,6597607777.461245,527808622.1968996
692,Бета-калибровка,0.0019340382217361302,0.005189854395844391,0.048914262662965155,137370815.26267135,549218736.5097893,6865234206.372367,549218736.5097893
692,Изотоническая регрессия,0.3746836296775784,1.4037800790663855e-08,0.04897067525512126,137551250.78648257,523170151.6783755,6539626895.979694,523170151.6783755
692,Логит-калибровка,0.008455841018289795,0.0024473061173955293,0.04900830140547111,137634913.66712508,543128790.9532253,6789109886.915315,543128790.9532253
692,Монотонный сплайн,0.543383018473542,7.191035205218527e-08,0.04902472787433718,137699979.24623471,526878590.8841722,6585982386.052153,526878590.8841722
692,Французский сплайн,0.44438437458791674,7.956598687181744e-06,0.0489925026853307,137612389.12747976,526760794.3061883,6584509928.8273535,526760794.3061883
693,Бета-калибровка,0.002246291897527869,0.05520316414714372,0.048240221051702475,135477836.80160123,549542802.973072,6869285037.1634,549542802.973072
693,Изотоническая регрессия,0.6652895104171748,5.498241129582606e-05,0.04835695264162813,135824921.39874846,524406636.206101,6555082952.576263,524406636.206101
693,Логит-калибровка,0.006502997276923209,0.07321731065985418,0.04832221710409794,135708114.51514867,543531107.0457121,6794138838.071402,543531107.0457121
693,Монотонный сплайн,0.45366719530769845,0.00024998991499513304,0.04846343134743113,136121181.5103984,528071639.50600666,6600895493.825084,528071639.50600666
693,Французский сплайн,0.1232229360138455,0.0035608201837198645,0.04841565544611493,135989714.42607075,527966965.58167565,6599587069.770946,527966965.58167565
694,Бета-калибровка,0.012549109101810256,0.005120190566885693,0.049738046341200076,139684329.3446263,549740097.1131253,6871751213.914066,549740097.1131253
694,Изотоническая регрессия,0.49001288894968087,1.2771920957958729e-08,0.04983777074827849,139986282.1694653,524015745.25853777,6550196815.731722,524015745.25853777
694,Логит-калибровка,0.029994715685788244,0.002410940458424035,0.049794879579024,139843939.809731,543776188.1269467,6797202351.586835,543776188.1269467
694,Монотонный сплайн,0.4777603853211235,7.369099456769723e-08,0.04986942989832269,140072281.93305582,527752218.7444979,6596902734.306224,527752218.7444979
694,Французский сплайн,0.12363015828908479,8.10091354385147e-06,0.04984676468778135,140011452.42445868,527618249.64631844,6595228120.57898,527618249.64631844
695,Бета-калибровка,0.00035052615037644343,0.04904901986880138,0.04886916024821301,137244149.6410814,549005009.7657566,6862562622.071958,549005009.7657566
695,Изотоническая регрессия,0.36508112228909134,7.98428613307504e-06,0.04895752853710588,137513133.54360816,523357627.04988635,6541970338.123578,523357627.04988635
695,Логит-калибровка,0.0016998278215833388,0.029451125390771982,0.04893896806676006,137440197.91868895,543023507.5084921,6787793843.85615,543023507.5084921
695,Монотонный сплайн,0.26678671300270485,3.959594343311323e-05,0.04904221795045991,137748451.60356113,527201340.6921134,6590016758.651417,527201340.6921134
695,Французский сплайн,0.1213135050316745,0.0005214619309702542,0.049011767658777655,137665443.3882566,527048114.69455075,6588101433.681885,527048114.69455075
696,Бета-калибровка,0.013079950889859625,0.005219775821794976,0.04838208500995274,135876247.54195127,548546463.6688111,6856830795.860138,548546463.6688111
696,Изотоническая регрессия,0.4450075610631284,1.3290728392260669e-08,0.048449074976742036,136086149.36468232,522855290.0783694,6535691125.979616,522855290.0783694
696,Логит-калибровка,0.029925075960828523,0.002463032349215678,0.04846638006708699,136112981.78040713,542477142.0532765,6780964275.6659565,542477142.0532765
696,Монотонный сплайн,0.4524612008638066,7.366882001495461e-08,0.04854491857970574,136352557.37615514,526441034.3434423,6580512929.293029,526441034.3434424
696,Французский сплайн,0.41299985246811977,8.040847844367847e-06,0.04850514626218833,136243578.11206353,526333366.61119604,6579167082.639951,526333366.61119604
697,Бета-калибровка,0.003410901790708621,0.004070614828667589,0.04907283690647088,137816155.16813278,550792202.0042958,6884902525.053699,550792202.0042958
697,Изотоническая регрессия,0.49160894608821626,1.0229588925036949e-06,0.048996130853542985,137622740.2890901,524927638.09207773,6561595476.150971,524927638.09207773
697,Логит-калибровка,0.006424493821892052,0.005683500334141008,0.049182948982677326,138125393.92295098,544753841.9726727,6809423024.658409,544753841.9726727
697,Монотонный сплайн,0.03797785158954557,6.489094162569983e-07,0.0491174244140098,137960626.36619914,528543765.93184745,6606797074.148092,528543765.93184745
697,Французский сплайн,0.12405126156911173,6.902895383088566e-05,0.049089338727167475,137884538.1821454,528430144.7139131,6605376808.923914,528430144.7139131
698,Бета-калибровка,0.00198712342770031,0.017223303398233525,0.05022208644983274,141043707.58571026,549740476.7180586,6871755958.975734,549740476.7180586
698,Изотоническая регрессия,0.4737177007935705,1.1122885884300253e-06,0.050375833282248386,141496300.5898664,523901763.25597,6548772040.699625,523901763.25597
698,Логит-калибровка,0.008649718768582998,0.009190836488185505,0.05024843261726166,141117698.16231763,543826052.4473343,6797825655.591679,543826052.4473343
698,Монотонный сплайн,0.238213143430248,5.939412162748997e-06,0.05035253013356513,141428161.09859014,527724642.7651926,6596558034.564907,527724642.7651926
698,Французский сплайн,0.09430898654023748,6.9703159067744e-05,0.050335425750403784,141382853.45639813,527566831.3978667,6594585392.473334,527566831.3978667
699,Бета-калибровка,0.003364154946328152,0.05491672154716534,0.04916056832424049,138062540.08179697,550812363.0862556,6885154538.578194,550812363.0862556
699,Изотоническая регрессия,0.3764416974761432,5.980916135964198e-05,0.0491440475574061,138036355.5602193,525581118.6340016,6569763982.92502,525581118.6340016
699,Логит-калибровка,0.006413408802193772,0.07277134301457872,0.049265165476926255,138356290.72539973,544818216.4152734,6810227705.190918,544818216.4152734
699,Монотонный сплайн,0.6100616193009809,0.0002817636487849524,0.04924604434670899,138320229.90573585,529078988.62390566,6613487357.798821,529078988.62390566
699,Французский сплайн,0.12098971506461526,0.003314421002563033,0.049221414628580304,138253651.1726002,528946040.95518786,6611825511.939848,528946040.9551878
700,Бета-калибровка,0.016306311696226795,0.023350492470526982,0.04825661347735977,135523873.28981718,547299581.9985523,6841244774.981903,547299581.9985523
700,Изотоническая регрессия,0.46934767325020194,0.0004358148448429126,0.048279302978642614,135609481.2852199,521057749.8170413,6513221872.7130165,521057749.8170413
700,Логит-калибровка,0.029861733967746905,0.027765273145788114,0.04834288091848505,135766146.7714734,541194385.1151836,6764929813.939795,541194385.1151836
700,Монотонный сплайн,0.3809369099880665,0.0018643432310380013,0.04835750463565376,135826006.2422049,524777955.2213743,6559724440.267179,524777955.2213743
700,Французский сплайн,0.1192808572993303,0.0004631155662743135,0.04833568741649649,135767697.7980113,524661353.5246854,6558266919.058567,524661353.5246854
701,Бета-калибровка,0.003941648241237929,0.0051852563869691235,0.049107268957210036,137912854.1394287,548474080.4465512,6855926005.58189,548474080.4465512
701,Изотоническая регрессия,0.4920738596072978,1.411470003626522e-08,0.04928527718717467,138434778.85246134,522458247.64420885,6530728095.55261,522458247.64420885
701,Логит-калибровка,0.015547050044298063,0.002444646966927359,0.049164891250811756,138074680.58877975,542435000.5622392,6780437507.02799,542435000.5622392
701,Монотонный сплайн,0.47488425299511716,7.944030553849205e-08,0.04935406574050312,138624808.16566408,526004763.60101306,6575059545.012663,526004763.60101306
701,Французский сплайн,0.4397818052648458,7.78921372488171e-06,0.049307651287778816,138497349.7426726,525934127.2862504,6574176591.07813,525934127.2862504
702,Бета-калибровка,0.002034814347423464,0.04871360603755441,0.0502635508230657,141160156.13149774,551826749.9461281,6897834374.326601,551826749.9461281
702,Изотоническая регрессия,0.4340677637369493,8.795991024290136e-06,0.05037372307475143,141491450.6831319,525912711.50573516,6573908893.82169,525912711.50573516
702,Логит-калибровка,0.008823513206857786,0.0292202065657026,0.050338520746903086,141370701.66560265,545886612.5329521,6823582656.661902,545886612.5329521
702,Монотонный сплайн,0.5480903583369173,4.1214935707588054e-05,0.050415580909884045,141606110.79430604,529574016.51356494,6619675206.419561,529574016.51356494
702,Французский сплайн,0.24645075801116226,0.0005044077281662388,0.050380757290969705,141511090.75259987,529475189.5720669,6618439869.650837,529475189.5720669
703,Бета-калибровка,0.0005349924812953018,0.017461000839833037,0.049018546355662974,137663685.58524388,550206955.3756227,6877586942.195285,550206955.3756227
703,Изотоническая регрессия,0.43104819811678635,1.0254514690447822e-06,0.04916104212194904,138085279.09528172,524829510.55590296,6560368881.948787,524829510.555903
703,Логит-калибровка,0.002783339141638531,0.00933503650403447,0.04910137545395191,137896302.82487857,544236974.8399227,6802962185.499033,544236974.8399227
703,Монотонный сплайн,0.49273317458893984,4.897755686738591e-06,0.0492043870583585,138204101.39127284,528533431.920756,6606667899.00945,528533431.920756
703,Французский сплайн,0.24633403014068286,7.05561724523888e-05,0.04916976696398097,138109749.25203672,528375254.4336399,6604690680.420498,528375254.4336399
704,Бета-калибровка,0.0034042762477184177,0.0011266699189820548,0.049532681322904316,139107582.2272445,548735832.5588336,6859197906.985421,548735832.5588336
704,Изотоническая регрессия,0.4086449396559263,6.838267284666608e-05,0.04977482232891015,139808062.62851125,522997839.1754166,6537472989.692707,522997839.1754166
704,Логит-калибровка,0.006422508752485701,0.001046152957908171,0.049572243294456315,139218688.06815112,542758662.6037233,6784483282.546541,542758662.6037233
704,Монотонный сплайн,0.4414619158564906,4.826634516211163e-05,0.049783384059301605,139829228.527265,526770977.9261229,6584637224.076535,526770977.9261229
704,Французский сплайн,0.27540794188345175,0.00048402445227916095,0.04974541081013346,139725392.67251423,526644445.8184942,6583055572.731178,526644445.8184942
705,Бета-калибровка,0.0005345452552233573,0.005797892396199567,0.04917584202818792,138105434.751963,549641959.0058405,6870524487.573006,549641959.0058405
705,Изотоническая регрессия,0.5453143646627099,5.914546470992229e-05,0.04919843417790284,138189094.94522232,524038622.51550066,6550482781.443759,524038622.5155007
705,Логит-калибровка,0.0027817800429257313,0.008117697265619592,0.04925710928400043,138333665.71318677,543592214.9632943,6794902687.041178,543592214.9632943
705,Монотонный сплайн,0.3516045766772461,3.850136262656391e-05,0.049241381293516344,138306770.5250049,527804435.375707,6597555442.196337,527804435.37570703
705,Французский сплайн,0.22296229078558163,0.0027726166666969068,0.04922033989681489,138250497.86743534,527683022.22290945,6596037777.786367,527683022.22290945
706,Бета-калибровка,0.0010183994963210911,0.005353478863164296,0.048109625415909865,135111072.01804128,548964205.7215666,6862052571.519581,548964205.7215664
706,Изотоническая регрессия,0.5606889699223885,1.1225021298766682e-07,0.04819968972387847,135385297.42054027,523914152.0271213,6548926900.339015,523914152.0271213
706,Логит-калибровка,0.004854239320047079,0.002534148673046042,0.04820578555548519,135381128.1540246,542885354.1637319,6786066927.046649,542885354.1637319
706,Монотонный сплайн,0.36613849067803333,6.031610310974145e-07,0.048324795509388146,135733733.38422513,527321514.1864573,6591518927.330715,527321514.1864573
706,Французский сплайн,0.24459994875777136,8.720318518282114e-06,0.04827146628923315,135586892.03723258,527182745.576193,6589784319.702412,527182745.576193
707,Бета-калибровка,0.0013379680294622303,0.05000204825202156,0.049262918057001115,138349979.0712819,549253506.9495571,6865668836.869463,549253506.9495571
707,Изотоническая регрессия,0.3823176660121418,9.3911667354158e-07,0.04936573334333059,138660373.12140962,523663234.258664,6545790428.2333,523663234.258664
707,Логит-калибровка,0.006199944346631592,0.030102069286322874,0.04931108428467497,138485249.10508117,543335360.4695249,6791692005.869061,543335360.4695249
707,Монотонный сплайн,0.23077942851124164,4.795821257493274e-06,0.04933849482030446,138580769.04434007,527512652.6159791,6593908157.6997385,527512652.6159791
707,Французский сплайн,0.12974748099951047,0.0005409745975144322,0.0493279454172798,138554105.23357666,527334864.507898,6591685806.348724,527334864.507898
708,Бета-калибровка,0.00435302248763397,0.016691873934839088,0.04918468727280434,138130275.73694372,548751054.6605616,6859388183.257019,548751054.6605614
708,Изотоническая регрессия,0.4908098169657572,1.4081946362255995e-07,0.049262996346602424,138371009.33979827,522722787.4182674,6534034842.728344,522722787.4182674
708,Логит-калибровка,0.01679114158476411,0.008872566456023136,0.04925724589017853,138334049.3579774,542687427.6906021,6783592846.132527,542687427.6906021
708,Монотонный сплайн,0.47727342940972284,7.477415331221235e-07,0.0493342594297511,138568595.09695414,526497750.8974245,6581221886.217806,526497750.8974245
708,Французский сплайн,0.11941907918052332,6.55314378651971e-05,0.04930092804168529,138477503.3294745,526389235.99519396,6579865449.939925,526389235.99519396
709,Бета-калибровка,0.010283705314852936,0.017003988831421565,0.04966215841529198,139471205.69350603,548402987.8285438,6855037347.856797,548402987.8285437
709,Изотоническая регрессия,0.11622193138539767,1.2093806114949657e-06,0.0497905618190141,139853341.8125192,522359940.7196295,6529499258.995369,522359940.7196295
709,Логит-калибровка,0.029964974712595648,0.009058732362283136,0.04970011322679768,139577797.98613858,542380296.2550311,6779753703.187889,542380296.2550311
709,Монотонный сплайн,0.10180412716292062,5.8253733425942845e-06,0.04983843799383932,139984952.12530872,526079093.8953799,6575988673.692248,526079093.8953799
709,Французский сплайн,0.12301132848883324,6.67807973407185e-05,0.049811894026347815,139913219.01242346,525959346.67020625,6574491833.377579,525959346.6702062
710,Бета-калибровка,0.00027581032915119017,0.01812405984813901,0.04951819359816126,139066894.90107608,550415439.2951536,6880192991.189419,550415439.2951536
710,Изотоническая регрессия,0.5782333918446929,1.0365207799122992e-06,0.04960708863636473,139336760.12636673,524977233.6237056,6562215420.296321,524977233.6237056
710,Логит-калибровка,0.0008693076795047479,0.009732945618664564,0.04957881854563393,139237154.00355834,544486131.998822,6806076649.985275,544486131.998822
710,Монотонный сплайн,0.21955512464638088,4.930912937582175e-06,0.04965915381476476,139480337.64077666,528585635.39277697,6607320442.409712,528585635.39277697
710,Французский сплайн,0.0884318840683008,7.387588864837069e-05,0.049632541132903316,139408186.37578422,528462354.08709085,6605779426.088635,528462354.08709085
711,Бета-калибровка,0.00759455215301158,0.005835456979331631,0.04994185174268739,140256696.43416327,549706393.9986179,6871329924.982723,549706393.9986179
711,Изотоническая регрессия,0.6620450145152679,1.3386991378487646e-06,0.049888397622226806,140127505.88226175,523718770.3511268,6546484629.389086,523718770.3511268
711,Логит-калибровка,0.024492406289000138,0.008176372287882754,0.05001048895905082,140449457.1925983,543674093.3111517,6795926166.389397,543674093.3111517
711,Монотонный сплайн,0.5438551647564063,6.571931059737178e-06,0.05002795913975124,140516542.4214885,527317875.0477555,6591473438.096943,527317875.0477555
711,Французский сплайн,0.31100711925083474,0.00048205374080503984,0.05000837618925324,140464297.88005495,527220927.6849271,6590261596.061588,527220927.68492705
712,Бета-калибровка,0.0026362675402022166,0.03607131611042792,0.049789430598788154,139828636.89363664,550758365.606672,6884479570.0834,550758365.606672
712,Изотоническая регрессия,0.3354065263213673,8.744949561704407e-07,0.04985167688325457,140024379.35893214,525380297.93994796,6567253724.24935,525380297.93994796
712,Логит-калибровка,0.011024161830626062,0.028792039197981047,0.04985820269573759,140021776.45070943,544761859.6845953,6809523246.057443,544761859.6845953
712,Монотонный сплайн,0.373145221381942,4.850801780670922e-06,0.049931031990102605,140244610.88686407,529223586.05083895,6615294825.635487,529223586.05083895
712,Французский сплайн,0.11841461773175654,0.0005563689156668505,0.049901781734637544,140165066.51764083,529049988.47624445,6613124855.953054,529049988.47624445
713,Бета-калибровка,0.004521753001893409,0.017803798812692305,0.04973247686052411,139668688.0150959,549735236.0841972,6871690451.0524645,549735236.0841972
713,Изотоническая регрессия,0.542707970412156,1.2481376073364342e-06,0.049925882127797735,140231222.56770712,524121007.80402166,6551512597.550271,524121007.80402166
713,Логит-калибровка,0.017502012392455888,0.009538725429516958,0.0497648448113148,139759590.16809648,543811213.5304785,6797640169.130981,543811213.5304785
713,Монотонный сплайн,0.4522377095162934,6.142160206654836e-06,0.049918456209086116,140207816.77684334,527815212.652615,6597690158.157686,527815212.652615
713,Французский сплайн,0.35389302731352024,7.055055719237632e-05,0.049890790522955177,140132550.89210784,527724162.97521937,6596552037.190243,527724162.97521937
714,Бета-калибровка,0.0033968172279631014,0.017693915144454706,0.048853680920304815,137200677.49658406,549551457.8754294,6869393223.442867,549551457.8754294
714,Изотоническая регрессия,0.49388036316665707,1.0476620427935304e-07,0.048946963867765404,137484300.92623237,524703672.51314104,6558795906.414263,524703672.51314104
714,Логит-калибровка,0.006420402838286621,0.00947508503737008,0.04893364821344962,137425257.64265192,543545254.2326064,6794315677.907578,543545254.2326064
714,Монотонный сплайн,0.610764150769309,6.035830800155309e-07,0.049051486199144345,137774787.97212803,528266320.96371865,6603329012.046483,528266320.96371865
714,Французский сплайн,0.24384147486195623,7.436795511462361e-05,0.049011488249292724,137665407.46854928,528050111.61181843,6600626395.147731,528050111.61181843
715,Бета-калибровка,0.00028003125040906103,0.005326238614555315,0.04941598887936881,138779863.16881937,551147646.9123496,6889345586.404369,551147646.9123496
715,Изотоническая регрессия,0.2820243461743006,1.3310560917757422e-07,0.049516528993140844,139082312.82433677,525708859.9142548,6571360748.9281845,525708859.9142548
715,Логит-калибровка,0.0008844948106434306,0.0025192121147374924,0.049504387856138234,139028122.85517865,545174484.4039662,6814681055.049578,545174484.4039662
715,Монотонный сплайн,0.2527913307975763,7.006234043358139e-07,0.049563432021086894,139211119.02602038,529345953.7722918,6616824422.153646,529345953.7722918
715,Французский сплайн,0.0886170821657825,8.350600619229241e-06,0.04952501097514137,139105948.22110453,529253162.4119063,6615664530.1488285,529253162.4119063
716,Бета-калибровка,0.0030389797999880374,0.0171623896833691,0.04871537477625875,136812258.52164507,548374511.0558351,6854681388.197939,548374511.0558351
716,Изотоническая регрессия,0.49691091928916353,1.0989569285436167e-06,0.048777204756790336,137007190.63897,522984942.0629072,6537311775.786341,522984942.0629072
716,Логит-калибровка,0.011137454946161779,0.009154837036441576,0.048782230655259516,137000016.57223082,542326974.5794282,6779087182.242851,542326974.5794282
716,Монотонный сплайн,0.34400015771425946,5.852875320178545e-06,0.04886597512542925,137253556.9884047,526635999.84248924,6582949998.031116,526635999.84248924
716,Французский сплайн,0.12262413612339063,6.886785267107087e-05,0.04883614078447825,137172566.27329928,526482673.37988967,6581033417.248621,526482673.37988967
717,Бета-калибровка,0.015875361914371385,0.04935603112751538,0.04960326440101018,139305807.74379697,550819383.8039762,6885242297.549702,550819383.8039762
717,Изотоническая регрессия,0.4915997927822428,8.826101379604466e-06,0.04960786235259506,139338933.03102797,525562091.6338557,6569526145.423197,525562091.6338557
717,Логит-калибровка,0.029948867439656003,0.029658462111260706,0.049689834676522646,139548931.7055462,544798197.642549,6809977470.531861,544798197.642549
717,Монотонный сплайн,0.367003054766731,4.24584531762462e-05,0.049734929763688485,139693104.871658,529153897.0104944,6614423712.63118,529153897.0104944
717,Французский сплайн,0.12351262658378345,0.0005192529849696,0.049701641569803515,139602224.63786393,529042701.3570616,6613033766.96327,529042701.3570616
718,Бета-калибровка,0.0012014551700477386,0.01743713861894566,0.04949763549485615,139009159.523754,548253192.8471029,6853164910.588787,548253192.8471029
718,Изотоническая регрессия,0.4427059387584962,1.0636140373915156e-06,0.04951684900154729,139083570.3359454,522453815.53768325,6530672694.221041,522453815.5376833
718,Логит-калибровка,0.006218215816447537,0.009320732399325956,0.04953227423582047,139106438.9638782,542202700.7425703,6777533759.282129,542202700.7425703
718,Монотонный сплайн,0.4924151649632455,5.3792815735309044e-06,0.04959024049019094,139286734.94644198,526194493.3660147,6577431167.075184,526194493.3660148
718,Французский сплайн,0.3554689725913317,7.17041691862686e-05,0.04957241079028029,139239575.22824752,526060888.93986756,6575761111.748344,526060888.93986756
719,Бета-калибровка,0.01579455020854522,0.005392662254372931,0.05108418027454277,143464811.8830259,552842370.7653917,6910529634.567396,552842370.7653917
719,Изотоническая регрессия,0.38006811194957857,1.3214032784065142e-08,0.051234495753230705,143907768.27337313,527474360.398541,6593429504.981762,527474360.398541
719,Логит-калибровка,0.02998088464803945,0.0025546865304441574,0.05114153927382073,143625898.89659816,546981225.8110063,6837265322.637577,546981225.8110063
719,Монотонный сплайн,0.22543990350895116,7.183061991871908e-08,0.051243244611705104,143930180.36131912,531135856.4140241,6639198205.175301,531135856.4140241
719,Французский сплайн,0.13234013333561967,8.578818772153835e-06,0.05121664607427097,143857680.5440868,531013433.1887895,6637667914.859869,531013433.1887895
720,Бета-калибровка,0.008581711555997538,0.054881240414233215,0.04865605734600773,136645671.4505281,549806111.112776,6872576388.909699,549806111.112776
720,Изотоническая регрессия,0.49309932108370613,7.957492220188411e-06,0.048770220244040006,136987336.13336197,524436988.7241545,6555462359.051931,524436988.7241545
720,Логит-калибровка,0.02994132756521763,0.06302732004134023,0.048743814307806964,136892128.1020451,543808962.5610199,6797612032.012749,543808962.5610199
720,Монотонный сплайн,0.4800245156573605,4.003526540274719e-05,0.0488391413889576,137178602.5853028,528161656.34528154,6602020704.316019,528161656.34528154
720,Французский сплайн,0.12452456010024208,0.0025353972616096883,0.048798578142116744,137067082.880045,528018272.5288637,6600228406.610797,528018272.5288637
721,Бета-калибровка,0.0022395700181808437,0.017763428262241168,0.04859363501704813,136470364.58187798,549164478.5593952,6864555981.99244,549164478.5593952
721,Изотоническая регрессия,0.5916178959134506,1.427771436647641e-07,0.048628890554812065,136589708.23413423,523402645.73056,6542533071.632,523402645.73056
721,Логит-калибровка,0.00646253422976416,0.009513784174752106,0.048692395279054466,136747722.90169656,543093699.5506052,6788671244.382565,543093699.5506052
721,Монотонный сплайн,0.45218821329397274,7.076832875683484e-07,0.048686504175874445,136749037.0004872,526936848.7743367,6586710609.679209,526936848.7743367
721,Французский сплайн,0.27546635380204776,7.093867120959285e-05,0.04866175635920644,136682016.80352435,526860642.78657866,6585758034.832233,526860642.78657866
722,Бета-калибровка,0.0005339691054072411,0.05554926572523716,0.04928666192583944,138416661.3525275,551443111.6358945,6893038895.448681,551443111.6358945
722,Изотоническая регрессия,0.46454070589368657,5.435140384093837e-05,0.04940945659523801,138783763.50206643,525977950.3673451,6574724379.591814,525977950.3673451
722,Логит-калибровка,0.002779925264391092,0.06248248503727582,0.04938581291513694,138695116.9908706,545489908.2768519,6818623853.460648,545489908.2768519
722,Монотонный сплайн,0.5147385839283556,3.854961434044218e-05,0.0495086788041022,139059328.48056275,529766625.23648274,6622082815.456035,529766625.23648274
722,Французский сплайн,0.3264490319543103,0.0023380094378041933,0.04946316482339089,138934480.62358606,529612760.0632291,6620159500.790363,529612760.0632291
723,Бета-калибровка,0.011374823003216048,0.09276578998459997,0.0495944127228088,139280948.69073623,547345367.6023587,6841817095.029483,547345367.6023587
723,Изотоническая регрессия,0.51698067943342,0.00039104761917306937,0.049638949576304,139427553.99009216,521056793.9127576,6513209923.90947,521056793.9127576
723,Логит-калибровка,0.030035151106648,0.08540878300656093,0.049608113869602864,139319426.99139267,541319787.0764434,6766497338.455542,541319787.0764434
723,Монотонный сплайн,0.5395846339715952,0.0016333548862640438,0.04970909881108873,139621528.00978702,524887023.76842356,6561087797.105294,524887023.76842356
723,Французский сплайн,0.3396492626366917,0.017371387918142054,0.049692707167989625,139578420.92929977,524767404.88259757,6559592561.032469,524767404.88259757
724,Бета-калибровка,0.0035567552510501425,0.017792563233157303,0.0493057205399307,138470185.5643414,550307894.6651533,6878848683.314415,550307894.6651531
724,Изотоническая регрессия,0.5570180981645596,1.2443933755163767e-07,0.049524858678795185,139105825.51352838,525092703.57631624,6563658794.703953,525092703.57631624
724,Логит-калибровка,0.014224354785760755,0.009533105879594389,0.04937325413126146,138659846.90223467,544372193.4500377,6804652418.125471,544372193.4500377
724,Монотонный сплайн,0.591584008988604,6.853087190754604e-07,0.04951874267839922,139085779.25269863,528880579.5417807,6611007244.272259,528880579.5417807
724,Французский сплайн,0.41326406875533106,7.311977059201549e-05,0.049482294085006706,138986204.50373292,528719048.95445275,6608988111.930659,528719048.95445275
725,Бета-калибровка,0.005806433857974587,0.054451250342960944,0.0487431108792921,136890152.59340394,548365692.6254437,6854571157.818047,548365692.6254437
725,Изотоническая регрессия,0.4934661087858891,0.0021042058719146117,0.04894058123275519,137465658.33406967,522523579.1263118,6531544739.0788965,522523579.1263118
725,Логит-калибровка,0.02162765371066222,0.07193018631902476,0.04881358709933434,137088078.00977057,542320054.4798532,6779000680.998164,542320054.4798532
725,Монотонный сплайн,0.48032040599425285,0.0016230732669499626,0.048918113981543034,137399636.86868972,526218694.10190785,6577733676.273848,526218694.10190785
725,Французский сплайн,0.11562628426338328,0.017467348084518008,0.04888055542394478,137297121.74808982,526073476.08186424,6575918451.023303,526073476.0818642
726,Бета-калибровка,0.0018100658241352243,0.017454913150649655,0.0488288819041881,137131031.93972188,548187013.4505215,6852337668.131518,548187013.4505215
726,Изотоническая регрессия,0.4990953620958534,1.1169119372291895e-07,0.04888876497449408,137320735.55436918,522854994.1267798,6535687426.584747,522854994.1267798
726,Логит-калибровка,0.006447376093865727,0.009330965318071508,0.04887809487989579,137269241.66069937,542160732.7895948,6777009159.869935,542160732.7895948
726,Монотонный сплайн,0.6199985306383868,6.904156286041958e-08,0.04898672749111374,137592777.71547082,526496375.4995482,6581204693.744352,526496375.4995482
726,Французский сплайн,0.27546459319139127,7.247867710509539e-05,0.048957065240394705,137512442.23525065,526311219.9624621,6578890249.530776,526311219.96246207
727,Бета-калибровка,0.010062388337882776,0.016335760106950845,0.04915095403159016,138035539.30231783,548727004.6884592,6859087558.60574,548727004.6884592
727,Изотоническая регрессия,0.67855455974545,1.1479230520929778e-06,0.04923322726987735,138288841.06472355,522777523.19596684,6534719039.949585,522777523.19596684
727,Логит-калибровка,0.02993786270657859,0.00866085069838585,0.04923187767839923,138262805.2720164,542647250.5924969,6783090632.406212,542647250.5924969
727,Монотонный сплайн,0.5235237659274286,5.943118757020902e-06,0.049291854860068283,138450723.20520252,526580042.1360514,6582250526.700642,526580042.1360514
727,Французский сплайн,0.44274397998993564,6.442013313941023e-05,0.04925896426829047,138361030.37455413,526471518.8757892,6580893985.947365,526471518.8757892
728,Бета-калибровка,0.00045567407848230907,0.004572054210226015,0.04830906161214021,135671168.63153458,545219470.730955,6815243384.136937,545219470.730955
728,Изотоническая регрессия,0.48826423930813045,1.4177082624738903e-07,0.04833273799706,135760146.1909433,518885551.071419,6486069388.392737,518885551.071419
728,Логит-калибровка,0.002125637216144451,0.0021247595589718176,0.04835484988740907,135799760.42379963,539031366.6725621,6737892083.407027,539031366.6725621
728,Монотонный сплайн,0.4414737819590689,8.298683503669993e-07,0.048494617474405484,136211590.22468397,522611139.8024453,6532639247.530565,522611139.8024453
728,Французский сплайн,0.12226122622241846,6.963438801341923e-06,0.04845656405136573,136107825.09364372,522502932.23790884,6531286652.973861,522502932.23790884
729,Бета-калибровка,0.0033297398478904757,0.006012495198555021,0.04922527526585812,138244263.05663598,549831909.1232052,6872898864.040064,549831909.1232052
729,Изотоническая регрессия,0.5866363405230948,1.2218841630157712e-07,0.049353710326833646,138624574.48187962,524630913.3105258,6557886416.381572,524630913.3105258
729,Логит-калибровка,0.01206889337772218,0.005682816991090806,0.04929100181969776,138428849.51043922,543813287.3726025,6797666092.157532,543813287.3726025
729,Монотонный сплайн,0.3453602807037305,6.279583152467305e-07,0.04944739645621374,138884728.3976481,528167757.17064536,6602096964.633066,528167757.17064536
729,Французский сплайн,0.1810995783770852,7.560040753586182e-05,0.0494004249031,138755723.0435946,528053932.6141697,6600674157.677121,528053932.6141697
730,Бета-калибровка,0.0018337293976042589,0.25097667704617743,0.04860531172030098,136503157.43529326,547323254.9346066,6841540686.682582,547323254.9346066
730,Изотоническая регрессия,0.4924366022044439,0.00039261855460206253,0.04863114309711433,136597110.6739359,521434383.09151685,6517929788.643961,521434383.09151685
730,Логит-калибровка,0.0072236652897846735,0.18663634210265193,0.048656033302483796,136645603.92669553,541221649.0850947,6765270613.563683,541221649.0850947
730,Монотонный сплайн,0.3147866539038699,0.0016041545904540676,0.048771840736002735,136989335.8157152,524960588.8288295,6562007360.360369,524960588.8288295
730,Французский сплайн,0.12200408859685064,0.01758676669837848,0.048734180193336585,136886407.29457754,524863406.40574193,6560792580.0717745,524863406.40574193
731,Бета-калибровка,0.0034264795577000863,0.005485771041452415,0.049794998822601994,139844274.69339544,550014130.4683145,6875176630.853931,550014130.4683145
731,Изотоническая регрессия,0.558149723029231,1.2480746083267898e-08,0.04990400724934876,140170865.55907106,524280979.59754395,6553512244.969299,524280979.59754395
731,Логит-калибровка,0.006429726937231388,0.002603838389206547,0.04984837713384606,139994182.34269327,544043672.4240862,6800545905.301077,544043672.4240862
731,Монотонный сплайн,0.611520323871707,6.890398311415419e-08,0.04992751610012968,140234089.6086978,528109682.50512874,6601371031.314109,528109682.50512874
731,Французский сплайн,0.2754268862957512,8.833783948032731e-06,0.049904457361996675,140171978.23740745,527984582.21627086,6599807277.703386,527984582.21627086
732,Бета-калибровка,0.012265002024237878,0.017100326325236413,0.04990338693156804,140148671.85861564,549463376.4890733,6868292206.113417,549463376.4890733
732,Изотоническая регрессия,0.3733628235610353,1.1561027477370886e-06,0.05000945868361637,140468211.36706823,523665235.4680829,6545815443.351036,523665235.4680829
732,Логит-калибровка,0.02988506453709447,0.009117521651589754,0.049942293702948136,140257937.6353596,543486638.7901587,6793582984.876984,543486638.7901587
732,Монотонный сплайн,0.21680593256699623,5.316911196196595e-06,0.05006330078564943,140616594.52655286,527421184.2800558,6592764803.500697,527421184.2800558
732,Французский сплайн,0.10677550210597828,6.872417947972175e-05,0.050036551376807764,140544266.52085876,527296140.37387836,6591201754.673479,527296140.37387836
733,Бета-калибровка,0.007646685243427213,0.016730917674557998,0.048680103063575134,136713201.4437444,548410571.2766242,6855132140.957802,548410571.2766242
733,Изотоническая регрессия,0.3805027735377645,9.02442900400209e-06,0.04870945895443661,136817052.92763978,522216289.68207,6527703621.025875,522216289.68207
733,Логит-калибровка,0.0272928479108712,0.022743045603826697,0.048768161527344825,136960504.8333952,542264757.3438194,6778309466.797742,542264757.3438194
733,Монотонный сплайн,0.2240169910019439,4.736755158418523e-05,0.04881873794533405,137121153.46658623,525920116.09620667,6574001451.202581,525920116.09620667
733,Французский сплайн,0.12524821447278925,0.0004756489677959808,0.04877735244820258,137007663.92589015,525871535.52016294,6573394194.002037,525871535.52016294
734,Бета-калибровка,0.016598845647668288,0.005797694075970382,0.04895801186300214,137493680.51605523,546780601.7130462,6834757521.413076,546780601.7130462
734,Изотоническая регрессия,0.22582474129967445,1.0720683109630761e-06,0.049171310336917136,138114116.3501981,520865135.8550507,6510814198.188133,520865135.8550507
734,Логит-калибровка,0.029968311199579822,0.00811735865445649,0.0489689046385825,137524271.7869951,540777412.2732981,6759717653.416227,540777412.2732983
734,Монотонный сплайн,0.2670063299527525,5.703882435176877e-06,0.049137275548863456,138015489.8750434,524678555.18867254,6558481939.858407,524678555.18867254
734,Французский сплайн,0.12224760770764595,6.897066807266811e-05,0.049113006736662,137950361.96354905,524511865.3769267,6556398317.211584,524511865.3769267
735,Бета-калибровка,0.00343443434400415,0.0545569824490759,0.04826834701396645,135556825.75402337,548221665.0634276,6852770813.292845,548221665.0634276
735,Изотоническая регрессия,0.5444190722148763,8.416541031153425e-06,0.04832787946843897,135744827.099164,522903428.95996094,6536292861.999512,522903428.95996094
735,Логит-калибровка,0.006432602438780706,0.06247790933821207,0.04834496464125885,135771998.69851136,542166448.5327015,6777080606.65877,542166448.5327015
735,Монотонный сплайн,0.6675273223711947,4.277294094057972e-05,0.04849108333434263,136200527.6150353,526495945.8196049,6581199322.745062,526495945.81960493
735,Французский сплайн,0.27542006233916083,0.00252789738856586,0.048447581409548565,136080844.69891608,526379603.5016351,6579745043.770438,526379603.5016351
736,Бета-калибровка,0.0061359950863633115,0.017339572425098492,0.048742851992068285,136889425.53452456,547951721.6026115,6849396520.032644,547951721.6026115
736,Изотоническая регрессия,0.4932220995155113,6.278590629400466e-05,0.04889532731963031,137337610.44444978,522361405.14920783,6529517564.365098,522361405.14920783
736,Логит-калибровка,0.02257178168293492,0.00926148159589792,0.04880460178537074,137062843.65403518,541872297.1793121,6773403714.741402,541872297.1793121
736,Монотонный сплайн,0.384216244330442,0.0002855098693330655,0.04892849205292627,137428116.39451274,525977189.1656736,6574714864.570921,525977189.1656736
736,Французский сплайн,0.1199866034185294,7.061852128049497e-05,0.048896014224884925,137339503.11840457,525868242.6493496,6573353033.11687,525868242.6493496
737,Бета-калибровка,0.003428183096946428,0.016556619997528988,0.049175645561465975,138104882.99482104,548897001.9291598,6861212524.114496,548897001.9291598
737,Изотоническая регрессия,0.5560322617298188,1.0880907523345186e-06,0.04935732725931602,138637004.67506313,523309766.11583364,6541372076.44792,523309766.1158337
737,Логит-калибровка,0.00643028746208041,0.008792452041018318,0.049241791212494196,138290646.4411687,542882585.9135058,6786032323.918821,542882585.9135058
737,Монотонный сплайн,0.44138634651584563,5.7863087233433045e-06,0.04938496729400012,138711421.28714526,526983357.92951494,6587291974.118937,526983357.92951494
737,Французский сплайн,0.27541689689217475,6.578909470653045e-05,0.04934834407105239,138611752.30169663,526798010.873844,6584975135.92305,526798010.873844
738,Бета-калибровка,0.01641268135518227,0.05442840837847785,0.04888075488239663,137276712.0117227,547954291.2272372,6849428640.340466,547954291.2272372
738,Изотоническая регрессия,0.28779232934601123,0.00039229853868186096,0.0489281537205068,137430756.90867132,521986036.5729675,6524825457.162094,521986036.5729675
738,Логит-калибровка,0.029892391461267452,0.07184277713604792,0.04895016964307629,137471656.42561543,541873546.492661,6773419331.158262,541873546.492661
738,Монотонный сплайн,0.3729768612843903,0.001681543039518017,0.04890991062699309,137376681.14435515,525781140.9463354,6572264261.829191,525781140.9463354
738,Французский сплайн,0.11875743550436219,0.0032744842453819043,0.04889720654520254,137343843.65182352,525628231.76467407,6570352897.058426,525628231.76467407
739,Бета-калибровка,0.0033487338266478123,0.016878887937482743,0.04765952644369794,133847014.06448132,548619966.5426838,6857749581.783546,548619966.5426838
739,Изотоническая регрессия,0.636940371796879,1.4355000411809455e-07,0.04771664467888172,134029072.51617143,522906977.79328173,6536337222.416021,522906977.79328173
739,Логит-калибровка,0.00641155715167493,0.008984387014014767,0.047786852134547496,134204595.53466322,542456364.0264477,6780704550.330596,542456364.0264477
739,Монотонный сплайн,0.35462504091658387,7.205520886826972e-07,0.047820868516202215,134318652.6387567,526442938.75278497,6580536734.409811,526442938.75278497
739,Французский сплайн,0.2461006755365139,6.620974182599719e-05,0.047768736212634645,134175272.65549228,526371067.74329126,6579638346.7911415,526371067.74329126
740,Бета-калибровка,0.0017359216294090337,0.04894363316585114,0.04931134411009602,138485978.79879364,549139912.5072,6864248906.34,549139912.5072
740,Изотоническая регрессия,0.6962921558638926,8.603530648027939e-06,0.04953133296488027,139124964.69856974,523829157.3991442,6547864467.489302,523829157.3991442
740,Логит-калибровка,0.007706065457777434,0.0296662211651756,0.04935906978816051,138620011.59306997,543170543.1229298,6789631789.036622,543170543.1229298
740,Монотонный сплайн,0.3340171130943849,4.296794991836611e-05,0.04960216258787258,139321168.883101,527296733.9206644,6591209174.008305,527296733.9206644
740,Французский сплайн,0.5043774889965396,0.0005202649011303666,0.049558195618324224,139200386.7585203,527184068.54664916,6589800856.833115,527184068.54664916
741,Бета-калибровка,0.001104606626580204,0.01678777061283042,0.05035557716059731,141418602.8978215,550795777.2448504,6884947215.560629,550795777.2448504
741,Изотоническая регрессия,0.31179519451855575,7.919842604938993e-06,0.05044765858132319,141698493.15978804,525000108.17527896,6562501352.190987,525000108.175279
741,Логит-калибровка,0.005215989823960274,0.022880663190625258,0.05040509735065301,141557675.39957392,544862253.7815223,6810778172.269029,544862253.7815223
741,Монотонный сплайн,0.37570386970339165,4.905483574812847e-06,0.05048213593458291,141792640.7124096,528796968.6188392,6609962107.73549,528796968.61883926
741,Французский сплайн,0.14982318416856372,0.0025049967072596152,0.050462918104366615,141741353.50072682,528664940.8934626,6608311761.168283,528664940.8934626
742,Бета-калибровка,0.002406472026990498,0.005323642514633357,0.04926644814994455,138359892.98430428,548907382.5066726,6861342281.333408,548907382.5066726
742,Изотоническая регрессия,0.49177189797845144,1.366576564384093e-08,0.04939757345145925,138748357.6810782,523421511.9598888,6542768899.49861,523421511.9598888
742,Логит-калибровка,0.010160113191834776,0.002517938571335488,0.049309120281160614,138479733.39761144,542957017.3618665,6786962717.023333,542957017.3618665
742,Монотонный сплайн,0.4525259262007577,7.580721942406481e-08,0.04943818145276445,138859229.94730765,527239382.35855746,6590492279.481968,527239382.35855746
742,Французский сплайн,0.12178363150372666,8.45808722705938e-06,0.04941437850482906,138795416.13504368,527092329.3256929,6588654116.571161,527092329.3256929
743,Бета-калибровка,0.00018844433504749532,0.049293493448813744,0.04776057574507464,134130800.92246762,545781003.3092281,6822262541.365351,545781003.3092281
743,Изотоническая регрессия,0.23830384130448162,1.1042998092269987e-06,0.04790798976614118,134565848.0592309,520359803.89306843,6504497548.663356,520359803.89306843
743,Логит-калибровка,0.0011308912495978127,0.02961518986416223,0.04780167818784197,134246233.02273542,539730374.0255218,6746629675.319023,539730374.0255218
743,Монотонный сплайн,0.20554814163779395,5.48748248442383e-06,0.04800769938381884,134842829.26112497,524077848.750428,6550973109.38035,524077848.750428
743,Французский сплайн,0.1320141765993103,0.0005136229286066282,0.047973488514153124,134749819.07648483,523904164.0868734,6548802051.085917,523904164.0868734
744,Бета-калибровка,0.0007931649581010226,0.006002499849356084,0.04907213268880069,137814177.44322783,549933582.757231,6874169784.465385,549933582.757231
744,Изотоническая регрессия,0.492088475850454,8.876254181098098e-08,0.049138738321757504,138022760.70282376,525116559.989215,6563956999.865187,525116559.989215
744,Логит-калибровка,0.003466121227827831,0.0028797093730561292,0.04913249280542192,137983692.79474694,543984794.8834859,6799809936.043574,543984794.8834859
744,Монотонный сплайн,0.2579019227386419,4.795284421801485e-07,0.049200842333660455,138194294.91208833,528832120.4640212,6610401505.800264,528832120.4640212
744,Французский сплайн,0.12305431325137355,1.0181264601955158e-05,0.04917736353918135,138131251.28397667,528602558.6720411,6607531983.400514,528602558.6720411
745,Бета-калибровка,0.0033701608968056546,0.04826819189116236,0.0486186013944868,136540480.15627673,547448893.9011085,6843111173.763856,547448893.9011085
745,Изотоническая регрессия,0.5432133289580016,1.1070975127699477e-06,0.04870070672951637,136792712.37917376,521073757.79914427,6513421972.489304,521073757.79914427
745,Логит-калибровка,0.006414418427910369,0.028919184680651584,0.04867898494733936,136710061.32610792,541314512.9061604,6766431411.3270035,541314512.9061604
745,Монотонный сплайн,0.5131037805752618,6.610159604444752e-07,0.04881843755370374,137120848.0654738,524869615.8144632,6560870197.68079,524869615.8144632
745,Французский сплайн,0.2754011405260772,0.0005020059006399912,0.048769940525214064,136987094.95852804,524814541.2603585,6560181765.754482,524814541.2603585
746,Бета-калибровка,0.002050321197833549,0.054500202436161334,0.04855710667163905,136367778.37663114,548448169.619209,6855602120.240113,548448169.619209
746,Изотоническая регрессия,0.31157375823930583,8.812143663913754e-06,0.048624047530336445,136577661.88419688,522526712.79236376,6531583909.904547,522526712.79236376
746,Логит-калибровка,0.008868526255470804,0.062337811974413466,0.048644032000574676,136611899.47041392,542338386.4553738,6779229830.692172,542338386.4553738
746,Монотонный сплайн,0.37127922676302316,5.7385831004219746e-06,0.04866453677895504,136688313.7449694,526242265.46995664,6578028318.374457,526242265.46995664
746,Французский сплайн,0.1518898176808408,0.0023443920884893936,0.048631981883434615,136599896.23411804,526127173.70899326,6576589671.362416,526127173.70899326
747,Бета-калибровка,0.003391647597583425,0.016730899685169123,0.04905486296938573,137765677.16322288,548075376.7926946,6850942209.908683,548075376.7926946
747,Изотоническая регрессия,0.114851631381351,0.0003734295274078081,0.049145782654799144,138042783.20773792,521724636.5445232,6521557956.8065405,521724636.54452324
747,Логит-калибровка,0.006419051158888812,0.0227419409129367,0.04910045151892825,137893708.0457581,542077214.7834089,6775965184.792611,542077214.7834089
747,Монотонный сплайн,0.2828228047170339,0.0002779274082245556,0.04919659237065848,138182479.8239317,525483036.4281089,6568537955.35136,525483036.4281089
747,Французский сплайн,0.11946404857301897,0.0032430024462736687,0.04917372833075758,138121215.1407531,525358942.25373054,6566986778.171632,525358942.25373054
748,Бета-калибровка,0.0033781666164148386,0.052143577910982314,0.04945590650077721,138891967.8167827,551075834.6880991,6888447933.601239,551075834.6880991
748,Изотоническая регрессия,0.5806176561930849,8.504581258311091e-07,0.04960809097348106,139339575.08992425,526177675.6181146,6577220945.226431,526177675.6181146
748,Логит-калибровка,0.006415973388333541,0.03157042281881847,0.04953066240328249,139101912.29337856,545111375.6761014,6813892195.951269,545111375.6761014
748,Монотонный сплайн,0.3875124272758437,4.3612926265363576e-06,0.0496374624342145,139419020.1603851,529739835.71709776,6621747946.463722,529739835.71709776
748,Французский сплайн,0.12140061731633163,0.0005816185041556169,0.049599017967192315,139314038.89939132,529558735.7334149,6619484196.667686,529558735.7334149
749,Бета-калибровка,0.003438898255781799,0.0058273372006298445,0.0499570749434345,140299449.27114147,552595847.675966,6907448095.949577,552595847.675966
749,Изотоническая регрессия,0.3096171902207783,9.339061678701835e-08,0.0500722518666874,140644440.1424049,527484076.4630601,6593550955.788251,527484076.4630601
749,Логит-калибровка,0.0064342751392129135,0.0027857307193480028,0.05003161847451065,140508797.32381573,546746856.6413208,6834335708.01651,546746856.6413208
749,Монотонный сплайн,0.4505693941878445,5.144647103768048e-07,0.05014061557882348,140833593.976206,531138890.95803154,6639236136.975394,531138890.95803154
749,Французский сплайн,0.12319677551264731,9.631517692590347e-06,0.050106521768220745,140740522.18445212,530984718.30510557,6637308978.81382,530984718.3051056
750,Бета-калибровка,0.0017816335546463633,0.017101064507645824,0.05001388186219136,140458985.82177824,551334078.8365314,6891675985.456644,551334078.8365315
750,Изотоническая регрессия,0.3329321208018797,9.7340952237474e-07,0.050062456646934254,140617648.84725016,525731923.6642417,6571649045.803021,525731923.6642417
750,Логит-калибровка,0.006427383575610474,0.009119204124028595,0.05010624671909493,140718383.28590623,545359605.9788432,6816995074.735539,545359605.9788432
750,Монотонный сплайн,0.38440461684183236,5.0184694230135585e-06,0.05014454743860806,140845012.77233043,529591131.2087504,6619889140.10938,529591131.2087504
750,Французский сплайн,0.11932251406962636,6.951961534987308e-05,0.050117990087590505,140773594.35256606,529395046.04891837,6617438075.61148,529395046.04891837
751,Бета-калибровка,0.011375860385973786,0.017215645564033134,0.04939243978870406,138713727.90259647,550135490.3742099,6876693629.677625,550135490.3742099
751,Изотоническая регрессия,0.4772590811014705,1.1613112988377417e-07,0.04937652507636934,138690800.22447565,524386160.9823016,6554827012.27877,524386160.9823016
751,Логит-калибровка,0.030060416761606257,0.009187495996193775,0.04947847231601838,138955341.65230602,544063986.8401945,6800799835.502431,544063986.8401945
751,Монотонный сплайн,0.4420549990856787,6.012631248396395e-07,0.049478277074644306,138973597.795407,527998700.1626903,6599983752.033628,527998700.1626903
751,Французский сплайн,0.3393162501517479,7.114268921740518e-05,0.04944738362695715,138889777.61174256,527868075.6256845,6598350945.321055,527868075.6256845
752,Бета-калибровка,0.01655177825259886,0.055350731513952034,0.04928142494157333,138401953.80591455,550676248.1637161,6883453102.046451,550676248.1637161
752,Изотоническая регрессия,0.49492534552907747,5.8165501661723064e-05,0.049404444887300135,138768851.4214937,525576960.106082,6569712001.326026,525576960.106082
752,Логит-калибровка,0.02994668192203892,0.07344400752834324,0.04935798057918272,138616952.65857673,544747669.3276486,6809345866.595608,544747669.3276486
752,Монотонный сплайн,0.33748137106251985,3.9504128777157666e-05,0.04947962904368671,138976851.18616703,529183982.02480173,6614799775.31002,529183982.02480173
752,Французский сплайн,0.12382616431771616,0.003343889866796162,0.04944418160452428,138880325.9220014,529003452.4029081,6612543155.036352,529003452.4029081
753,Бета-калибровка,0.0002824689119248606,0.14607418811916958,0.04740183979035267,133123326.86722647,547106746.4914008,6838834331.142509,547106746.4914008
753,Изотоническая регрессия,0.4087259839115829,0.00039505632225334415,0.04737558267800054,133070037.9928967,521474461.65665275,6518430770.7081585,521474461.65665275
753,Логит-калибровка,0.0008929276742087294,0.18589071891660477,0.047504734347318646,133412295.9410097,540899368.0257752,6761242100.322189,540899368.0257752
753,Монотонный сплайн,0.5049139495026647,0.00028496375508899334,0.04755634841388314,133574649.54964648,524847857.56462574,6560598219.557821,524847857.56462574
753,Французский сплайн,0.08906636098177251,0.017404141480449376,0.04750300422447905,133427809.40720421,524771309.8189478,6559641372.736847,524771309.8189478
754,Бета-калибровка,0.0017484018390716283,0.01662152798739762,0.04805006384768333,134943799.30983385,546790957.4338033,6834886967.922541,546790957.4338033
754,Изотоническая регрессия,0.37280092175218854,1.120824403401521e-06,0.048117792698288746,135155895.81387413,520567952.3492054,6507099404.3650675,520567952.3492054
754,Логит-калибровка,0.006427739559346241,0.008831081907625278,0.04812751174066499,135161303.97248358,540630884.2756399,6757886053.445499,540630884.27564
754,Монотонный сплайн,0.22425150232263397,6.889045331839677e-07,0.0482328670278905,135475847.51455128,524228128.19523036,6552851602.440378,524228128.19523036
754,Французский сплайн,0.17162841606125717,6.612675618151275e-05,0.0481872235850743,135350861.03690562,524142597.0668326,6551782463.335408,524142597.06683266
755,Бета-калибровка,0.0034524427994861813,0.005245288192649904,0.049247617250651604,138307008.28672996,549527334.0897332,6869091676.121665,549527334.0897332
755,Изотоническая регрессия,0.4499673341376763,1.1729509313492563e-06,0.04934025210511641,138588811.61200893,523621619.1870095,6545270239.837619,523621619.1870095
755,Логит-калибровка,0.013906370151062532,0.002476233875479561,0.049316545487928395,138500586.34829813,543505184.1756892,6793814802.1961155,543505184.1756892
755,Монотонный сплайн,0.39387786097623323,5.776934366890425e-06,0.04938738183245327,138718684.451402,527382632.993658,6592282912.420725,527382632.993658
755,Французский сплайн,0.1230921115146489,8.042954845260532e-06,0.04935527044739939,138630967.1199324,527278766.04688084,6590984575.586011,527278766.04688084
756,Бета-калибровка,0.0028670177823112743,0.04948109525554473,0.049285589011696274,138413648.18044782,551623023.7343409,6895287796.67926,551623023.7343409
756,Изотоническая регрессия,0.7224504076920523,1.0429313006451107e-06,0.049314280502063566,138515035.76199532,526684051.39870656,6583550642.483831,526684051.39870656
756,Логит-калибровка,0.010632090453316673,0.029743534669891283,0.049388730248221706,138703310.02910584,545673713.9031651,6820921423.789564,545673713.9031651
756,Монотонный сплайн,0.3746141407810959,5.61287515575478e-06,0.04946896309160521,138946481.00464284,530147507.5305864,6626843844.13233,530147507.5305864
756,Французский сплайн,0.26525396331146867,0.0005277848972314502,0.049429725402309686,138839257.98768264,529999671.2689476,6624995890.861845,529999671.2689476
757,Бета-калибровка,0.0035751973699153384,0.017625370935016565,0.048525031865238884,136277699.4903369,548989763.137234,6862372039.215424,548989763.137234
757,Изотоническая регрессия,0.7451163247431544,1.0797453044255684e-06,0.04864691931472326,136640699.0034688,523206534.8029056,6540081685.03632,523206534.8029056
757,Логит-калибровка,0.014275083838649588,0.009432821064859378,0.04862254239283279,136551548.0560316,542896389.6017728,6786204870.02216,542896389.6017729
757,Монотонный сплайн,0.3864349981874707,5.439399896861486e-06,0.048683196055798655,136739469.9305747,527008303.71361554,6587603796.420193,527008303.7136155
757,Французский сплайн,0.4439577718970402,7.203855161698686e-05,0.04864451125674991,136633909.03624356,526904496.4827233,6586306206.034041,526904496.4827233
758,Бета-калибровка,0.00740837445911358,0.017123140203809287,0.05047508317723573,141754223.59494883,552111492.6003025,6901393657.503781,552111492.6003025
758,Изотоническая регрессия,0.49459346949515137,7.9513125956538e-06,0.050592577581944735,142105124.8811336,526519245.9002763,6581490573.753453,526519245.9002763
758,Логит-калибровка,0.024020579451175104,0.023436560017669958,0.05052830166880385,141903682.40666875,546236442.1976237,6827955527.470297,546236442.1976237
758,Монотонный сплайн,0.4806954686083348,3.878329714909137e-05,0.05062548155001303,142194975.78621653,530374074.0769669,6629675925.962087,530374074.07696694
758,Французский сплайн,0.11996198236485786,0.0005379325532555001,0.05059593964943478,142114667.0173116,530225786.98466265,6627822337.308283,530225786.98466265
759,Бета-калибровка,0.012853934936439056,0.005758514053380426,0.04845070604279273,136068962.8505791,546866193.01859,6835827412.732374,546866193.01859
759,Изотоническая регрессия,0.5118341584108368,7.30714725673425e-05,0.048572507726382136,136432199.89877158,520486384.5676871,6506079807.096088,520486384.5676871
759,Логит-калибровка,0.02997892396768355,0.008055460093292922,0.04851267922623964,136243008.33897144,540734780.6268075,6759184757.835092,540734780.6268075
759,Монотонный сплайн,0.18991279641582148,0.0003124128279239788,0.04863933092562556,136616896.31601942,524193987.3560834,6552424841.951042,524193987.3560834
759,Французский сплайн,0.3236190268219329,0.0004748926188288048,0.048595800004700845,136497608.33225465,524146324.50082403,6551829056.2603,524146324.50082403
760,Бета-калибровка,0.0022393014557488483,0.01762696419143222,0.04924181593518226,138290715.87236586,549777326.9800308,6872216587.250383,549777326.9800308
760,Изотоническая регрессия,0.3500351166194804,8.467220824676065e-06,0.049376305653073736,138689227.19609228,524547016.12364626,6556837701.545579,524547016.12364626
760,Логит-калибровка,0.00646034476333713,0.00943363710687485,0.049314969780015025,138496161.13019422,543745493.3627305,6796818667.03413,543745493.3627305
760,Монотонный сплайн,0.34382800976150274,5.3887606706685875e-06,0.04944402845078953,138876398.76602882,528043247.7051234,6600540596.314043,528043247.7051234
760,Французский сплайн,0.2754635217653143,7.091319108052088e-05,0.049402615198232344,138763054.66581994,527900525.0353214,6598756562.941517,527900525.0353214
761,Бета-калибровка,0.0022377240076036755,0.047858378492597275,0.049876588108805284,140073410.04476875,548907403.4549905,6861342543.187382,548907403.4549905
761,Изотоническая регрессия,0.37301885626846576,1.208400818497221e-06,0.04993116573604649,140248333.453113,522709040.69618946,6533863008.702369,522709040.69618946
761,Логит-калибровка,0.006440832447288632,0.028637402376125096,0.049924974006386715,140209296.99953645,542815508.5661566,6785193857.076958,542815508.5661566
761,Монотонный сплайн,0.3632438768263838,6.153424378584504e-06,0.04999995965172637,140438442.16432706,526467263.3305646,6580840791.632057,526467263.3305646
761,Французский сплайн,0.2449053148874529,0.000489676441796178,0.049964559611703534,140341979.80842918,526385228.88559264,6579815361.069908,526385228.88559264
762,Бета-калибровка,0.0019781851110933003,0.005104200445916692,0.048927302314513824,137407435.8200806,547940100.9155692,6849251261.444615,547940100.9155692
762,Изотоническая регрессия,0.33554579342183044,1.5029265736588457e-07,0.0490151812380582,137676480.58896267,521848613.05199534,6523107663.149941,521848613.0519954
762,Логит-калибровка,0.008625793972748121,0.002401713991309239,0.04898760025670992,137576776.56094414,541819478.1908517,6772743477.385647,541819478.1908517
762,Монотонный сплайн,0.2761150450221462,7.71255967215494e-07,0.04914921408287757,138049914.33640525,525422161.982869,6567777024.785862,525422161.982869
762,Французский сплайн,0.19324826966108266,7.484539065420524e-06,0.049101017039705736,137917438.51937658,525359618.1193378,6566995226.491722,525359618.1193378
763,Бета-калибровка,0.016221688759426315,0.023555573939082183,0.04879476817856671,137035226.95268673,549959232.0577751,6874490400.722189,549959232.0577751
763,Изотоническая регрессия,0.3106590366731772,1.032319119445677e-06,0.04871085021849538,136819883.7536224,524330728.07215106,6554134100.901888,524330728.07215106
763,Логит-калибровка,0.0299125357892086,0.030025816597493652,0.048905573037035764,137346411.31721124,543837985.6966546,6797974821.208179,543837985.6966546
763,Монотонный сплайн,0.48416894481484485,5.2421238567092794e-06,0.04891471457155535,137389215.95610034,527934383.8872514,6599179798.590641,527934383.8872514
763,Французский сплайн,0.44439932204135146,0.0005296554523719049,0.048870920634754886,137269337.02246153,527847135.94204605,6598089199.275576,527847135.94204605
764,Бета-калибровка,0.014594072155584116,0.004945492222063649,0.04755891417901041,133564454.58033285,546683281.775438,6833541022.192973,546683281.775438
764,Изотоническая регрессия,0.49255094609415806,1.5646105793664327e-07,0.04756711032429069,133608761.43473795,520426772.6728366,6505334658.410458,520426772.67283666
764,Логит-калибровка,0.029946593427010858,0.002318858299936297,0.04765737344958968,133840967.59582768,540478029.3313334,6755975366.641667,540478029.3313334
764,Монотонный сплайн,0.40726114139826464,7.879982553422787e-07,0.04765444117206741,133850893.24111529,524114041.20527756,6551425515.065969,524114041.20527756
764,Французский сплайн,0.12536741127486722,7.296729488184545e-06,0.047617091715337116,133748910.90431303,524069612.7734817,6550870159.668521,524069612.7734817
765,Бета-калибровка,0.011375578313387515,0.01784081865769113,0.04926591885364574,138358406.50857872,549986983.4664619,6874837293.330774,549986983.4664619
765,Изотоническая регрессия,0.4903688333199549,1.1694145617883551e-07,0.049474318778698644,138964248.0580973,524608704.93317676,6557608811.664709,524608704.9331768
765,Логит-калибровка,0.030054783987055397,0.00956260930070704,0.04933310465029937,138547091.09990078,544033352.4068911,6800416905.086138,544033352.4068911
765,Монотонный сплайн,0.47710313550194927,6.661687222568111e-08,0.04943866742645217,138861607.20468926,528350827.2994802,6604385341.243502,528350827.2994802
765,Французский сплайн,0.12548974876941513,7.330849290608538e-05,0.04940483805804106,138769082.91024345,528196955.17057526,6602461939.632192,528196955.17057526
766,Бета-калибровка,0.0004350035909152422,0.01794292980700672,0.0489429135540344,137451278.42515022,548794344.8566232,6859929310.707788,548794344.8566232
766,Изотоническая регрессия,0.30829761617579254,1.0741239732701182e-07,0.049179840103618595,138138310.54700246,523442357.1026035,6543029463.782543,523442357.1026035
766,Логит-калибровка,0.0023136259142923733,0.00962404902137779,0.04898437301312463,137567713.17005923,542831025.9165244,6785387823.956553,542831025.9165244
766,Монотонный сплайн,0.22152413804533172,5.790596630015763e-07,0.04924079922495606,138306386.42886,527135337.45012295,6589191718.126536,527135337.45012295
766,Французский сплайн,0.13405659784143548,7.415365524773078e-05,0.049196244838884795,138184267.7449448,526969533.09485555,6587119163.685694,526969533.09485555
767,Бета-калибровка,0.0070405669642934175,0.05221663136639865,0.04912919904736168,137974442.60461056,549654232.9021723,6870677911.277153,549654232.9021723
767,Изотоническая регрессия,0.4490417316593665,9.668106570310247e-07,0.04930976849205074,138501287.83307528,524503568.790767,6556294609.884588,524503568.790767
767,Логит-калибровка,0.02535064071052797,0.031615105281084833,0.049185074919395076,138131364.40362912,543757648.5882087,6796970607.35261,543757648.5882087
767,Монотонный сплайн,0.2642709876989193,4.699360886050306e-06,0.04931310408337681,138508293.3069934,528139436.62487483,6601742957.810935,528139436.62487483
767,Французский сплайн,0.44111124555932274,0.0005655739076260719,0.049287365121122216,138438451.61706376,527962797.4590126,6599534968.237658,527962797.4590126
768,Бета-калибровка,0.0047866973543989185,0.018177199623645238,0.04935368820349072,138604897.95068333,548896185.9092655,6861202323.865818,548896185.9092655
768,Изотоническая регрессия,0.40864935286493587,6.015061337659555e-05,0.049558752061594095,139201250.88978088,522988621.36677074,6537357767.084635,522988621.36677074
768,Логит-калибровка,0.01826938321349216,0.009765133156683384,0.049394481491092136,138719461.81958318,542892507.1599805,6786156339.499756,542892507.1599805
768,Монотонный сплайн,0.19024736869321857,0.00026692904302944514,0.049546560117998295,139164277.42141432,526724171.79464364,6584052147.433046,526724171.79464364
768,Французский сплайн,0.27361198372226836,7.452524299105625e-05,0.049511275763480925,139067971.81501377,526610932.17690563,6582636652.211321,526610932.17690563
769,Бета-калибровка,0.0035770283257458724,0.11906594570635734,0.04952746207372072,139092924.48783728,549051300.6519268,6863141258.149085,549051300.6519268
769,Изотоническая регрессия,0.6294177043450286,6.604936229396077e-05,0.049604029764993444,139329724.39200762,523199787.51380754,6539997343.922594,523199787.51380754
769,Логит-калибровка,0.014279997218116049,0.07986346021990515,0.04959483003140371,139282120.66019416,543002437.41144,6787530467.643,543002437.41144
769,Монотонный сплайн,0.5208263464681508,0.00031171758049014145,0.04969023879489219,139569108.84949106,526792148.8919641,6584901861.14955,526792148.8919641
769,Французский сплайн,0.2447359783617062,0.003092258509204604,0.04965732073544205,139479342.42758286,526683501.89257497,6583543773.6571865,526683501.8925749
770,Бета-калибровка,0.00260301326669261,0.1135055896502859,0.049668405246880494,139488749.29533917,549400025.5878798,6867500319.848497,549400025.5878798
770,Изотоническая регрессия,0.4758137227019419,0.00037480544942465426,0.04985895847425944,140044709.37911022,524003728.55036986,6550046606.879623,524003728.55036986
770,Логит-калибровка,0.009751230337490924,0.08400202330827594,0.04968695987758397,139540858.12020683,543468731.3933866,6793359142.417334,543468731.3933866
770,Монотонный сплайн,0.447805541025664,0.0015720728377379136,0.04991498372985881,140198908.4410591,527943644.990268,6599295562.378349,527943644.990268
770,Французский сплайн,0.3151545640684236,0.003373629055447338,0.049878513742166036,140099527.03900602,527749671.793711,6596870897.421388,527749671.793711
771,Бета-калибровка,0.0144354937389014,0.04948926441263373,0.048763791147576514,136948231.05885386,549228454.9009354,6865355686.261691,549228454.9009354
771,Изотоническая регрессия,0.475701927051011,9.12505846099049e-06,0.048820502082725085,137127351.64912516,523928680.00936526,6549108500.117065,523928680.0093653
771,Логит-калибровка,0.0299584334273258,0.029748267041484405,0.04883282766489536,137142113.21409214,543171154.8812861,6789639436.016077,543171154.8812861
771,Монотонный сплайн,0.26358482752048684,4.3986858257509375e-05,0.04894895047280846,137485373.52507615,527428069.8079193,6592850872.598991,527428069.8079193
771,Французский сплайн,0.2680515270619489,0.0005179942439177352,0.048901883749463436,137355914.76276344,527335154.3388929,6591689429.23616,527335154.3388929
772,Бета-калибровка,0.005074476936618059,0.005583706805531537,0.04919362708488967,138155382.30520415,548771993.4131942,6859649917.6649275,548771993.4131942
772,Изотоническая регрессия,0.5399244313620355,1.425701596727882e-07,0.049298074734914966,138467370.6855352,523098853.09947693,6538735663.743463,523098853.099477
772,Логит-калибровка,0.01733897631897215,0.002655330671420285,0.0492532122111363,138322721.1737552,542706927.066066,6783836588.325825,542706927.066066
772,Монотонный сплайн,0.3701302685250598,7.255992718291122e-07,0.04933365721199356,138564716.52274978,526919647.8141723,6586495597.677155,526919647.81417227
772,Французский сплайн,0.12974448439427955,8.596499171669033e-06,0.04930084889706706,138475207.0929097,526806422.32782805,6585080279.097851,526806422.32782805
773,Бета-калибровка,0.01255540075818794,0.016804539779530496,0.04891332184191306,137368173.06082866,548963890.1841477,6862048627.301846,548963890.1841477
773,Изотоническая регрессия,0.5434889389618425,8.250279176913718e-06,0.048998796964893884,137629270.99620795,523170967.60234463,6539637095.029307,523170967.60234463
773,Логит-калибровка,0.029939678850007832,0.02291202538300252,0.04897286561287213,137535395.7871901,542979175.0153567,6787239687.691957,542979175.0153567
773,Монотонный сплайн,0.38470398740815537,5.5453190625027e-06,0.04907221821139313,137832448.02975377,526946984.6480681,6586837308.10085,526946984.648068
773,Французский сплайн,0.27387570335771527,0.000519756615646123,0.049043495481937496,137754746.26128215,526806776.1147283,6585084701.434104,526806776.11472833
774,Бета-калибровка,0.001374053130804805,0.05442925438873286,0.04875108535158962,136912548.1014043,548826034.9697628,6860325437.122035,548826034.9697628
774,Изотоническая регрессия,0.4942843892295289,8.401280501471281e-06,0.04878685513583365,137034173.16347522,523365273.1462215,6542065914.327768,523365273.1462215
774,Логит-калибровка,0.006280510646565077,0.06284725684511093,0.04884117652884681,137165560.16361338,542708036.610152,6783850457.626901,542708036.610152
774,Монотонный сплайн,0.5461266515531744,4.2233055325396574e-05,0.048812441738368635,137102808.14332765,526973052.44557184,6587163155.569649,526973052.44557184
774,Французский сплайн,0.24504382461373125,0.002488256653508894,0.048786516987379694,137033155.63928443,526845592.6117122,6585569907.646403,526845592.6117122
775,Бета-калибровка,0.00047599929393764463,0.016896588924512287,0.049582806533998,139248353.87008,549768357.1931622,6872104464.914528,549768357.1931622
775,Изотоническая регрессия,0.3855171716497209,1.2010602210824352e-06,0.04979809084826932,139874007.93827957,523921589.59096336,6549019869.887043,523921589.59096336
775,Логит-калибровка,0.0022096980372362913,0.008995178995068945,0.049620270586110696,139353567.91403326,543855798.5060915,6798197481.326143,543855798.5060915
775,Монотонный сплайн,0.5420521657168568,5.934011269958341e-06,0.04977031902405859,139793464.42216903,527680417.5078933,6596005218.848665,527680417.5078933
775,Французский сплайн,0.3558711775299872,6.715003127070378e-05,0.04973768960188565,139704344.07044894,527579728.82621896,6594746610.327738,527579728.826219
776,Бета-калибровка,0.0017644950705909368,0.04853001043425024,0.04897881110547854,137552093.10862592,549839377.2855346,6872992216.069183,549839377.2855346
776,Изотоническая регрессия,0.4910923019497205,6.394923682075125e-05,0.04911487170903104,137955016.10764277,524288654.9647881,6553608187.059851,524288654.9647881
776,Логит-калибровка,0.006993726375577379,0.029095545243523386,0.049054143628488645,137763656.96624753,543849214.7373346,6798115184.216682,543849214.7373346
776,Монотонный сплайн,0.2543786542395971,0.00029589410231990943,0.049130041457000784,137994682.0042311,527814692.6462296,6597683658.077869,527814692.6462296
776,Французский сплайн,0.1228756201927211,0.0005005670844718605,0.049095338152027435,137900091.03931767,527720768.8290118,6596509610.362647,527720768.8290118
777,Бета-калибровка,0.0031700168967780055,0.00517523351102115,0.049271334635522746,138373616.19040206,549594486.7660418,6869931084.575521,549594486.7660418
777,Изотоническая регрессия,0.48346610879485763,1.3281104489760104e-07,0.049418151351601665,138807823.0558381,524169363.1553676,6552117039.442095,524169363.1553676
777,Логит-калибровка,0.012865873234032679,0.0024395185214109434,0.04933825763729748,138561562.74858624,543649422.7829179,6795617784.786474,543649422.7829179
777,Монотонный сплайн,0.37796301485782213,6.685642825809102e-07,0.04947241021763228,138957367.25363845,527822221.34296393,6597777766.787048,527822221.34296393
777,Французский сплайн,0.12464786227989638,7.87741597913883e-06,0.0494395245232152,138867723.90492767,527668639.43367827,6595857992.920979,527668639.43367827
778,Бета-калибровка,0.0022376565740137534,0.0011147072529417985,0.0489718046198033,137532416.09425557,549036875.5993822,6862960944.992275,549036875.5993822
778,Изотоническая регрессия,0.7600824440489988,1.1873000164452589e-06,0.04900374311270419,137643640.15771845,522811351.21023893,6535141890.127987,522811351.210239
778,Логит-калибровка,0.006434672016873009,0.001604501971720931,0.04905582269121468,137768372.4460073,542970290.4017339,6787128630.021673,542970290.4017339
778,Монотонный сплайн,0.5461771939773112,6.037416516448894e-06,0.04916151273687318,138083892.36318302,526464144.51559466,6580801806.444933,526464144.5155946
778,Французский сплайн,0.12352616521667734,0.0004905464901804921,0.04912375391031459,137980558.88580322,526387769.846158,6579847123.076975,526387769.846158
779,Бета-калибровка,0.01150559737206885,0.048468695328447026,0.04911619852389619,137937931.9345101,551581305.8644271,6894766323.305338,551581305.8644271
779,Изотоническая регрессия,0.5560790484852295,0.002059864714322225,0.04913045433490126,137998419.55413672,526191998.1884413,6577399977.355516,526191998.1884413
779,Логит-калибровка,0.029949537487877518,0.040176822030177334,0.04924588049247327,138302130.77506196,545489016.6698287,6818612708.372856,545489016.6698287
779,Монотонный сплайн,0.441673728051533,0.0015675812113239028,0.04916092350123619,138081785.0230165,529686989.76354045,6621087372.044256,529686989.76354045
779,Французский сплайн,0.32207442923411955,0.01985314809764912,0.04912706473330009,137988872.21928555,529630707.3979513,6620383842.474392,529630707.3979513
780,Бета-калибровка,0.00387913995342061,0.016704258014554777,0.049027315994537884,137688314.23906022,547783452.4985597,6847293156.231996,547783452.4985597
780,Изотоническая регрессия,0.3845713445255875,1.1855796847720743e-07,0.04917081176869492,138112596.5712028,521574537.2608335,6519681715.760419,521574537.2608335
780,Логит-калибровка,0.015210504540667377,0.008881954353181613,0.04908354944492456,137846240.26112616,541713127.8073319,6771414097.59165,541713127.8073319
780,Монотонный сплайн,0.23061126943225568,6.412429807630618e-07,0.04918421976272345,138147304.47342917,525464263.6681093,6568303295.851365,525464263.6681093
780,Французский сплайн,0.1344995206687239,6.80726569799459e-05,0.049152119238388615,138060034.51673204,525313557.8848516,6566419473.560645,525313557.8848516
781,Бета-калибровка,0.011430943274370317,0.016454561762470565,0.04966474455783819,139478468.61623278,550315336.8980262,6878941711.225328,550315336.8980262
781,Изотоническая регрессия,0.4924607819093477,1.121324240884905e-06,0.04974938026777474,139738165.9440186,524485020.0572332,6556062750.715416,524485020.0572332
781,Логит-калибровка,0.02993818561871165,0.008731455183207611,0.04974256803087582,139697028.05791166,544352981.9262011,6804412274.077515,544352981.9262011
781,Монотонный сплайн,0.44797103523149406,5.9864388090999825e-06,0.04980369115407453,139887442.4854964,528133788.3001431,6601672353.751789,528133788.3001431
781,Французский сплайн,0.12265937257113967,6.503362953765169e-05,0.049778668393125725,139820300.1264117,528014187.176571,6600177339.707138,528014187.176571
782,Бета-калибровка,0.004131543194082285,0.048918423082946985,0.049475696682641,138947546.56352898,549788904.4747047,6872361305.933807,549788904.4747047
782,Изотоническая регрессия,0.4879320008765247,8.647691388028484e-06,0.04952660213120363,139111798.2252723,524039915.16925234,6550498939.615654,524039915.16925234
782,Логит-калибровка,0.01613929119555796,0.029359070321495557,0.0495457356378026,139144243.96520483,543769227.283283,6797115341.0410385,543769227.283283
782,Монотонный сплайн,0.4744115023297619,4.438893896885228e-05,0.04958383368846145,139269937.71792608,527696831.38007176,6596210392.250896,527696831.38007176
782,Французский сплайн,0.1224299589831256,0.00051185438326047,0.04955687383202988,139196782.36196297,527597432.71187353,6594967908.898419,527597432.71187353
783,Бета-калибровка,0.016473134472407138,0.20062581043369668,0.049848075905661336,139993336.3734593,551482607.0520982,6893532588.151228,551482607.0520982
783,Изотоническая регрессия,0.49300454990893183,4.947011310382938e-05,0.05008561019497332,140680759.67156306,526487880.51827514,6581098506.478439,526487880.51827514
783,Логит-калибровка,0.029914179990130074,0.08929362650869271,0.04988835139932717,140106446.06987047,545656747.0543754,6820709338.179693,545656747.0543754
783,Монотонный сплайн,0.479783220340055,3.284856338929346e-05,0.050039526899508226,140548866.15201682,530387731.5084047,6629846643.855059,530387731.50840473
783,Французский сплайн,0.12111796718150489,0.0036661189147289986,0.05001360351264059,140478513.40615517,530193193.8918805,6627414923.648506,530193193.8918805
784,Бета-калибровка,0.0017841988000232138,0.01841236993791689,0.04987980077282978,140082432.49041516,550328565.1177018,6879107063.9712715,550328565.1177018
784,Изотоническая регрессия,0.49112342796920366,1.0481620291926204e-06,0.0499691223409032,140352419.18219253,524807265.8600037,6560090823.250048,524807265.8600037
784,Логит-калибровка,0.007878438358126877,0.009908138697887668,0.049926396424433576,140213291.7183793,544379652.9276891,6804745661.596115,544379652.9276892
784,Монотонный сплайн,0.33406599140582593,5.267854267157452e-06,0.05001897636878886,140489794.85562038,528543347.3111123,6606791841.388904,528543347.3111123
784,Французский сплайн,0.12769504010495794,7.67437979193614e-05,0.049993976627423165,140422223.9516613,528421544.5847235,6605269307.309044,528421544.5847235
785,Бета-калибровка,0.00027807504025078916,0.01634988011812877,0.049507432502448996,139036673.43987778,549195259.8904927,6864940748.631159,549195259.8904927
785,Изотоническая регрессия,0.4351543698672278,1.3533267186180055e-07,0.04965877126780861,139483340.82851374,523779754.0495739,6547246925.619674,523779754.04957396
785,Логит-калибровка,0.0008775818401246622,0.00866896725327555,0.04955602502041936,139173140.6673457,543225973.3599266,6790324666.999083,543225973.3599266
785,Монотонный сплайн,0.3097856575491884,7.498904703495712e-07,0.049750908852164544,139739120.14236695,527425070.00125057,6592813375.015633,527425070.00125057
785,Французский сплайн,0.08849067649679233,6.508959353061516e-05,0.04971249939665507,139634228.4278739,527282101.0704659,6591026263.380823,527282101.0704659
786,Бета-калибровка,0.0002788908705735509,0.004578093316039866,0.0487957865154189,137038086.84990245,548358947.6052694,6854486845.065867,548358947.6052694
786,Изотоническая регрессия,0.5763347137871111,1.7961879491771884e-08,0.04884917212392542,137210619.39283216,521889354.1952019,6523616927.440022,521889354.1952019
786,Логит-калибровка,0.000880466898161107,0.0021273417120316563,0.04888870450807368,137299037.7404741,542256799.3521936,6778209991.90242,542256799.3521936
786,Монотонный сплайн,0.276392638045064,1.010168181215675e-07,0.04893333813862916,137444072.30212677,525647520.61430526,6570594007.678816,525647520.61430526
786,Французский сплайн,0.08841570490710007,6.7313583187484225e-06,0.04889952649530654,137351974.8798314,525559598.9563025,6569494986.953781,525559598.9563025
787,Бета-калибровка,0.0033812156196042506,0.018204352341584223,0.049282146932366766,138403981.44485885,549192381.8775985,6864904773.469982,549192381.8775985
787,Изотоническая регрессия,0.38946859780729814,7.662753578055228e-06,0.04951236462950954,139072172.42551464,524165179.15218735,6552064739.402342,524165179.15218735
787,Логит-калибровка,0.006416610200984014,0.009782361612442898,0.04933017696330607,138538868.9837488,543231797.7630005,6790397472.037505,543231797.7630005
787,Монотонный сплайн,0.3545948294439294,3.563669129303962e-05,0.04957338348969526,139240539.57930982,527788232.5674174,6597352907.092716,527788232.5674174
787,Французский сплайн,0.1848957637191881,7.622877982623778e-05,0.04952906167454113,139119014.41062894,527587739.4167361,6594846742.709202,527587739.4167361
788,Бета-калибровка,0.0006151885107967941,0.016780875808668043,0.049296311385494354,138443760.89502236,550705958.0504291,6883824475.630363,550705958.0504291
788,Изотоническая регрессия,0.3285948269413688,1.318079728978385e-07,0.04939557040363838,138743091.12157804,525088999.56984586,6563612494.623074,525088999.56984586
788,Логит-калибровка,0.003143720151804811,0.00916763835654947,0.049386354231912025,138696637.22490174,544648338.4848927,6808104231.061159,544648338.4848927
788,Монотонный сплайн,0.3097845741100562,6.943686485614499e-07,0.04947081668949965,138951848.22315434,528550241.66778064,6606878020.847257,528550241.66778064
788,Французский сплайн,0.24508385736697777,6.940609701363434e-05,0.04942060919852474,138813328.38311023,528498063.77038884,6606225797.12986,528498063.77038884
789,Бета-калибровка,0.016384432327531027,0.023757984095748565,0.04888528346761065,137289430.09043777,548673516.9438024,6858418961.797529,548673516.9438024
789,Изотоническая регрессия,0.24459255417399345,0.0021611342770785262,0.04906864337581742,137824710.05664563,523232908.0543763,6540411350.679704,523232908.0543763
789,Логит-калибровка,0.029883251735606173,0.022730874273912897,0.0489394053297442,137441425.92805368,542671370.7451642,6783392134.314552,542671370.7451642
789,Монотонный сплайн,0.15628882670746724,0.008388307873305323,0.04912649023012371,137984434.0989853,526852709.2650647,6585658865.813308,526852709.2650647
789,Французский сплайн,0.11699559431375435,0.01673922833060123,0.049084189633807035,137868318.2582298,526708312.25879663,6583853903.234958,526708312.25879663
790,Бета-калибровка,0.0033892640569967263,0.016749397846009293,0.04852280132737409,136271435.2477974,548664621.7905326,6858307772.381659,548664621.7905326
790,Изотоническая регрессия,0.5573585692257209,1.0136718656813399e-07,0.04869974116166514,136791196.67842036,523185712.4134237,6539821405.167797,523185712.4134238
790,Логит-калибровка,0.006418474724130165,0.009367782028299184,0.048587681159070105,136453643.7671325,542621482.6210306,6782768532.762883,542621482.6210306
790,Монотонный сплайн,0.28487180853924543,5.435733968018324e-07,0.04876336822632537,136966646.43676227,526951084.9351088,6586888561.688858,526951084.9351088
790,Французский сплайн,0.1625439855658079,7.298611535912177e-05,0.04871101214229592,136822788.17079777,526777960.673544,6584724508.4193,526777960.673544
791,Бета-калибровка,0.016517839216902253,0.023724247878218592,0.04968068076203521,139523223.85209966,549460426.2514066,6868255328.142582,549460426.2514066
791,Изотоническая регрессия,0.6120014776386355,5.626415679455973e-05,0.0497810795119446,139826472.50134522,523948664.0130881,6549358300.163601,523948664.0130881
791,Логит-калибровка,0.029932125142298035,0.02272996158176691,0.049728943961279255,139658766.22085667,543425044.4994915,6792813056.243643,543425044.4994915
791,Монотонный сплайн,0.5473418936766763,3.907675896382835e-05,0.04988561398586822,140116629.48054045,527693926.45047104,6596174080.630888,527693926.45047104
791,Французский сплайн,0.44593516607991057,0.0005392742299155685,0.04984648195726472,140009980.1986676,527535167.60479915,6594189595.059989,527535167.60479915
792,Бета-калибровка,0.0018956393789637243,0.017289106513769772,0.04835836761064345,135809639.59773105,548378939.1381534,6854736739.226919,548378939.1381534
792,Изотоническая регрессия,0.21284374615042523,8.197167866423025e-06,0.04841499704798564,135990803.70956284,522442251.02975386,6530528137.871923,522442251.02975386
792,Логит-калибровка,0.006433402219981284,0.009230267595970976,0.04844994044554312,136066812.74726328,542230531.2503763,6777881640.629704,542230531.2503763
792,Монотонный сплайн,0.12358052088586233,4.14787682070104e-05,0.04849374078479658,136209071.44949913,526108044.28846776,6576350553.605846,526108044.2884677
792,Французский сплайн,0.06569813736244852,6.907054494679925e-05,0.048450666188678986,136090888.17256114,526006882.29174674,6575086028.646835,526006882.29174674
793,Бета-калибровка,0.004775825543469534,0.017899114074769667,0.04934203747855765,138572178.05478132,549780617.1258807,6872257714.073508,549780617.1258807
793,Изотоническая регрессия,0.18917313395179666,1.0835462355602795e-06,0.049565799755678874,139220684.83384857,524571840.7980454,6557148009.975569,524571840.7980454
793,Логит-калибровка,0.018236797404921068,0.009597556695290577,0.04939167668608924,138711584.80521306,543855924.1687543,6798199052.109428,543855924.1687543
793,Монотонный сплайн,0.2896342523810484,6.420632398720363e-07,0.04957042944929931,139230949.20475245,528132480.3164917,6601656003.956146,528132480.3164917
793,Французский сплайн,0.2644573491577761,7.42130498399464e-05,0.04953787867562667,139142180.22478867,527976993.00197923,6599712412.52474,527976993.00197923
794,Бета-калибровка,0.003422509891688832,0.03579965983599991,0.04828426589523855,135601532.34018794,549019428.7740067,6862742859.675083,549019428.7740067
794,Изотоническая регрессия,0.12606463456078232,1.0049898751231462e-06,0.04834865080510196,135804118.12104833,523691856.5080809,6546148206.351011,523691856.5080809
794,Логит-калибровка,0.006428296248850279,0.028640358344334586,0.04838317139020296,135879298.532246,542969507.7407578,6787118846.759473,542969507.7407578
794,Монотонный сплайн,0.1999178032646607,5.2617905686879515e-06,0.04841907266565358,135999127.62823784,527272812.49691325,6590910156.211414,527272812.49691325
794,Французский сплайн,0.13552946817296427,0.0005175612317465505,0.04838553717562128,135907605.85637683,527141473.6424765,6589268420.530956,527141473.6424765
795,Бета-калибровка,0.0031365883257085596,0.023736907434551965,0.04993947781594146,140250029.49829,549124841.5168467,6864060518.960585,549124841.5168467
795,Изотоническая регрессия,0.4936085373999913,5.16245768272347e-05,0.05013252083239548,140813819.10569945,523630385.89518934,6545379823.689866,523630385.89518934
795,Логит-калибровка,0.01276816359105974,0.022730228916190042,0.049962208102741684,140313865.23573977,543131158.9759735,6789139487.19967,543131158.9759735
795,Монотонный сплайн,0.47988527927280084,3.645283542054059e-05,0.05014177761199538,140836835.31514132,527322428.2660003,6591530353.325003,527322428.2660002
795,Французский сплайн,0.12292982143092031,0.0034508671847708586,0.05010777798647071,140744272.03408402,527169996.0695659,6589624950.869574,527169996.0695659
796,Бета-калибровка,0.01654003514275668,0.017796435643096024,0.04872309822486375,136833949.05470735,550020933.3165635,6875261666.457044,550020933.3165635
796,Изотоническая регрессия,0.3717167883462579,1.0400047919087763e-06,0.04877741396012917,137007897.7656268,524567013.6646006,6557087670.8075075,524567013.6646006
796,Логит-калибровка,0.029941797007014853,0.009535642345659493,0.048817584670875325,137099304.78968626,543986194.633476,6799827432.918451,543986194.633476
796,Монотонный сплайн,0.248454375823008,5.169934411316629e-06,0.04883303070377913,137161630.322586,528319266.5589873,6603990831.987342,528319266.5589873
796,Французский сплайн,0.1260146686169278,7.310283427522514e-05,0.048799473619738604,137069761.58949047,528201621.61584187,6602520270.198023,528201621.61584187
797,Бета-калибровка,0.0039273247622429105,0.005604331124221469,0.049034630848724725,137708857.27555853,548202887.4657799,6852536093.322248,548202887.4657799
797,Изотоническая регрессия,0.4913033611755904,1.2712215921257785e-08,0.04911674338038071,137959794.1094612,522527569.5595495,6531594619.4943695,522527569.55954957
797,Логит-калибровка,0.015512944541863801,0.002666722925881919,0.04908035788013413,137837277.07056868,542146439.0124598,6776830487.655748,542146439.0124598
797,Монотонный сплайн,0.1900516762724419,6.713395170388472e-08,0.04919632522179701,138180607.82959944,526298633.72287667,6578732921.535957,526298633.72287667
797,Французский сплайн,0.1252990647911947,8.990883159918054e-06,0.04916539743069609,138096385.70107716,526161581.13131624,6577019764.141453,526161581.13131624
798,Бета-калибровка,0.016578865467636133,0.01675234193948475,0.04890912671199513,137356391.4579671,549102985.6418736,6863787320.523419,549102985.6418736
798,Изотоническая регрессия,0.3757572027493661,1.0234197364576166e-06,0.048990955704663164,137606292.800976,523764541.00940555,6547056762.61757,523764541.00940555
798,Логит-калибровка,0.029959246688489125,0.02280868787064906,0.04896153705458779,137503580.66410437,543138053.3306689,6789225666.633362,543138053.3306689
798,Монотонный сплайн,0.35681098420595453,5.35770489490449e-06,0.04912364152578852,137976143.35509163,527436461.7037409,6592955771.296761,527436461.70374095
798,Французский сплайн,0.4051944237590589,0.0005373474690515811,0.049086958676961646,137875956.62250975,527288795.32646066,6591109941.580758,527288795.3264606
799,Бета-калибровка,0.0020622850613111797,0.045905181159555844,0.048925751234445015,137403079.7668154,547317546.2946913,6841469328.683643,547317546.2946913
799,Изотоническая регрессия,0.5752931243585113,1.2359850786386325e-05,0.04897582710863964,137563805.65190357,520828421.3624962,6510355267.031202,520828421.3624962
799,Логит-калибровка,0.006457509613364224,0.027313684233822653,0.04898758788962172,137576741.82921365,541222355.6648433,6765279445.810542,541222355.6648433
799,Монотонный сплайн,0.7604292943518911,5.6963117596924694e-05,0.049059370111720256,137795867.65400156,524537833.6474296,6556722920.592871,524537833.6474296
799,Французский сплайн,0.2754356447304248,0.0004474583200869196,0.049033534015007464,137725844.00391814,524478085.8937466,6555976073.671831,524478085.8937466
800,Бета-калибровка,0.0022378646524471493,0.017843267193047373,0.04951044923949169,139045145.64418846,549816436.5746524,6872705457.183156,549816436.5746524
800,Изотоническая регрессия,0.3278937995045036,1.2144694385119378e-07,0.04959080701546047,139290915.22221923,524038493.0718266,6550481163.397833,524038493.0718266
800,Логит-калибровка,0.006444129063033407,0.009563146891837937,0.0495760222449965,139229300.8728482,543812535.7813455,6797656697.266819,543812535.7813455
800,Монотонный сплайн,0.4753242777197672,6.749437965671165e-07,0.04965218598986016,139460710.18599963,527847836.31886196,6598097953.985774,527847836.31886196
800,Французский сплайн,0.10666555625159164,7.22192932022022e-05,0.049623066551152846,139381415.6138669,527731866.44326496,6596648330.540812,527731866.44326496
801,Бета-калибровка,0.006220740676712042,0.005415829282754317,0.04924293863011674,138293868.84881985,549604827.4929626,6870060343.662033,549604827.4929626
801,Изотоническая регрессия,0.7302428858305232,1.3163373474742604e-07,0.04934327858098353,138596832.76683417,524215092.5807502,6552688657.259378,524215092.5807502
801,Логит-калибровка,0.022816750856937865,0.002566408380193987,0.0493249644997692,138524230.3011518,543588579.457003,6794857243.212538,543588579.457003
801,Монотонный сплайн,0.16169062569746656,6.406103737006007e-07,0.049419149826632994,138806963.27905688,527709485.3463031,6596368566.828789,527709485.3463031
801,Французский сплайн,0.26803961636673357,8.440255059167292e-06,0.049387726611924615,138721668.11038995,527563325.35562015,6594541566.945251,527563325.35562015
802,Бета-калибровка,0.0032737909552267826,0.0011040791870437867,0.04915883123414377,138057661.63796937,549026318.4670773,6862828980.838466,549026318.4670773
802,Изотоническая регрессия,0.14018231574914797,0.010069402961382133,0.049202387054290773,138200196.2032702,523368527.67976904,6542106595.997113,523368527.67976904
802,Логит-калибровка,0.006413552162362222,0.0015882954581849028,0.04921522331781301,138216033.16574603,543000564.6148937,6787507057.686171,543000564.6148937
802,Монотонный сплайн,0.11669987401031827,0.008376410615993505,0.049257613155442394,138352794.74961525,527168899.082065,6589611238.525812,527168899.082065
802,Французский сплайн,0.10898922209881826,0.0011152300776088976,0.04923269996502838,138285447.36172655,527037863.316566,6587973291.457075,527037863.316566
803,Бета-калибровка,0.0034093120364185343,0.04860981749471477,0.04963710180418101,139400836.70686197,550282435.859115,6878530448.238938,550282435.859115
803,Изотоническая регрессия,0.6230346805976034,8.700038132439282e-06,0.049689991601956564,139569584.8149348,524765370.47373974,6559567130.921746,524765370.47373974
803,Логит-калибровка,0.006423995565663487,0.02915260018772925,0.049714395176504035,139617907.4136939,544263310.0267427,6803291375.334284,544263310.0267428
803,Монотонный сплайн,0.33383854880854036,4.3979571780292716e-05,0.04976783339883878,139784864.57705986,528402713.6405206,6605033920.506506,528402713.6405206
803,Французский сплайн,0.2754074671543848,0.0005159467938273053,0.0497399241733835,139709604.33445147,528287750.77359533,6603596884.669941,528287750.77359533
804,Бета-калибровка,0.0017432845604477003,0.05077690778538682,0.04983331951901973,139951894.537215,549820555.3242072,6872756941.552589,549820555.3242072
804,Изотоническая регрессия,0.5441078553734315,7.3363737296243375e-06,0.049982315667726124,140391145.721242,524541435.11477685,6556767938.9347105,524541435.1147769
804,Логит-калибровка,0.0077266888386965885,0.030633108090876562,0.04987222084473109,140061145.02034283,543874304.5023537,6798428806.27942,543874304.5023537
804,Монотонный сплайн,0.6190464969274354,3.565666348998624e-05,0.05006495131888378,140620489.1725717,528304900.9788772,6603811262.235964,528304900.9788772
804,Французский сплайн,0.44385587788729675,0.0005595663708036062,0.050030689200051166,140527012.46880782,528130450.25814074,6601630628.226759,528130450.25814074
805,Бета-калибровка,0.010942573435860258,0.005109994389874452,0.04871332890010132,136806512.88304457,548068832.8930187,6850860411.162734,548068832.8930187
805,Изотоническая регрессия,0.631837906875141,1.1306548612101617e-06,0.048812078878768886,137104772.32313454,522069294.6066123,6525866182.582654,522069294.6066123
805,Логит-калибровка,0.03008160738612127,0.0024055661602015877,0.04877625240101127,136983227.24300006,542012761.7370986,6775159521.713732,542012761.7370985
805,Монотонный сплайн,0.3850333323498212,5.732399439412843e-06,0.0489039548134091,137360044.33518338,525852223.859897,6573152798.248713,525852223.859897
805,Французский сплайн,0.32159056245744966,8.05610078620076e-06,0.048864672630396136,137252517.3932004,525744454.1980497,6571805677.475621,525744454.1980497
806,Бета-калибровка,0.0163410221943249,0.017641152519934526,0.04959084498489574,139270929.0555812,550334711.9016998,6879183898.771248,550334711.9016998
806,Изотоническая регрессия,0.4462376608649782,1.2084307215828837e-07,0.049702266931304834,139604896.0498765,524873102.2675632,6560913778.34454,524873102.2675632
806,Логит-калибровка,0.02987051736865301,0.009442815810513818,0.04965804738992301,139459660.28985977,544388857.1596814,6804860714.496018,544388857.1596814
806,Монотонный сплайн,0.4224197032610785,6.562678267602646e-08,0.049763291581508697,139773440.32875085,528667902.88661313,6608348786.082664,528667902.88661313
806,Французский сплайн,0.18079313511004594,7.347771988169172e-05,0.04973507645655887,139696883.23050773,528502322.4749636,6606279030.937044,528502322.4749636
807,Бета-калибровка,0.01649362432662614,0.023799502038820405,0.0484087008875345,135950995.5725519,548809358.2143797,6860116977.679747,548809358.2143797
807,Изотоническая регрессия,0.26699928380363186,7.448816290502173e-06,0.048492077464905754,136206439.15244132,523276033.48353755,6540950418.544219,523276033.48353755
807,Логит-калибровка,0.029922224242266957,0.022732706297185674,0.04849042801876396,136180518.04789674,542759509.3914771,6784493867.393463,542759509.391477
807,Монотонный сплайн,0.2975738887858621,4.821207286825156e-06,0.04857144812420971,136426399.70841718,526971526.57676566,6587144082.209571,526971526.57676566
807,Французский сплайн,0.2038567595822912,0.0005535802435139005,0.048531315579995536,136316555.6798008,526853091.20482695,6585663640.060337,526853091.2048269
808,Бета-калибровка,0.0013425420669954465,0.016787001976582536,0.04930713227661794,138474150.28565386,551081242.148109,6888515526.851362,551081242.148109
808,Изотоническая регрессия,0.4879326052590852,9.600249607191621e-08,0.049471524460040515,138957118.0935778,525900192.25714886,6573752403.214361,525900192.25714886
808,Логит-калибровка,0.006161247175851568,0.009912851763296876,0.04939408022943767,138718334.91635278,545165101.9269539,6814563774.086924,545165101.9269539
808,Монотонный сплайн,0.37168920478457684,5.394830467186145e-08,0.04948717040599362,138998442.35695124,529584026.9552715,6619800336.940893,529584026.9552715
808,Французский сплайн,0.11952078693443999,7.857749085162682e-05,0.04945635650706122,138914433.03739327,529408527.05253905,6617606588.156738,529408527.05253905
809,Бета-калибровка,9.348429112842072e-05,0.005314388415120127,0.048531272163199066,136295224.74312827,548006657.1144619,6850083213.930773,548006657.1144619
809,Изотоническая регрессия,0.36500567348545165,1.26910718353036e-07,0.048517405571431554,136277211.8068084,522104485.6432226,6526306070.540283,522104485.6432226
809,Логит-калибровка,0.0005307386629950937,0.0025128593517874695,0.04859936181369092,136486447.7175696,541924762.6761928,6774059533.45241,541924762.6761928
809,Монотонный сплайн,0.2277826386269829,7.040629584488559e-07,0.04866424967127838,136686903.150791,525659260.267853,6570740753.348162,525659260.26785296
809,Французский сплайн,0.1268483801586702,8.452337557589788e-06,0.04863347702694838,136603269.74620974,525533845.60528266,6569173070.066033,525533845.60528266
810,Бета-калибровка,0.016479185986667658,0.01761381458777536,0.04899168970253215,137588261.3605913,549785537.5464895,6872319219.331118,549785537.5464895
810,Изотоническая регрессия,0.44376441050810805,9.052556495535953e-06,0.049131902004200714,138001408.7885973,524373416.2009274,6554667702.511591,524373416.2009274
810,Логит-калибровка,0.02991652702983098,0.009425962615251362,0.049066676546705046,137798854.41376647,543786617.5187037,6797332718.983796,543786617.5187037
810,Монотонный сплайн,0.1699041745089085,4.223100920123457e-05,0.04914146430431003,138025355.01317745,528255592.4017091,6603194905.021363,528255592.4017091
810,Французский сплайн,0.13110306327212168,7.276384093842521e-05,0.049110997700848154,137942667.3721156,528096989.0852215,6601212363.565269,528096989.0852215
811,Бета-калибровка,0.011708913387231859,0.05055625502025592,0.049318250290537394,138505374.11594522,549655840.9337213,6870698011.671515,549655840.9337213
811,Изотоническая регрессия,0.3594017159663755,8.118017246721042e-06,0.04943092062439503,138842727.48155105,524241237.7689821,6553015472.112277,524241237.7689821
811,Логит-калибровка,0.029880527381028293,0.030476500132504237,0.04937080119490977,138652958.07578462,543722259.2611039,6796528240.763798,543722259.2611039
811,Монотонный сплайн,0.4399947151508713,5.170672093076192e-06,0.04948002679861185,138977531.3311016,527989995.0628279,6599874938.285349,527989995.0628279
811,Французский сплайн,0.11666046301081226,0.0005401794184846369,0.04945458155462854,138909077.26477087,527841164.31002533,6598014553.875317,527841164.31002533
812,Бета-калибровка,0.0001803886106422602,0.01680497600367291,0.04949128083619706,138991313.10037583,549031724.6944442,6862896558.680552,549031724.6944442
812,Изотоническая регрессия,0.4896581321234251,1.2245715620035438e-06,0.04956772117640077,139227994.55180392,522957206.24130887,6536965078.016361,522957206.24130887
812,Логит-калибровка,0.0009494026251800848,0.00893993158250321,0.049531881929963016,139105337.21210814,543049639.1179582,6788120488.974478,543049639.1179582
812,Монотонный сплайн,0.36910284646194913,6.1115463868410726e-06,0.04963360633453587,139409945.6633639,526798192.5001671,6584977406.252088,526798192.5001671
812,Французский сплайн,0.12117608902222742,6.607928173452583e-05,0.04960406750406662,139329893.37260115,526701781.80456495,6583772272.557062,526701781.80456495
813,Бета-калибровка,0.003408698390021841,0.016946814276158167,0.04853508873391865,136305943.20033717,547503309.0054579,6843791362.568222,547503309.0054579
813,Изотоническая регрессия,0.5361841351796708,9.285219941335298e-06,0.04863571868271359,136609960.74853283,521258757.5417949,6515734469.272436,521258757.5417949
813,Логит-калибровка,0.006423842043384071,0.009024795881850364,0.048594972531653326,136474120.8578952,541433799.8571277,6767922498.214096,541433799.8571277
813,Монотонный сплайн,0.3456115250882307,5.863731080448094e-06,0.0486716331138772,136707686.73379058,524935700.81778854,6561696260.222357,524935700.81778854
813,Французский сплайн,0.2754143722012983,6.668488803050657e-05,0.048640674928243414,136623800.819053,524849805.3524564,6560622566.9057045,524849805.35245633
814,Бета-калибровка,0.004003743190164409,0.05484858238288026,0.048567441064680854,136396801.4860497,549971512.2959397,6874643903.699245,549971512.2959397
814,Изотоническая регрессия,0.7217876122774659,8.013247923375619e-06,0.048526817080689545,136304001.88940853,524589950.05061454,6557374375.632682,524589950.05061454
814,Логит-калибровка,0.015764185830365984,0.06225634198115495,0.048675320692209,136699770.6319998,543862698.5236341,6798283731.545426,543862698.5236341
814,Монотонный сплайн,0.4946940201808217,4.010073310432349e-05,0.04868183330400965,136736447.8252374,528030755.7734847,6600384447.168558,528030755.7734847
814,Французский сплайн,0.44171179724752085,0.0024353191520471475,0.04863552913955591,136609138.6515587,527948628.92081726,6599357861.510216,527948628.92081726
815,Бета-калибровка,0.0022389812709010626,0.005739272450473791,0.04834130539859147,135761722.08140427,548164326.323141,6852054079.039261,548164326.323141
815,Изотоническая регрессия,0.43397869395785343,1.0426488921288132e-07,0.04842713857403426,136023466.7713178,522518246.0941563,6531478076.176954,522518246.0941563
815,Логит-калибровка,0.006457550349640868,0.00273863412670585,0.0484091850929476,135952355.41503406,542079697.5312313,6775996219.14039,542079697.5312313
815,Монотонный сплайн,0.5502501420238324,5.475878202659119e-07,0.04847113760528336,136144131.7986613,526380218.07693577,6579752725.961697,526380218.07693577
815,Французский сплайн,0.2754731380866536,9.388799905109973e-06,0.048436766893030954,136050408.74193627,526249817.02906096,6578122712.863262,526249817.02906096
816,Бета-калибровка,0.0016258636235724174,0.049154517277287146,0.04875558447439805,136925183.43789953,547919307.8139503,6848991347.674379,547919307.8139503
816,Изотоническая регрессия,0.46478205702721276,8.960707885030213e-06,0.048746519135643214,136920773.9405404,521994633.70728636,6524932921.34108,521994633.70728636
816,Логит-калибровка,0.007244684297758137,0.02951869385987822,0.04881792491857697,137100260.3413316,541800068.97548,6772500862.1935,541800068.97548
816,Монотонный сплайн,0.35520704163737926,4.384006746332072e-05,0.04889166248422926,137325463.9577893,525429630.82393104,6567870385.299137,525429630.82393104
816,Французский сплайн,0.24618999618011472,0.0005080494605256935,0.04885404362511261,137222667.86997494,525362488.9840963,6567031112.301205,525362488.9840963
817,Бета-калибровка,0.01638405450416163,0.04593797968217231,0.04825284418036916,135513287.59614876,546662790.6046035,6833284882.557546,546662790.6046035
817,Изотоническая регрессия,0.4929732466514123,9.273718602879363e-06,0.04848878886003287,136198160.23451632,520925350.5351428,6511566881.689285,520925350.5351428
817,Логит-калибровка,0.02988304020855308,0.027339741121538804,0.04830252490692003,135652810.9485942,540610737.1356912,6757634214.19614,540610737.1356912
817,Монотонный сплайн,0.41088698905409193,6.457810003371667e-06,0.04849578908636551,136214939.1474931,524570693.8660234,6557133673.325293,524570693.8660234
817,Французский сплайн,0.17871404317445627,0.0004709886120398491,0.048451084352905384,136092167.49896345,524437846.1338269,6555473076.672836,524437846.1338269
818,Бета-калибровка,0.002556813178526157,0.05724702095893659,0.048260302670246544,135534234.01912042,548293093.3484643,6853663666.855804,548293093.3484643
818,Изотоническая регрессия,0.49575484616903076,0.002250116104410397,0.04828928887903897,135636927.68789306,522606695.85482967,6532583698.1853695,522606695.85482967
818,Логит-калибровка,0.010668115111513755,0.04770580897842186,0.04833571165323331,135746012.60694045,542283270.9878634,6778540887.348293,542283270.9878634
818,Монотонный сплайн,0.23555390790458658,0.0017201146646725284,0.048387546412877944,135910148.59745222,526239120.20153916,6577989002.519239,526239120.2015392
818,Французский сплайн,0.12019104157625679,0.018784947347276967,0.04836111935602375,135838582.5211209,526135305.04323685,6576691313.040461,526135305.04323685
819,Бета-калибровка,0.0060257886055288664,0.0167347052481771,0.04934621328448517,138583905.38814816,549671008.8930013,6870887611.162517,549671008.8930013
819,Изотоническая регрессия,0.30901297027444985,8.325923949013777e-06,0.04947851305471128,138977103.66285118,523975689.25118035,6549696115.639754,523975689.25118035
819,Логит-калибровка,0.020053321057011103,0.022762924052340094,0.04942017352550947,138791615.3290408,543658702.8219225,6795733785.274031,543658702.8219225
819,Монотонный сплайн,0.35201713757164743,5.36206237056508e-06,0.04948651322052691,138996801.62230682,527896449.9036057,6598705623.795071,527896449.9036057
819,Французский сплайн,0.12189973126953918,0.002380950537152626,0.04946027542445507,138925770.27005222,527743889.2744921,6596798615.93115,527743889.2744921
820,Бета-калибровка,0.0033629787116380688,0.0058352755156994155,0.04831608657221805,135690897.52941716,549454731.43493,6868184142.936625,549454731.4349298
820,Изотоническая регрессия,0.28634109685077413,1.0068605112524424e-07,0.048409022484347086,135971991.54504037,524426253.47698313,6555328168.46229,524426253.47698313
820,Логит-калибровка,0.0064132438079462385,0.002789885865373319,0.04840126536254689,135930113.6441767,543402772.867653,6792534660.845663,543402772.867653
820,Монотонный сплайн,0.4120239393267179,5.590528434152438e-07,0.04848884081334472,136193221.36107266,527904860.64929074,6598810758.116135,527904860.64929074
820,Французский сплайн,0.11691804277556275,9.648586754785373e-06,0.04845120115636873,136090309.38218448,527781664.7369464,6597270809.21183,527781664.7369464
821,Бета-калибровка,0.0165680252723407,0.054872173396151885,0.0496721241001192,139499193.3227748,549746569.6011565,6871832120.014458,549746569.6011565
821,Изотоническая регрессия,0.09766986083466078,6.933537401295459e-05,0.04974818120897383,139733004.50728208,523674910.19548494,6545936377.443562,523674910.195485
821,Логит-калибровка,0.02995439817933264,0.07269835949204506,0.04973526643886889,139676522.26691937,543753529.0197396,6796919112.746745,543753529.0197396
821,Монотонный сплайн,0.08473994986533745,0.0003160500234069145,0.049787800301739245,139841709.666097,527428995.7189156,6592862446.4864435,527428995.7189155
821,Французский сплайн,0.41979286059877735,0.0031559442339272555,0.04976694957195649,139785788.15067285,527312126.06327814,6591401575.790977,527312126.06327814
822,Бета-калибровка,0.00027685467663864126,0.054973906799511654,0.049633534764530765,139390819.0327082,550510867.7085791,6881385846.357239,550510867.7085791
822,Изотоническая регрессия,0.25572749072400974,0.0003801423355939399,0.04972902617181946,139679568.30093777,524859791.6437907,6560747395.547383,524859791.6437907
822,Логит-калибровка,0.000873134767234167,0.07286318572612992,0.04970303540338572,139586004.6268685,544515233.3373573,6806440416.716967,544515233.3373573
822,Монотонный сплайн,0.2307594028908378,0.001652802699275871,0.04975290567925329,139743785.3910043,528555852.09563404,6606948151.195425,528555852.09563404
822,Французский сплайн,0.08829313618105443,0.017564849030341813,0.049723681811818535,139664499.5287671,528434592.0725762,6605432400.907202,528434592.0725762
823,Бета-калибровка,0.0022376484686532027,0.11310050549769682,0.04970491412613944,139591280.83185002,549581106.4526768,6869763830.658461,549581106.4526768
823,Изотоническая регрессия,0.32873963704279363,5.548096858251879e-05,0.049815403310850576,139922987.05819276,523928804.0417602,6549110050.522003,523928804.0417602
823,Логит-калибровка,0.006437000998718457,0.08325002464131007,0.049750234582095494,139718558.80035698,543622181.5401493,6795277269.251867,543622181.5401493
823,Монотонный сплайн,0.3099770435401996,3.908434801876611e-05,0.049842078629614706,139995188.11240673,527566696.4053483,6594583705.066854,527566696.4053483
823,Французский сплайн,0.12451926184412221,0.0033047770428966776,0.049814800567820644,139921388.4103353,527416123.855427,6592701548.192839,527416123.855427
824,Бета-калибровка,0.00027733375772439863,0.005792654862005095,0.04825316972799976,135514201.86411455,548326735.4132401,6854084192.665501,548326735.4132401
824,Изотоническая регрессия,0.4891851964646704,9.21331154743777e-06,0.04835685937593474,135826812.27137512,522488442.0097653,6531105525.1220665,522488442.0097653
824,Логит-калибровка,0.0008749381581277071,0.008109571150921807,0.048351119923769316,135789285.19391376,542206389.7741444,6777579872.1768055,542206389.7741444
824,Монотонный сплайн,0.27644635850919796,6.568231220725089e-06,0.04844908255282881,136083175.5063904,526123054.63274205,6576538182.909275,526123054.63274205
824,Французский сплайн,0.08850441591873315,0.00047792523955459234,0.048401258433388175,135951499.1282692,526058209.63776296,6575727620.472037,526058209.63776296
825,Бета-калибровка,0.016588654495136308,0.09658496528507823,0.04919202706515334,138150888.80977663,550400183.7329924,6880002296.662405,550400183.7329924
825,Изотоническая регрессия,0.38227802732509597,7.198036002644782e-06,0.04924129470754887,138311258.45668024,524992519.9739814,6562406499.674767,524992519.9739814
825,Логит-калибровка,0.029963747310928587,0.062450989942248306,0.04928170919586692,138402752.10567263,544402908.2334929,6805036352.918662,544402908.2334929
825,Монотонный сплайн,0.2288108410578955,4.807708645287758e-06,0.04927858461935241,138412841.2934148,528580261.9034755,6607253273.793444,528580261.9034755
825,Французский сплайн,0.13425597353705535,0.0023651268229270333,0.049251132127454036,138338812.05216017,528429147.21155226,6605364340.144403,528429147.21155226
826,Бета-калибровка,0.009206293391413187,0.051990673218106416,0.04957119644796135,139215748.10445467,552647241.6686165,6908090520.857708,552647241.6686165
826,Изотоническая регрессия,0.310090266284393,8.931671372998196e-07,0.04961228355596765,139351349.53857955,528213901.48152417,6602673768.5190525,528213901.4815242
826,Логит-калибровка,0.02989596384569814,0.03146367406592819,0.04967610474394533,139510372.56289607,546704605.4716479,6833807568.395597,546704605.4716479
826,Монотонный сплайн,0.45171923708573414,4.687405066301161e-06,0.0497150393330161,139636898.1024839,531755280.694517,6646941008.681463,531755280.694517
826,Французский сплайн,0.41765955200387117,0.0005723036509481358,0.04968079722847617,139543713.7333947,531555360.8337457,6644442010.421822,531555360.8337457
827,Бета-калибровка,0.0022377743846858315,0.04924664536523217,0.04908555073433346,137851860.6823021,548614117.7214699,6857676471.5183735,548614117.7214699
827,Изотоническая регрессия,0.3060601307513928,8.818007496578785e-06,0.04924563237566955,138322842.3638304,522975340.65002656,6537191758.125332,522975340.65002656
827,Логит-калибровка,0.006442207587481782,0.029582667612859662,0.04913739618571818,137997463.44797093,542636029.6999071,6782950371.248838,542636029.6999071
827,Монотонный сплайн,0.3926763151911649,4.24008062158538e-05,0.0492911636024637,138447631.48779792,526922407.88153434,6586530098.519178,526922407.88153434
827,Французский сплайн,0.11935033375664561,0.0005135272213371852,0.04926022910073961,138363693.8034011,526735349.1818158,6584191864.7726965,526735349.1818158
828,Бета-калибровка,0.00129705466715224,0.016567550317835987,0.049150871574534474,138035307.72992265,548873674.336304,6860920929.2038,548873674.3363041
828,Изотоническая регрессия,0.3091042245535327,1.4834774343104156e-07,0.04919278570105458,138174427.7628417,522708887.1875539,6533861089.844423,522708887.1875539
828,Логит-калибровка,0.005994318258623264,0.008798300164478494,0.049225168378536785,138243962.87428272,542824890.8602757,6785311135.753447,542824890.8602757
828,Монотонный сплайн,0.44503918274614074,7.686537152086945e-07,0.04921198342047617,138225136.17771122,526469104.517511,6580863806.468887,526469104.517511
828,Французский сплайн,0.3382872839911027,6.529287074254111e-05,0.049192204502059675,138172645.04550624,526364321.090361,6579554013.629513,526364321.090361
829,Бета-калибровка,0.0037902445488932034,0.04677215025365734,0.048956799659955925,137490276.16502023,549364477.4785073,6867055968.481341,549364477.4785073
829,Изотоническая регрессия,0.49394958266691913,9.118988421702545e-06,0.048972500582512346,137556137.83592767,523229808.9960637,6540372612.450796,523229808.9960637
829,Логит-калибровка,0.01494338317741859,0.027905966564906376,0.04904688189785383,137743263.12193274,543352143.6926887,6791901796.1586075,543352143.6926887
829,Монотонный сплайн,0.19065143384049682,4.333362332367805e-05,0.04902600898278218,137703530.31912738,527073009.2866256,6588412616.08282,527073009.2866256
829,Французский сплайн,0.12074381241958414,0.0004823693112324915,0.04900909322795718,137658849.58877766,526931820.31382054,6586647753.922756,526931820.31382054
830,Бета-калибровка,0.0055725732113605896,0.023080949694312212,0.04852970871026988,136290833.94192195,547597202.8486007,6844965035.60751,547597202.8486007
830,Изотоническая регрессия,0.5346473595018112,0.0022749633473868216,0.048564753449242666,136411140.38685313,521456751.4588469,6518209393.235586,521456751.4588469
830,Логит-калибровка,0.02075822599995368,0.03140871221535103,0.04861208507634896,136522179.7284184,541439255.0907094,6767990688.633868,541439255.0907094
830,Монотонный сплайн,0.5494578858618797,0.008462271537383737,0.04861573080787153,136551396.2703339,525109560.2062495,6563869502.578119,525109560.2062495
830,Французский сплайн,0.44662434944168483,0.017665694538067177,0.048586610885410976,136472524.19353595,524998195.15716004,6562477439.4645,524998195.15716004
831,Бета-калибровка,0.003790825943079286,0.023618668117147572,0.04843254804849184,136017967.9393845,548234831.7250662,6852935396.563326,548234831.7250662
831,Изотоническая регрессия,0.5763856720632106,8.25211403644714e-06,0.0485320607323155,136318369.36063483,522860166.2576544,6535752078.22068,522860166.2576544
831,Логит-калибровка,0.014945075302051514,0.03221486324003467,0.048494639828436555,136192346.49418122,542171984.092777,6777149801.159713,542171984.092777
831,Монотонный сплайн,0.3841086009491109,5.288306317096649e-06,0.04861186355554163,136539587.1097256,526380287.6095339,6579753595.119173,526380287.6095339
831,Французский сплайн,0.319138382924986,0.002609994293819153,0.048570347761508634,136425875.0721279,526277743.2585808,6578471790.73226,526277743.2585808
832,Бета-калибровка,0.0002782124838484524,0.01615463450581934,0.04913540365190549,137991867.61601138,548456945.1641806,6855711814.552258,548456945.1641806
832,Изотоническая регрессия,0.3315987839783441,1.0105106536057034e-05,0.049225203142586285,138265827.7056393,522118262.4967173,6526478281.208966,522118262.4967173
832,Логит-калибровка,0.0008780678524626923,0.008551940611961122,0.04920094882630993,138175944.6838088,542409994.0525808,6780124925.657259,542409994.0525808
832,Монотонный сплайн,0.24351048180275897,4.7826005483304436e-05,0.04924038088311409,138305163.43522134,525835334.6982405,6572941683.728006,525835334.6982405
832,Французский сплайн,0.0884757557275654,6.170753728273768e-05,0.04921522263402637,138237747.7815621,525734555.1530111,6571681939.412638,525734555.1530111
833,Бета-калибровка,0.004243782091837552,0.005244028179853926,0.049584861273131754,139254124.39946324,550057854.2357693,6875723177.947117,550057854.2357693
833,Изотоническая регрессия,0.3137509019284832,9.025074075180794e-06,0.04972888752200857,139678820.1168089,524319854.1150678,6553998176.438347,524319854.1150678
833,Логит-калибровка,0.01647290578284317,0.0024758567580921904,0.049652888510712936,139445172.0934862,544055718.994884,6800696487.43605,544055718.994884
833,Монотонный сплайн,0.5467528770043419,4.4329116004923104e-05,0.04977876543999139,139815837.49965918,528055487.53305995,6600693594.16325,528055487.53305995
833,Французский сплайн,0.3178197734713146,8.106866405201731e-06,0.04973958917639978,139708817.741322,527938096.75057936,6599226209.382242,527938096.75057936
834,Бета-калибровка,0.002238694981485794,0.005114757566005423,0.049191591508003125,138149665.591076,548181800.0315702,6852272500.394627,548181800.0315702
834,Изотоническая регрессия,0.309711082801548,1.1748760868716958e-07,0.049261668592653476,138368715.67560804,522182087.83659315,6527276097.957415,522182087.83659315
834,Логит-калибровка,0.00645476962645151,0.0024079237990076966,0.049252566706698704,138320908.33909264,542142233.9948356,6776777924.935446,542142233.9948356
834,Монотонный сплайн,0.45103730408456766,6.595670916259398e-07,0.049309728035538236,138501112.53583878,525838001.2453828,6572975015.567284,525838001.2453828
834,Французский сплайн,0.2754408307384352,7.937547895769817e-06,0.04928694396471245,138439728.42231116,525697970.1469716,6571224626.837145,525697970.1469716
835,Бета-калибровка,0.002238507109128593,0.005370542652929411,0.04966882300272145,139489922.52084294,550680577.203295,6883507215.041186,550680577.203295
835,Изотоническая регрессия,0.37293528957039357,1.3028498268506479e-08,0.049727909234700905,139675833.49473405,525051392.3998779,6563142404.998474,525051392.39987797
835,Логит-калибровка,0.006452952135496841,0.002542988859274685,0.04973651629060921,139680032.3505469,544714451.1061665,6808930638.82708,544714451.1061664
835,Монотонный сплайн,0.38642947993636245,7.181629347228755e-08,0.049727791635829376,139672774.48084682,528572559.51193476,6607156993.899185,528572559.51193476
835,Французский сплайн,0.24339283817248436,8.59023912888207e-06,0.04971038550302066,139626671.33721498,528472235.8072411,6605902947.590513,528472235.8072411
836,Бета-калибровка,0.015634284451973908,0.023441143957031205,0.04878346214084406,137003475.07634643,548657739.2725627,6858221740.907034,548657739.2725627
836,Изотоническая регрессия,0.5286602461754693,1.0208462236103266e-05,0.04881958923667732,137126582.01228458,522311860.03313565,6528898250.414194,522311860.03313565
836,Логит-калибровка,0.029932854299605287,0.02836647382818791,0.048876174912412834,137263849.62402022,542511624.2603961,6781395303.2549515,542511624.2603961
836,Монотонный сплайн,0.37035398767141803,4.694819630544908e-05,0.04886118817208051,137240458.3492228,525865528.8790195,6573319110.987743,525865528.8790195
836,Французский сплайн,0.24379809910031847,0.00047317406265599913,0.04882578494132472,137143885.35315138,525832479.95318407,6572905999.414801,525832479.95318407
837,Бета-калибровка,0.0020917486458291884,0.01677798363220562,0.04875719741263942,136929713.21365654,549551692.8857466,6869396161.071833,549551692.8857466
837,Изотоническая регрессия,0.6340818870856462,1.1948112957513726e-06,0.04891423852596226,137392036.2763124,523869980.63418835,6548374757.927355,523869980.63418835
837,Логит-калибровка,0.006426836774574396,0.008924816613528846,0.04884023187084199,137162907.18607265,543540761.3163778,6794259516.454721,543540761.3163778
837,Монотонный сплайн,0.33359787722800716,6.1079127657333756e-06,0.0489401217361922,137461775.842519,527475553.88359725,6593444423.544966,527475553.8835973
837,Французский сплайн,0.12006943768825078,6.710682133901932e-05,0.04889931547606998,137350131.64165425,527371921.19678706,6592149014.959837,527371921.19678706
838,Бета-калибровка,0.003434428586763195,0.017519411330067295,0.05027028108751024,141179057.40616378,551816757.8236023,6897709472.795029,551816757.8236023
838,Изотоническая регрессия,0.2556449218502404,9.751345988293885e-07,0.05027900731419839,141224852.94119477,526461226.61775213,6580765332.721903,526461226.6177522
838,Логит-калибровка,0.006432630460620585,0.009370070021679935,0.05033890692190928,141371786.19949,545874500.6836432,6823431258.54554,545874500.6836432
838,Монотонный сплайн,0.3446494666889871,5.227540726378144e-06,0.050343645982791736,141403818.14597452,530183195.0765649,6627289938.457062,530183195.0765649
838,Французский сплайн,0.2754299305569364,7.247780281023516e-05,0.05032124880536584,141343554.7805795,530024210.85291415,6625302635.661427,530024210.8529141
839,Бета-калибровка,0.011374677707003492,0.048156696709033824,0.04921530861729451,138216272.72080994,549858490.4149076,6873231130.186345,549858490.4149077
839,Изотоническая регрессия,0.7310534437819508,6.297872759616457e-05,0.04925828753517918,138358861.5137972,524109826.0128833,6551372825.161041,524109826.01288337
839,Логит-калибровка,0.030028617757142613,0.028843244777871056,0.04929790338221136,138448231.8586024,543820686.310387,6797758578.879837,543820686.310387
839,Монотонный сплайн,0.5637547197098698,0.000284273664178581,0.04943561839656664,138853750.64668435,527765235.6052406,6597065445.065506,527765235.6052406
839,Французский сплайн,0.5074346844861405,0.0004976105425358656,0.049390247104490234,138729288.74537352,527674039.4735972,6595925493.419966,527674039.4735972
840,Бета-калибровка,0.01000242804302295,0.05474488070296869,0.048644117474807035,136612139.51624808,548690911.9523649,6858636399.404562,548690911.9523649
840,Изотоническая регрессия,0.3747838772172707,9.241898689032917e-06,0.04872100638185884,136849482.72281235,522970430.3865696,6537130379.83212,522970430.3865696
840,Логит-калибровка,0.030066086498043647,0.0626745424760139,0.048728072683795205,136847919.32517046,542600313.5710908,6782503919.638636,542600313.5710908
840,Монотонный сплайн,0.3412020566818922,5.921125211068616e-06,0.0488431134105658,137189440.34259996,526474821.1096157,6580935263.870195,526474821.1096157
840,Французский сплайн,0.44479650964438366,0.0024525569007080054,0.048798291197284537,137066438.60742503,526382064.78796935,6579775809.849617,526382064.78796935
841,Бета-калибровка,0.014190200685456917,0.00528929314673967,0.048462337522110786,136101628.69709593,548923192.0330453,6861539900.413064,548923192.0330453
841,Изотоническая регрессия,0.2734789127647172,1.5485812772004705e-08,0.048589791151760445,136480260.27060404,523297740.56634355,6541221757.079294,523297740.56634355
841,Логит-калибровка,0.029999175328312734,0.0024995452827724423,0.04854476991717814,136333131.83540308,542884298.5932872,6786053732.41609,542884298.5932872
841,Монотонный сплайн,0.26396974679454,8.037462595518354e-08,0.0485810586464803,136453179.4185465,526812281.6384527,6585153520.480659,526812281.6384527
841,Французский сплайн,0.26486460454163097,8.152543372110801e-06,0.048549396199210136,136366784.32044524,526717988.8107156,6583974860.1339445,526717988.8107156
842,Бета-калибровка,0.0038900790780248854,0.09854243627239527,0.048618168126583115,136539263.36669606,549299803.6911395,6866247546.139243,549299803.6911396
842,Изотоническая регрессия,0.25014965132306716,8.07348446736597e-06,0.04878759489494137,137035533.1029533,524042846.95845133,6550535586.980641,524042846.95845133
842,Логит-калибровка,0.013812211408944538,0.06389749305356472,0.048694761189432924,136754367.32440343,543272170.8869379,6790902136.086724,543272170.886938
842,Монотонный сплайн,0.3101157426219089,3.996683638008011e-05,0.0488222857928,137130427.75198323,527667796.4366747,6595847455.458433,527667796.4366747
842,Французский сплайн,0.11946104403802892,0.00270401073007445,0.048779193165899376,137011915.68727505,527551897.7792741,6594398722.240926,527551897.7792741
843,Бета-калибровка,0.002237647249236244,0.04948711660299728,0.04959018023729257,139269062.1784125,550565631.6870766,6882070396.088456,550565631.6870766
843,Изотоническая регрессия,0.42500243888196143,1.0254287322854734e-06,0.04972370325947172,139666174.2339004,524942862.4123195,6561785780.153994,524942862.41231954
843,Логит-калибровка,0.006435733062882936,0.02974659593774581,0.04966902882224038,139490500.54437986,544580272.2789857,6807253403.48732,544580272.2789857
843,Монотонный сплайн,0.34377121106775965,6.319315835982191e-07,0.049780700775608464,139823348.8298636,528613892.12081087,6607673651.510136,528613892.12081087
843,Французский сплайн,0.2754256643867916,0.0005165589933954366,0.049743992747207276,139723115.79610062,528477826.4036283,6605972830.045354,528477826.4036283
844,Бета-калибровка,0.0017969285076904428,0.005995930813451572,0.04899542030020661,137598738.37110025,549955633.0744897,6874445413.43112,549955633.0744897
844,Изотоническая регрессия,0.3136708252115201,9.058091539928177e-06,0.04911803028775876,137963886.6601417,524674337.8276688,6558429222.84586,524674337.82766885
844,Логит-калибровка,0.007917293521896393,0.005683142217258113,0.049076345449857145,137826008.56137884,543966117.7368124,6799576471.7101555,543966117.7368124
844,Монотонный сплайн,0.2408124003707917,6.0636678596682044e-06,0.04913864384801621,138018805.31736124,528240254.340342,6603003179.254274,528240254.340342
844,Французский сплайн,0.1336068672502334,0.0005067399765901417,0.04910424417337119,137925162.32808092,528120152.7626018,6601501909.532523,528120152.7626018
845,Бета-калибровка,0.0028487449112529597,0.001110874822701023,0.0497228259403718,139641584.37094018,550016073.1750213,6875200914.687766,550016073.1750213
845,Изотоническая регрессия,0.3776946492611299,6.094329550167775e-05,0.049771700635504394,139800132.86475056,524395774.663119,6554947183.288988,524395774.663119
845,Логит-калибровка,0.011713571924985832,0.0015986368319068681,0.049786757607800526,139821130.06574702,543967512.0442717,6799593900.553396,543967512.0442717
845,Монотонный сплайн,0.36545803144666733,4.208980032635904e-05,0.04985195467075056,140022617.47580194,528020789.9461742,6600259874.327177,528020789.9461742
845,Французский сплайн,0.18651008644752617,0.0005097344778408049,0.04981657500883989,139926064.85145298,527900764.4684196,6598759555.855246,527900764.4684196
846,Бета-калибровка,0.003070744311869508,0.01697846828480965,0.04981011697512033,139886732.51292795,550275970.7863314,6878449634.829143,550275970.7863314
846,Изотоническая регрессия,0.4911094461505295,8.230574212654646e-06,0.04987157244888621,140081808.86545205,524511758.9087096,6556396986.35887,524511758.9087096
846,Логит-калибровка,0.012551120581139663,0.00904450549952961,0.0498812729873586,140086567.0576979,544292266.1445231,6803653326.806539,544292266.1445231
846,Монотонный сплайн,0.29132226060685285,4.064400012216375e-05,0.04993176644854909,140247979.22243148,528219546.1226648,6602744326.53331,528219546.1226648
846,Французский сплайн,0.12500094154398275,6.847183389961555e-05,0.04991041400074167,140190745.05363545,528062918.7223072,6600786484.028841,528062918.7223072
847,Бета-калибровка,0.00015667930097350053,0.001117491277504796,0.04910122643844969,137895884.32974213,548772885.3127468,6859661066.409334,548772885.3127466
847,Изотоническая регрессия,0.5428438094263962,7.686163882673415e-06,0.04918491204280371,138150401.7810099,523507717.8992439,6543846473.740548,523507717.8992439
847,Логит-калибровка,0.000960143110179022,0.0016087406279552425,0.049143570070398594,138014802.18570742,542753224.7457988,6784415309.322487,542753224.7457988
847,Монотонный сплайн,0.15362019644246458,3.895913579424491e-05,0.04928020622701225,138415506.64778373,527194144.8786081,6589926810.982601,527194144.8786081
847,Французский сплайн,0.11522779053732808,0.0005611021870608111,0.04924507824498687,138319409.22512043,527025654.90933037,6587820686.36663,527025654.90933037
848,Бета-калибровка,0.016648426125116987,0.04939470841887762,0.048564260805568346,136387870.04635817,546734627.8636514,6834182848.295643,546734627.8636514
848,Изотоническая регрессия,0.4914041518225424,8.373055535747917e-06,0.048706478253639905,136807725.12752232,521043097.3432376,6513038716.79047,521043097.34323764
848,Логит-калибровка,0.029992524952423008,0.029684937295075993,0.048591556146401156,136464526.281553,540682929.1864377,6758536614.830471,540682929.1864377
848,Монотонный сплайн,0.39379742610462903,4.038539556461926e-05,0.04870845796164504,136810746.7479032,524775486.23695904,6559693577.9619875,524775486.23695904
848,Французский сплайн,0.1223368146600523,0.0005218244480638629,0.04868117069983412,136736609.99090987,524643323.1992868,6558041539.991085,524643323.1992868
849,Бета-калибровка,0.001559182102380844,0.0498528703148945,0.049986699806091155,140382647.7354264,550342893.4906304,6879286168.63288,550342893.4906304
849,Изотоническая регрессия,0.44676233009013394,7.959986979897275e-06,0.05013973648547185,140833724.74579918,525295454.16060054,6566193177.007507,525295454.16060054
849,Логит-калибровка,0.006224902991605317,0.029998945663763207,0.050012797159972686,140455939.54406732,544499581.3003657,6806244766.254571,544499581.3003657
849,Монотонный сплайн,0.13414933734971207,4.0207977259208795e-05,0.05016689874490543,140907247.60900402,529206073.24415684,6615075915.551961,529206073.2441569
849,Французский сплайн,0.24693787357084154,0.0005339957485419006,0.05014644321448652,140852425.00529402,528993768.4193629,6612422105.242037,528993768.4193629
850,Бета-калибровка,0.0025533309104401134,0.05021661486194421,0.04890539263719976,137345904.68231177,550267846.2049088,6878348077.561361,550267846.2049088
850,Изотоническая регрессия,0.43951801824556397,8.288161547505698e-06,0.04889026939893244,137324242.97996187,524701341.00160134,6558766762.520017,524701341.00160134
850,Логит-калибровка,0.010753847597350492,0.030245145348618805,0.048999249888210375,137609493.38605005,544232810.7023431,6802910133.779289,544232810.7023431
850,Монотонный сплайн,0.37613102566111833,5.384854758582269e-06,0.04904645590352696,137760161.09866303,528271797.4791828,6603397468.489784,528271797.4791828
850,Французский сплайн,0.1486657539865171,0.0005358964059483044,0.04900770610167703,137654098.8180343,528159658.45626056,6601995730.703257,528159658.45626056
851,Бета-калибровка,0.016435703655401996,0.04854564861694433,0.04841982582035615,135982238.83388823,548476774.568335,6855959682.104189,548476774.568335
851,Изотоническая регрессия,0.6867191663894319,1.2915651661016962e-06,0.048541949387130204,136345303.45881647,522776774.3445014,6534709679.306267,522776774.3445014
851,Логит-калибровка,0.029900462050597078,0.029103400041688068,0.048518559639251155,136259522.890873,542322080.579598,6779026007.244973,542322080.579598
851,Монотонный сплайн,0.28836448276896737,6.21082151386753e-06,0.048630003531841035,136590358.0191065,526482585.5052177,6581032318.81522,526482585.5052177
851,Французский сплайн,0.4147653533004019,0.0004960819312835414,0.04857668414983997,136442904.72258818,526393317.89306414,6579916473.663301,526393317.89306414
852,Бета-калибровка,0.01626991003346899,0.11310514467379121,0.04891034357662299,137359808.90058798,550014050.7610514,6875175634.513144,550014050.7610514
852,Изотоническая регрессия,0.4052996399805835,5.1136710295332134e-05,0.04901089278429187,137663958.4954053,524828321.9032033,6560354023.790042,524828321.90320337
852,Логит-калибровка,0.02985398032759475,0.08659944570792115,0.048977738152050324,137549079.82621813,544058325.660547,6800729070.756838,544058325.660547
852,Монотонный сплайн,0.5667796493184036,0.0002287413050260598,0.04906173244958746,137804155.7776597,528559157.6000254,6606989470.000317,528559157.6000254
852,Французский сплайн,0.43635302613471993,0.003512514630493242,0.04903032675967541,137718540.7733515,528397745.6559663,6604971820.699578,528397745.6559663
853,Бета-калибровка,0.0041911995984675295,0.0054019432715609545,0.049002404331354305,137618352.32417542,548605705.8803113,6857571323.503889,548605705.8803113
853,Изотоническая регрессия,0.7221485669811846,1.2003671373787226e-07,0.04913122302143747,138001176.33340502,522574851.62670946,6532185645.333868,522574851.62670946
853,Логит-калибровка,0.016312654543852056,0.0025593285995063903,0.04904936201876149,137750228.29348978,542591737.8804522,6782396723.505651,542591737.8804522
853,Монотонный сплайн,0.6554805926137381,6.595363422126331e-07,0.049157467325938585,138071958.8460508,526305648.46863353,6578820605.857919,526305648.46863353
853,Французский сплайн,0.2948269362037518,8.590592361609627e-06,0.049126150660135204,137986922.04034317,526222510.49650115,6577781381.2062645,526222510.49650115
854,Бета-калибровка,0.0028638058666165004,0.09880630527813306,0.04881140774145979,137081957.50111568,547435911.099657,6842948888.745713,547435911.099657
854,Изотоническая регрессия,0.4924251981103904,7.631160142515241e-06,0.04901885930134256,137685733.66189045,521993884.06641364,6524923550.83017,521993884.06641364
854,Логит-калибровка,0.011766088171437681,0.06409349540083441,0.04882816013618896,137129004.92647305,541481414.9714379,6768517687.142975,541481414.9714379
854,Монотонный сплайн,0.4797983222660429,3.698457470911303e-05,0.048973927043093314,137556407.4676383,525748676.2361111,6571858452.951388,525748676.2361111
854,Французский сплайн,0.1253481597603254,0.002615675182943618,0.04895280082685735,137500109.73425,525574900.6076977,6569686257.596222,525574900.6076977
855,Бета-калибровка,0.00457095399383719,0.04747036033177988,0.04906073290657775,137782162.29483297,548577804.4183733,6857222555.229667,548577804.4183733
855,Изотоническая регрессия,0.7691468521539888,1.1699201330565326e-06,0.04918248104564339,138146803.7685849,522532598.7273123,6531657484.091404,522532598.7273123
855,Логит-калибровка,0.017621645202167274,0.02837437769874798,0.04911861308309851,137944712.98257387,542562791.5087116,6782034893.858893,542562791.5087116
855,Монотонный сплайн,0.38629504103908463,7.275079655501291e-07,0.04922882143140207,138273865.616248,526293559.0322807,6578669487.903509,526293559.0322807
855,Французский сплайн,0.41193279821006656,0.00047855475049305395,0.049197822358816826,138189884.67799392,526142233.3444625,6576777916.80578,526142233.3444625
856,Бета-калибровка,0.0002858950402844252,0.11309088404673598,0.04849340919772106,136188890.39087984,549275707.5491424,6865946344.364279,549275707.5491424
856,Изотоническая регрессия,0.4060920215970616,6.0827472453477035e-05,0.048511958768516994,136262034.6055031,523876309.3920378,6548453867.400473,523876309.3920378
856,Логит-калибровка,0.0009044697235394332,0.0829141387711505,0.0485837113381141,136442494.92195964,543212356.9243232,6790154461.554039,543212356.9243232
856,Монотонный сплайн,0.35750853427309465,4.127931767666002e-05,0.04869508951574492,136773308.6094954,527429039.5086945,6592862993.858681,527429039.5086945
856,Французский сплайн,0.08921787734133677,0.0032890668156575886,0.048648132941316466,136644286.2708313,527312280.89106935,6591403511.138367,527312280.89106935
857,Бета-калибровка,0.0017020640478090437,0.016812160428563185,0.04940658615088355,138753456.5461414,550771511.714967,6884643896.437086,550771511.7149669
857,Изотоническая регрессия,0.25593278925969276,5.9204492327195e-05,0.049547694948140486,139170078.49235773,525591627.1400709,6569895339.250886,525591627.1400709
857,Логит-калибровка,0.006412071866051735,0.02292577827471213,0.0494813793081569,138963505.64902782,544840429.577422,6810505369.717775,544840429.577422
857,Монотонный сплайн,0.2994590986777219,0.00027176225305628496,0.04955125880184363,139177207.64021966,529415936.0956521,6617699201.195652,529415936.0956521
857,Французский сплайн,0.18260007285565594,0.0005395321711863714,0.04952589129011658,139108698.85889184,529240202.86226547,6615502535.778319,529240202.86226547
858,Бета-калибровка,0.0008780257064886624,0.04898677401722864,0.04924429378482598,138297674.66530532,548950668.5730053,6861883357.162566,548950668.5730053
858,Изотоническая регрессия,0.3881714574113784,8.45678054688513e-06,0.049381546132729166,138704901.3591566,522985650.5655691,6537320632.069614,522985650.56556916
858,Логит-калибровка,0.0038016089937638158,0.029408045089776375,0.04929595215742457,138442752.03891116,542945877.4394422,6786823467.993028,542945877.4394422
858,Монотонный сплайн,0.2938438507575744,4.0019698703127254e-05,0.049371414296897294,138673263.4362154,526713076.47493243,6583913455.936655,526713076.47493243
858,Французский сплайн,0.13016536515561378,0.000513385424161234,0.049343434474184114,138597801.68131024,526584953.333271,6582311916.665888,526584953.333271
859,Бета-калибровка,0.01654431019609011,0.017673949244023334,0.04841918502043498,135980439.2113896,548735029.9297011,6859187874.1212635,548735029.9297011
859,Изотоническая регрессия,0.4904227837445124,9.293910614688453e-07,0.048415175599063054,135990348.35240865,523340390.4120758,6541754880.150948,523340390.4120758
859,Логит-калибровка,0.029943616535506604,0.009463473998600204,0.048512181790315856,136241611.33992305,542617476.372903,6782718454.661287,542617476.372903
859,Монотонный сплайн,0.3972283024560531,4.858269993732907e-06,0.0485435752173038,136347977.2271002,526847976.7544712,6585599709.430889,526847976.7544712
859,Французский сплайн,0.12003156516806061,7.485608047498212e-05,0.04850792788005717,136250727.03348532,526741583.85568607,6584269798.196075,526741583.8556861
860,Бета-калибровка,0.0022378078326540413,0.005124839453228636,0.04882153264519525,137110392.28076634,548006068.6637492,6850075858.2968645,548006068.6637492
860,Изотоническая регрессия,0.43499215094473437,1.4380248359929078e-08,0.048954399938575796,137504705.98749632,522325348.93502736,6529066861.687842,522325348.93502736
860,Логит-калибровка,0.0064429267525796955,0.002412985912616054,0.04887000308766548,137246516.67139974,541964881.1741525,6774561014.676906,541964881.1741525
860,Монотонный сплайн,0.40898645477582085,8.013484379178715e-08,0.04906554028137177,137813875.69676074,526194465.5236732,6577430819.045915,526194465.5236732
860,Французский сплайн,0.12359401381859765,8.020403959547436e-06,0.04901892475821118,137685830.77657247,526063251.33266425,6575790641.658303,526063251.33266425
861,Бета-калибровка,0.0015058270248431143,0.016692307381029094,0.04845787130440891,136089085.771302,547732316.6723152,6846653958.40394,547732316.6723152
861,Изотоническая регрессия,0.4916125003445461,1.2088803527455695e-07,0.048535020248731964,136327159.26653886,521870676.08431333,6523383451.053917,521870676.08431333
861,Логит-калибровка,0.006045553132032938,0.008874470667868476,0.04852459450556723,136276471.20943505,541675015.0632107,6770937688.290134,541675015.0632107
861,Монотонный сплайн,0.39504665500973046,7.400835426072611e-08,0.04863094712825875,136593780.11100373,525543236.0517357,6569290450.646696,525543236.0517357
861,Французский сплайн,0.2754463114076097,6.841577686004224e-05,0.04859515942947861,136496001.4533692,525411282.98272115,6567641037.284014,525411282.98272115
862,Бета-калибровка,0.0028898573168641773,0.01673184376371894,0.04925614100126624,138330946.3879561,548908546.4578147,6861356830.722684,548908546.4578147
862,Изотоническая регрессия,0.43490368195012613,1.3064590148029454e-06,0.04927873459271719,138415567.43018696,522951288.17581904,6536891102.197739,522951288.17581904
862,Логит-калибровка,0.011854876618009562,0.022735258994265317,0.049323388721630966,138519804.88582844,542867887.6762701,6785848595.953377,542867887.6762701
862,Монотонный сплайн,0.3715683316118435,7.073162907364951e-06,0.0493998691922965,138753446.68744045,526414062.3479494,6580175779.349367,526414062.3479494
862,Французский сплайн,0.13325071986145365,0.0004570808791976483,0.049367705055102566,138665537.34659517,526311569.4044709,6578894617.555887,526311569.4044709
863,Бета-калибровка,9.354464920738686e-05,0.005156804311090877,0.04866153211846217,136661046.80148917,547336698.727674,6841708734.095923,547336698.7276739
863,Изотоническая регрессия,0.16822075542784093,1.2962789435000266e-07,0.048793137198939754,137052892.10950243,521279753.9987128,6515996924.98391,521279753.9987128
863,Логит-калибровка,0.0005310964322274301,0.0024298945458029833,0.04871856870499389,136821228.35110486,541250627.9454658,6765632849.318321,541250627.9454658
863,Монотонный сплайн,0.2991831134324173,6.696741832784025e-07,0.048838733336382854,137177991.5125345,524931045.55662805,6561638069.4578495,524931045.55662805
863,Французский сплайн,0.18668061394328891,7.90849710513232e-06,0.048799802873937814,137071679.46594638,524806356.97338164,6560079462.167271,524806356.97338164
864,Бета-калибровка,0.00904855021215084,0.047897745797384345,0.049554881100218634,139169928.08185402,548335539.3228059,6854194241.535074,548335539.3228059
864,Изотоническая регрессия,0.48806811694899616,1.100898137544674e-06,0.04970331841906325,139608447.04809722,522269967.60938716,6528374595.117339,522269967.60938716
864,Логит-калибровка,0.03017636785533694,0.02866600501341266,0.049582178419428434,139246589.87312284,542377995.2782596,6779724940.978245,542377995.2782595
864,Монотонный сплайн,0.47655937855834224,5.728660892850209e-06,0.04971088508550604,139626862.77386716,526117490.6033908,6576468632.542384,526117490.6033908
864,Французский сплайн,0.12829685282679365,0.0004958408007358817,0.04968855324353256,139566881.04355708,526002968.999787,6575037112.497337,526002968.999787
865,Бета-калибровка,0.0025534557160130592,0.005159365416655352,0.04923266186291414,138265007.57580805,549198091.7311442,6864976146.639301,549198091.7311442
865,Изотоническая регрессия,0.5721972399159456,1.278205286763753e-07,0.049301745280961415,138481027.84705204,523426356.19468045,6542829452.433506,523426356.19468045
865,Логит-калибровка,0.0064215494882538145,0.0024311117285972976,0.04932231154377066,138516779.73952553,543066870.6769857,6788335883.462322,543066870.6769857
865,Монотонный сплайн,0.5458342969328251,6.843942755792283e-07,0.04936676358247929,138661033.86507058,526828074.3124823,6585350928.906029,526828074.3124823
865,Французский сплайн,0.27541209105133146,7.954660794076306e-06,0.04932762593889638,138553797.60612112,526725634.1559364,6584070426.949205,526725634.1559364
866,Бета-калибровка,0.00027773539520887125,0.05581636768050422,0.049300469054764574,138455437.29340082,551072822.2283043,6888410277.853802,551072822.2283043
866,Изотоническая регрессия,0.3505707044647056,0.00214899995577295,0.04933473182864987,138572590.8675803,525662782.13387144,6570784776.673393,525662782.1338715
866,Логит-калибровка,0.0008763740829280538,0.0741432943400213,0.04938940596420862,138705207.7098835,545086875.3745642,6813585942.182053,545086875.3745642
866,Монотонный сплайн,0.34461676153790244,0.0016435516535245021,0.04940869827174196,138777346.0459563,529222801.8861787,6615285023.577233,529222801.8861787
866,Французский сплайн,0.08851147125291893,0.017806126416168782,0.04937556463675127,138687112.54825458,529130369.40085953,6614129617.510744,529130369.40085953
867,Бета-калибровка,0.009016664622106086,0.01749650282703057,0.05004693680580567,140551817.32542467,551114520.476778,6888931505.959725,551114520.476778
867,Изотоническая регрессия,0.44990239759227457,1.0574641825753487e-06,0.0501460541429113,140850510.45495212,525885702.6681551,6573571283.351937,525885702.6681551
867,Логит-калибровка,0.029895572786490153,0.00935472860819254,0.050120883116024806,140759488.14304405,545131618.605607,6814145232.570088,545131618.605607
867,Монотонный сплайн,0.416790015251603,5.844240081586904e-06,0.05018619521957766,140960878.07562375,529460851.35793,6618260641.974125,529460851.35793
867,Французский сплайн,0.32254881542227326,7.193798886970258e-05,0.05015751086202725,140882703.9003811,529322264.10205317,6616528301.275665,529322264.10205317
868,Бета-калибровка,0.00223830836842566,0.04945314786347615,0.04859335119600178,136469567.4988514,549065899.5154318,6863323743.942896,549065899.5154316
868,Изотоническая регрессия,0.6651810356774164,9.674950021791692e-07,0.04866912250190014,136704011.23433635,523389414.1023481,6542367676.279351,523389414.1023481
868,Логит-калибровка,0.0064505641336633866,0.029726321071313483,0.04866389327049612,136667677.8608613,543084377.992631,6788554724.9078865,543084377.992631
868,Монотонный сплайн,0.6848640074237906,5.121422906847969e-06,0.0487096351773982,136814927.47491425,526984033.7628709,6587300422.035887,526984033.7628709
868,Французский сплайн,0.2754453772195866,0.0005327615201891896,0.04868036337600003,136735540.04950625,526864217.23277926,6585802715.40974,526864217.23277926
869,Бета-калибровка,0.0019481746001553384,0.04913488516728288,0.048621892824169524,136549723.80739766,547459124.014563,6843239050.182036,547459124.014563
869,Изотоническая регрессия,0.19127533079044373,6.313289064906004e-05,0.04872625959834413,136864355.45598966,521653687.9393774,6520671099.242217,521653687.9393774
869,Логит-калибровка,0.007570028137331257,0.029506139528592858,0.04867191704267847,136690211.8226582,541428545.1254612,6767856814.068266,541428545.1254612
869,Монотонный сплайн,0.2913722006955953,0.0002801780732755021,0.048782869907909546,137020637.46520656,525412805.2875973,6567660066.094967,525412805.2875973
869,Французский сплайн,0.4063223164116219,0.0005101153907658109,0.04875525111474305,136945703.85086706,525276509.67914337,6565956370.989292,525276509.67914337
870,Бета-калибровка,0.003436851510249578,0.0059651743649955236,0.04913707210496403,137996553.299581,549160715.4856477,6864508943.570597,549160715.4856477
870,Изотоническая регрессия,0.36151436495597267,8.461829421899161e-06,0.0491533866911508,138063061.98342788,523263481.98048353,6540793524.756044,523263481.98048353
870,Логит-калибровка,0.006433518294861967,0.00837383514217844,0.0492037094687964,138183697.67216784,543146435.635756,6789330445.446949,543146435.635756
870,Монотонный сплайн,0.3684064820972007,4.165992300259265e-05,0.04922601629013362,138264105.59672028,526988315.89571023,6587353948.696378,526988315.89571023
870,Французский сплайн,0.12378686572585969,7.044016551774699e-05,0.049203387522490795,138203331.21866542,526890547.82554686,6586131847.819336,526890547.82554686
871,Бета-калибровка,0.0002754643782272477,0.0972592051493613,0.04829749586115507,135638687.3764679,548908137.7112436,6861351721.390546,548908137.7112436
871,Изотоническая регрессия,0.6785856589106989,5.108715530178935e-05,0.04848903877538645,136197905.2967953,523926887.0446539,6549086088.058173,523926887.0446539
871,Логит-калибровка,0.0008680009633704259,0.08237664809054426,0.048373334116307495,135851671.532238,542901474.4045388,6786268430.056733,542901474.4045388
871,Монотонный сплайн,0.1987475195541708,0.00025610699982923506,0.04853131824749217,136313666.69982868,527507704.3326125,6593846304.157656,527507704.3326125
871,Французский сплайн,0.08826692257159277,0.003448648988978129,0.04848664857297718,136191114.7385168,527352648.7209796,6591908109.012245,527352648.7209796
872,Бета-калибровка,0.0016941279552039668,0.01592165940981799,0.049673620975858965,139503397.1486023,549741554.2998502,6871769428.748128,549741554.2998502
872,Изотоническая регрессия,0.33449342076923416,9.132650197653119e-06,0.04975856584662088,139764441.1236501,523891004.9032054,6548637561.290068,523891004.9032054
872,Логит-калибровка,0.007546422487611417,0.008415398396290985,0.04973555201725344,139677324.28525454,543776214.37716,6797202679.7145,543776214.37716
872,Монотонный сплайн,0.2381255000716947,4.378552946785091e-05,0.04984532488242678,140005007.7762237,527739265.16940117,6596740814.617514,527739265.16940117
872,Французский сплайн,0.10672445708116886,6.322467460574863e-05,0.04981940259551986,139935211.92991728,527596339.8733917,6594954248.417397,527596339.8733917
873,Бета-калибровка,0.013369713189565327,0.01691735382969217,0.048862006633285764,137224059.42891973,547730445.7107203,6846630571.384004,547730445.7107203
873,Изотоническая регрессия,0.4931666642183183,1.2454846161218471e-07,0.04886883096773231,137264154.88977945,521554138.2761638,6519426728.452047,521554138.2761638
873,Логит-калибровка,0.02997876728826947,0.009008849465288618,0.04893277476490064,137422804.64974698,541579631.7222174,6769745396.527719,541579631.7222174
873,Монотонный сплайн,0.4798945359972218,6.894311068479204e-07,0.048910905832611935,137379150.4406026,525263664.6011732,6565795807.514665,525263664.6011732
873,Французский сплайн,0.1261032370255559,6.907881187914106e-05,0.048888992969455064,137320722.2360134,525153085.1157228,6564413563.946534,525153085.1157228
874,Бета-калибровка,0.004002315324742618,0.018132432089199645,0.050448580669800104,141679793.9530666,552682496.1171169,6908531201.46396,552682496.1171169
874,Изотоническая регрессия,0.48814978450741675,1.0382198431584013e-07,0.050573084097605026,142049900.97971392,527840998.8642191,6598012485.802738,527840998.8642191
874,Логит-калибровка,0.01576058475990525,0.009740509120469018,0.05051474871380012,141865620.28783628,546799148.0839924,6834989351.049904,546799148.0839924
874,Монотонный сплайн,0.4753471213862468,5.395309747852746e-07,0.050605882606363485,142139235.73795557,531521939.8135171,6644024247.668963,531521939.8135171
874,Французский сплайн,0.11880649758380894,7.824406979972502e-05,0.05057650646140339,142059552.5229752,531325184.0741161,6641564800.926451,531325184.0741161
875,Бета-калибровка,0.002237701196903279,0.016024519683769885,0.04909599649213747,137881196.54851887,549173018.9642972,6864662737.053715,549173018.9642972
875,Изотоническая регрессия,0.4423416316182631,1.448708877103748e-07,0.04914455010654301,138039441.31921542,523176193.77735734,6539702422.216967,523176193.77735734
875,Логит-калибровка,0.0064401686369230104,0.008475250424186417,0.049185485233252745,138132516.72906703,543050066.048769,6788125825.609612,543050066.048769
875,Монотонный сплайн,0.3467707721974276,8.005669275077907e-07,0.04929159747192062,138449105.83595586,526736275.1869895,6584203439.837368,526736275.1869895
875,Французский сплайн,0.2752120057172151,6.226674445573353e-05,0.04924204180616871,138313248.8951217,526652343.1542285,6583154289.427856,526652343.1542285
876,Бета-калибровка,0.006495078123458958,0.018111102512727687,0.04907207994138872,137814029.30739605,549758805.2411531,6871985065.514414,549758805.2411531
876,Изотоническая регрессия,0.4775574358417008,1.0019095430345844e-07,0.04920940915934167,138220754.28309512,524909902.75002086,6561373784.37526,524909902.75002086
876,Логит-калибровка,0.023839900553402328,0.009727573404406062,0.04911755241808678,137941734.21095496,543820975.350133,6797762191.876661,543820975.3501328
876,Монотонный сплайн,0.4408708453738466,5.213745585969614e-07,0.04929883121819538,138469074.22881925,528674807.80294275,6608435097.536784,528674807.80294275
876,Французский сплайн,0.24411841235706025,7.823139438420061e-05,0.04925843829411937,138358397.2899032,528502887.20439196,6606286090.054899,528502887.20439196
877,Бета-калибровка,0.0034085829709121504,0.018534808325434134,0.049509462367334646,139042374.11242262,551110209.4070588,6888877617.588234,551110209.4070588
877,Изотоническая регрессия,0.810770035999379,7.314848823362919e-06,0.04963716550742463,139422543.61105132,525883586.69479907,6573544833.684988,525883586.69479907
877,Логит-калибровка,0.006423814859893511,0.009981782313446728,0.04957753892455472,139233560.3157195,545194630.6348878,6814932882.936097,545194630.6348878
877,Монотонный сплайн,0.4303184643294304,3.585010540519789e-05,0.049707787155206,139617830.20880717,529570662.93246996,6619633286.655874,529570662.93246996
877,Французский сплайн,0.1184251363077646,7.759162262726608e-05,0.049670544764453976,139516259.76166108,529391568.825753,6617394610.321912,529391568.825753
878,Бета-калибровка,0.0006973340849978854,0.00575011635237817,0.048400236083082776,135927223.01572967,549045476.3633673,6863068454.542092,549045476.3633674
878,Изотоническая регрессия,0.5523913415994942,1.0627651655647733e-08,0.04849450580947025,136213019.71531624,523668893.42250216,6545861167.781277,523668893.42250216
878,Логит-калибровка,0.0035199703385302124,0.002744153183772179,0.04847794810191278,136145469.44941187,543032590.8241209,6787907385.301511,543032590.8241209
878,Монотонный сплайн,0.31792252660038817,5.9217780017381775e-08,0.04858494589736923,136463792.10394847,527333671.62378967,6591670895.297371,527333671.62378967
878,Французский сплайн,0.13339960751756705,9.199967776565391e-06,0.04855048093111529,136370116.7128833,527182952.2987597,6589786903.734495,527182952.2987597
879,Бета-калибровка,0.0165529515462772,0.017037742631636377,0.048050070606007377,134943818.28991112,548123555.0768421,6851544438.460524,548123555.0768421
879,Изотоническая регрессия,0.40380394514927953,1.026149062761583e-06,0.04809323588589619,135086452.06195086,522836399.4589683,6535454993.237104,522836399.4589683
879,Логит-калибровка,0.029947553290101687,0.009080715205490026,0.04813313222822271,135177088.54974064,542046281.4287999,6775578517.859999,542046281.4287999
879,Монотонный сплайн,0.2766962594125304,5.5615872846257366e-06,0.04824940170131601,135521765.23829854,526345039.7387571,6579312996.734463,526345039.7387571
879,Французский сплайн,0.12150531464349193,7.023948965228125e-05,0.048207113074284706,135406200.93275595,526213343.22802854,6577666790.350357,526213343.22802854
880,Бета-калибровка,0.007616083327164316,0.0049979861022224435,0.048914615828605575,137371807.09305587,549192521.5715604,6864906519.644504,549192521.5715604
880,Изотоническая регрессия,0.6493266214460836,1.4058586696462516e-07,0.04899494202733176,137619042.78955856,523316276.1113548,6541453451.391933,523316276.1113548
880,Логит-калибровка,0.02722356288692637,0.0023465565036871337,0.04898166671893553,137560112.81345856,543254497.5076306,6790681218.845383,543254497.5076306
880,Монотонный сплайн,0.5249995148247344,7.416555994948937e-07,0.04903262343452025,137721775.00556472,527166177.4316541,6589577217.895677,527166177.4316541
880,Французский сплайн,0.37396048971845147,7.68540526336554e-06,0.049015077808685754,137675511.642421,527005853.3614631,6587573167.01829,527005853.3614632
881,Бета-калибровка,0.011375553409733405,0.016441006099781386,0.0495360716062502,139117103.4989931,550511560.4318444,6881394505.398055,550511560.4318444
881,Изотоническая регрессия,0.37049328616569266,1.2554544022543074e-07,0.04959808534833778,139314226.09227186,524795191.7387926,6559939896.734907,524795191.73879266
881,Логит-калибровка,0.03005349132829651,0.008723504028957035,0.04961214366680214,139330744.2738471,544526222.313169,6806577778.914612,544526222.313169
881,Монотонный сплайн,0.199669843163433,6.81796253617991e-07,0.04971499356446312,139639418.599204,528355146.02445936,6604439325.305742,528355146.02445936
881,Французский сплайн,0.2434422469058699,6.562665067225205e-05,0.04967222878120219,139522250.0646984,528251025.24129903,6603137815.516237,528251025.24129903
882,Бета-калибровка,0.0005036655805078202,0.018001107464493078,0.04848168356728955,136155960.13037598,548787164.193522,6859839552.4190235,548787164.193522
882,Изотоническая регрессия,0.5098175877021534,7.931029386683358e-06,0.04853453873058767,136325089.3709824,523277978.833745,6540974735.421814,523277978.833745
882,Логит-калибровка,0.0026290836260672913,0.009659404188068687,0.04854473881840499,136333044.49760854,542772696.0308716,6784658700.385895,542772696.0308716
882,Монотонный сплайн,0.44205414242508745,5.109746497107032e-06,0.048641384427297464,136622103.3306965,526946415.2692597,6586830190.8657465,526946415.2692597
882,Французский сплайн,0.1203285252550362,7.444655933982459e-05,0.04860366253107355,136519177.83564323,526804462.33060586,6585055779.132573,526804462.33060586
883,Бета-калибровка,0.0017899934192183327,0.017447247559747484,0.04911621822700182,137937987.26871192,550508693.9479823,6881358674.349777,550508693.9479823
883,Изотоническая регрессия,0.360217303405319,1.0028837465674795e-06,0.049105001692056456,137926220.75197136,525233836.73177636,6565422959.147203,525233836.73177636
883,Логит-калибровка,0.0078960505033235,0.014083076491376783,0.04921463134933588,138214370.68147486,544507478.1628733,6806343477.035915,544507478.1628733
883,Монотонный сплайн,0.3456371421901293,5.174419140178177e-06,0.04920104872724673,138193681.29146516,528856831.6292441,6610710395.365551,528856831.6292441
883,Французский сплайн,0.12149673051817096,0.0005497605204088831,0.0491787314977823,138133242.86124176,528713148.4690622,6608914355.863277,528713148.4690622
884,Бета-калибровка,0.01658780976330426,0.005035217787346765,0.04895650833388024,137489458.00486928,547780503.698632,6847256296.232901,547780503.698632
884,Изотоническая регрессия,0.436123381312588,1.632258373747722e-08,0.04906830672661599,137824841.01102838,521610561.6474211,6520132020.592764,521610561.6474211
884,Логит-калибровка,0.02996316986910362,0.0023658367227792024,0.04902433138592215,137679932.26422375,541631121.4084901,6770389017.606126,541631121.4084901
884,Монотонный сплайн,0.5431930998122503,8.701773239589117e-08,0.04910323578076231,137919899.01346007,525244550.5072796,6565556881.340994,525244550.5072796
884,Французский сплайн,0.4436490951625717,7.616916253199256e-06,0.04906338024997999,137810915.44555253,525186118.5775487,6564826482.219358,525186118.5775487
885,Бета-калибровка,0.016484882847428627,0.054743741893125045,0.04883116851007783,137137453.64370257,549898538.9958137,6873731737.447672,549898538.9958137
885,Изотоническая регрессия,0.4918347374655423,8.609068459424942e-06,0.048817242619058135,137119513.37136286,524326522.9685029,6554081537.106287,524326522.96850294
885,Логит-калибровка,0.029918871424403852,0.05033942285682871,0.048927449590383254,137407849.4296323,543857536.824835,6798219210.310437,543857536.824835
885,Монотонный сплайн,0.3222784995320365,5.046688683837187e-06,0.04894739681755374,137482167.04711762,528088502.5164634,6601106281.455792,528088502.5164634
885,Французский сплайн,0.12020412016150485,0.0026600776950274716,0.04891935973645564,137406093.731274,527965660.66007054,6599570758.250881,527965660.66007054
886,Бета-калибровка,0.004835776211372834,0.05041011816347345,0.049121461602171686,137952712.76353896,548886392.6886786,6861079908.608482,548886392.6886786
886,Изотоническая регрессия,0.48724563894551465,7.700055798395493e-06,0.04926273895006211,138371243.26735446,523106722.5404942,6538834031.756177,523106722.5404942
886,Логит-калибровка,0.01841497732653942,0.030377873187484167,0.04917353871343926,138098966.12282282,542885245.6836021,6786065571.045027,542885245.6836021
886,Монотонный сплайн,0.4753700925176231,3.763612563075875e-05,0.04932592608846259,138545616.1985638,526832729.8722197,6585409123.402745,526832729.8722197
886,Французский сплайн,0.11659166579002234,0.0005329882126279654,0.049288168429526893,138442533.86182135,526713448.8660077,6583918110.825096,526713448.8660077
887,Бета-калибровка,0.0003158444746966657,0.05094220252212096,0.048515686226542724,136251453.19862258,549113882.5830951,6863923532.288688,549113882.5830951
887,Изотоническая регрессия,0.38239416501233825,9.547032130491726e-07,0.04850926167243586,136254101.2808689,523669909.2459112,6545873865.573889,523669909.2459112
887,Логит-калибровка,0.001545584440339565,0.030742807439244763,0.04860380839106511,136498935.48546723,543028777.3648001,6787859717.06,543028777.3648
887,Монотонный сплайн,0.17145600655472168,4.724883657928752e-06,0.048656233538953056,136664052.22726834,527270237.6786893,6590877970.983616,527270237.6786893
887,Французский сплайн,0.24773135919564263,0.0005533686277870252,0.04861343539949019,136546664.38971215,527171957.499315,6589649468.741438,527171957.499315
888,Бета-калибровка,0.0022377986662758787,0.04851108435037904,0.04904257823379185,137731176.71178105,548826940.5403607,6860336756.754509,548826940.5403607
888,Изотоническая регрессия,0.3090248161294509,1.0611469969285951e-06,0.04918976083163524,138166052.3195644,523286488.00703275,6541081100.08791,523286488.00703275
888,Логит-калибровка,0.006442774907041751,0.02908440652620702,0.04909811229619243,137887138.57262683,542799310.8680261,6784991385.850327,542799310.8680261
888,Монотонный сплайн,0.4496743889062959,6.519351679304446e-07,0.049257595731123295,138353603.36800858,526958642.73673576,6586983034.209196,526958642.73673576
888,Французский сплайн,0.1195561710918511,0.0005157754359502202,0.049216060700962974,138239730.05951846,526830949.7206398,6585386871.5079975,526830949.7206398
889,Бета-калибровка,0.009148698085378094,0.016628086764413425,0.04968111255729893,139524436.50591832,549682649.0009251,6871033112.511564,549682649.0009251
889,Изотоническая регрессия,0.38336631581202907,1.1298144321820517e-06,0.04979765060245941,139873130.35194698,524099690.8737848,6551246135.92231,524099690.8737848
889,Логит-калибровка,0.029986119019815835,0.008835572800463007,0.04972685333326595,139652894.9011441,543781157.4974645,6797264468.718307,543781157.4974645
889,Монотонный сплайн,0.3303911282379001,5.75131488651471e-06,0.04988018436233352,140102321.20376974,527764465.16437006,6597055814.5546255,527764465.16437006
889,Французский сплайн,0.24107881627290575,6.688071176004283e-05,0.049855940249236355,140036894.15342665,527627656.0441753,6595345700.552193,527627656.0441753
890,Бета-калибровка,0.006283407474986703,0.023328193254446163,0.049235591034722755,138273233.8619154,548600672.6860132,6857508408.575164,548600672.6860132
890,Изотоническая регрессия,0.3778934586894159,5.9798156582370224e-05,0.04926877619024067,138387839.4526719,523350941.8781233,6541886773.4765415,523350941.87812334
890,Логит-калибровка,0.022999649361802533,0.029558895688999675,0.04929732073646702,138446595.55629402,542558016.1439555,6781975201.799442,542558016.1439553
890,Монотонный сплайн,0.47554605647427767,0.0002853498054111666,0.04941220699941847,138787478.75012884,526951938.09356487,6586899226.169561,526951938.09356487
890,Французский сплайн,0.24878569388155067,0.0005173864414156966,0.049380963722366826,138702724.872307,526795236.5726468,6584940457.158085,526795236.5726468
891,Бета-калибровка,0.0006673075995919403,0.017317789554374737,0.04868129146481754,136716538.9497936,548894152.4027562,6861176905.034453,548894152.4027562
891,Изотоническая регрессия,0.10889023895948863,1.2306506296499852e-07,0.04883830020658554,137178053.50017482,523420744.8198914,6542759310.248642,523420744.81989145
891,Логит-калибровка,0.0033583903066514167,0.009249012522395357,0.048740651371740315,136883245.3123955,542940916.0052671,6786761450.065839,542940916.0052671
891,Монотонный сплайн,0.24901012972487363,6.563567794062632e-07,0.04890326475389448,137357523.40886885,527084740.1647619,6588559252.059523,527084740.1647619
891,Французский сплайн,0.16495799697391983,7.136873614196168e-05,0.0488657351063989,137255034.4035538,526937980.03397346,6586724750.424667,526937980.03397346
892,Бета-калибровка,0.005763153518667009,0.054637822190716875,0.049183269461596846,138126293.9559486,549333982.4321691,6866674780.402113,549333982.4321691
892,Изотоническая регрессия,0.37462859808463883,0.0003657161935762107,0.04932319938104231,138540322.74171922,523888662.84826595,6548608285.603325,523888662.848266
892,Логит-калибровка,0.021531863562742778,0.07230560996575106,0.04925171777119639,138318524.18862796,543305555.3546866,6791319441.933582,543305555.3546866
892,Монотонный сплайн,0.3679182473504062,0.0015653635787407267,0.049426684950996266,138828456.36427557,527491215.7813096,6593640197.266371,527491215.7813096
892,Французский сплайн,0.13368837852650844,0.003312703127160531,0.049381545201673815,138704194.24772707,527351407.6069517,6591892595.086896,527351407.6069517
893,Бета-калибровка,0.001559892919265545,0.005670011908013759,0.04951098920150133,139046662.07349634,551235282.1532896,6890441026.916121,551235282.1532896
893,Изотоническая регрессия,0.43344523904684307,9.251473361503168e-07,0.04964901614431491,139455466.13969398,525938336.10922384,6574229201.365297,525938336.10922384
893,Логит-калибровка,0.006229485740306796,0.0027018050718596795,0.04959025528363358,139269272.93855658,545280146.4439133,6816001830.548917,545280146.4439133
893,Монотонный сплайн,0.44777164478933595,4.582523625423971e-06,0.049742094979994475,139714043.80508864,529748604.0634163,6621857550.792704,529748604.0634163
893,Французский сплайн,0.12296775496653892,9.16068092551429e-06,0.049694324423125734,139582660.2961738,529600841.2837181,6620010516.046476,529600841.2837181
894,Бета-калибровка,0.00441126533434048,0.005172896353119698,0.04871144937366,136801234.42098677,547074236.3268484,6838427954.085604,547074236.3268484
894,Изотоническая регрессия,0.5613367930097843,1.372051643050225e-07,0.04889329370185594,137332975.63229224,521168731.38073206,6514609142.259151,521168731.38073206
894,Логит-калибровка,0.017169099588203427,0.00243805207046245,0.04875796033115191,136931855.794007,540971854.7339793,6762148184.174743,540971854.7339793
894,Монотонный сплайн,0.3681825269867939,7.711064320358463e-07,0.048943608500387495,137471546.58096918,524724221.0256711,6559052762.8208885,524724221.0256711
894,Французский сплайн,0.18268430894748156,7.8694004515182e-06,0.048898049350161725,137346330.42757204,524656521.9995924,6558206524.994905,524656521.9995924
895,Бета-калибровка,0.0033773135721526177,0.02303480529071788,0.04923743712252335,138278418.41489458,547411478.9910132,6842643487.387665,547411478.9910132
895,Изотоническая регрессия,0.4927090836435246,6.425621039432146e-05,0.04932564517589937,138547311.11199582,520945389.0423919,6511817363.029899,520945389.0423919
895,Логит-калибровка,0.015080722892371681,0.028853476146875973,0.049281124669877614,138401110.5228843,541325474.3986415,6766568429.983017,541325474.3986415
895,Монотонный сплайн,0.3267998035766546,4.4661399844254174e-05,0.049368059977743246,138663592.39504927,524595556.6106231,6557444457.63279,524595556.6106231
895,Французский сплайн,0.24632976781988386,0.0004926459739924833,0.04934354683333546,138597494.20075375,524501893.6167489,6556273670.209362,524501893.6167489
896,Бета-калибровка,0.001992766637968742,0.0961502001292558,0.04846318867487022,136104019.07450554,547355095.5078487,6841938693.84811,547355095.5078487
896,Изотоническая регрессия,0.24066431418801115,1.0019479840253288e-05,0.048538049810308556,136336026.28727055,521673610.2006454,6520920127.508067,521673610.2006454
896,Логит-калибровка,0.008664851636694703,0.062129384971529825,0.048547346403059397,136340367.638352,541193385.4231014,6764917317.788767,541193385.4231014
896,Монотонный сплайн,0.18957008112109652,6.497611232645672e-06,0.048615663668304776,136550871.6138219,525185345.12586236,6564816814.073279,525185345.12586236
896,Французский сплайн,0.3774314166215149,0.0023515667077698955,0.048577744942361105,136447468.8173809,525053525.96217424,6563169074.527178,525053525.96217424
897,Бета-калибровка,0.016594586462783063,0.005310405198064367,0.049271031163508325,138372763.91959682,550349420.3968003,6879367754.960003,550349420.3968003
897,Изотоническая регрессия,0.5458721745602222,1.2171076268346425e-07,0.04937987003860329,138700433.4164135,524931859.3374337,6561648241.717921,524931859.3374337
897,Логит-калибровка,0.029966474898920608,0.002511053850129286,0.049343525908465975,138576358.16133583,544428355.558675,6805354444.483438,544428355.558675
897,Монотонный сплайн,0.5676083955548918,6.273899265977021e-07,0.04944979942800027,138894072.9196543,528557058.47689915,6606963230.961239,528557058.47689915
897,Французский сплайн,0.21512443200392883,8.30350122853009e-06,0.04941842826168436,138808723.68066338,528388255.12604266,6604853189.075533,528388255.12604266
898,Бета-калибровка,0.0007201909722569534,0.00501885472971798,0.04944094481633768,138849949.42220274,548475640.4701209,6855945505.876511,548475640.4701209
898,Изотоническая регрессия,0.6339414252746023,1.2914820803021128e-07,0.04954348797388697,139159579.22586417,522728253.66925955,6534103170.865745,522728253.66925955
898,Логит-калибровка,0.0031807618291535503,0.00235773430859763,0.04946790048099532,138925651.71082726,542492584.0790961,6781157300.988699,542492584.0790961
898,Монотонный сплайн,0.4524242966605092,7.168092301269344e-07,0.04962702474267769,139391170.3942991,526359570.2648287,6579494628.310358,526359570.2648287
898,Французский сплайн,0.4172469223271562,7.929940476370699e-06,0.04959298301270663,139298554.90689754,526215619.747459,6577695246.843237,526215619.747459
899,Бета-калибровка,0.001256659039703669,0.017138251884715003,0.048874175173894696,137258233.55836588,547538083.7463331,6844226046.829164,547538083.7463331
899,Изотоническая регрессия,0.3097424847059316,1.265864329247801e-07,0.048945298731779927,137479146.15833074,521514983.96283036,6518937299.535379,521514983.96283036
899,Логит-калибровка,0.0058410426589030635,0.009140111752527304,0.04892383165735594,137397688.82651842,541462879.513335,6768285993.916687,541462879.513335
899,Монотонный сплайн,0.31041241043755097,7.08730494936702e-07,0.04898275256277502,137581216.8989998,525047152.05138767,6563089400.642345,525047152.05138767
899,Французский сплайн,0.11547344251404845,6.943553108456175e-05,0.04895960410862725,137519267.14077324,524936018.87309813,6561700235.913726,524936018.87309813
900,Бета-калибровка,0.016567331595010483,0.0484294726171605,0.04877446151485916,136978197.71833044,549426600.1435343,6867832501.794178,549426600.1435343
900,Изотоническая регрессия,0.4900903570985612,1.2743219883177148e-06,0.04878200543044412,137020194.45085928,523596355.0790156,6544954438.487696,523596355.0790156
900,Логит-калибровка,0.029953749783756915,0.02902472906923862,0.048865390643454035,137233563.08307633,543352353.7436359,6791904421.795448,543352353.7436359
900,Монотонный сплайн,0.18990117124664793,7.59591844366962e-07,0.04889069950260717,137322194.64192373,527280693.970102,6591008674.626274,527280693.970102
900,Французский сплайн,0.1183898194529651,0.0004920241026289377,0.04885438196759996,137223310.60726404,527175843.5302292,6589698044.127865,527175843.5302292
901,Бета-калибровка,0.00027381031496029546,0.01863966486821669,0.049796283436438264,139847882.40289325,551052095.5455207,6888151194.319008,551052095.5455207
901,Изотоническая регрессия,0.2558855661926577,9.252371992673343e-07,0.04991532419578516,140202648.07144308,526146605.70012236,6576832571.25153,526146605.70012236
901,Логит-калибровка,0.000861537364005084,0.010046367090377853,0.049838300341179434,139965882.67816836,545162423.2948747,6814530291.185933,545162423.2948747
901,Монотонный сплайн,0.3093450911818967,4.750767208707405e-06,0.04998767386326924,140403185.30481306,529720977.6492436,6621512220.615545,529720977.6492436
901,Французский сплайн,0.08804424996313796,7.993531723145782e-05,0.04995257401107711,140307242.123357,529532717.7338516,6619158971.673145,529532717.7338516
902,Бета-калибровка,0.002708077130506129,0.055057403205571315,0.04976058023460529,139747613.53086552,551117365.7204231,6888967071.505289,551117365.7204231
902,Изотоническая регрессия,0.38012680715626446,5.2462937596848326e-05,0.04984593726814914,140008260.22387004,525581192.8104929,6569764910.131161,525581192.8104929
902,Логит-калибровка,0.006419514773795194,0.07299307036031616,0.04983190177121408,139947912.9342776,545171362.4436896,6814642030.54612,545171362.4436896
902,Монотонный сплайн,0.37529236353496376,0.0002322404803070669,0.04989806996719539,140152247.06074482,529363215.7989305,6617040197.486631,529363215.7989305
902,Французский сплайн,0.1222247611252033,0.003542109010713769,0.04986626564743677,140065424.7609505,529235623.87952054,6615445298.494007,529235623.87952054
903,Бета-калибровка,0.003431867877215212,0.17365376255949455,0.050090787572930284,140674967.8198174,551299509.2840625,6891243866.050781,551299509.2840625
903,Изотоническая регрессия,0.5603113035716948,0.0019199486266118049,0.05029026099743716,141256338.1852025,526249453.45237696,6578118168.154713,526249453.45237696
903,Логит-калибровка,0.006431743220016696,0.11773363586576957,0.05014283260095829,140821131.07653126,545421011.0356066,6817762637.945082,545421011.0356066
903,Монотонный сплайн,0.36546967285310067,0.007661020560660926,0.05028837434418322,141248136.48997837,530023437.187409,6625292964.842612,530023437.187409
903,Французский сплайн,0.2447543889417589,0.01843798002149366,0.05026068835618245,141173256.8459069,529849854.02968633,6623123175.371079,529849854.02968633
904,Бета-калибровка,0.0008447056586885773,0.01673716255002999,0.04992623464853357,140212837.38694167,550068572.5780482,6875857157.225603,550068572.5780482
904,Изотоническая регрессия,0.14155588776732508,5.966464933262136e-05,0.050072822487067535,140645564.27268046,524614854.1086246,6557685676.357806,524614854.1086246
904,Логит-калибровка,0.004130221106981507,0.022770682659436506,0.049977930708880715,140358020.60282058,544128685.4154332,6801608567.692913,544128685.4154332
904,Монотонный сплайн,0.47606862282440865,0.00028731526145161417,0.05010231527694242,140725465.94996804,528399230.29574585,6604990378.696824,528399230.29574585
904,Французский сплайн,0.1205245573768685,0.0005106085194718506,0.05007674975523057,140656556.63462496,528240051.22259843,6603000640.28248,528240051.22259843
905,Бета-калибровка,0.0030911684187001887,0.01638912431301981,0.04933503552540696,138552513.76955295,549203779.8038338,6865047247.547923,549203779.8038338
905,Изотоническая регрессия,0.4704431202113455,1.1501396477547243e-06,0.0494513010127512,138900442.16421047,523326123.74569345,6541576546.821169,523326123.74569345
905,Логит-калибровка,0.006426206568937163,0.008692661674830657,0.04941255171305102,138770210.23093247,543113461.3669002,6788918267.086253,543113461.3669002
905,Монотонный сплайн,0.5555954792570499,7.461933507687944e-07,0.04952549146500228,139106122.95698002,526956861.4764603,6586960768.455753,526956861.4764603
905,Французский сплайн,0.1236986522342503,6.529049308213629e-05,0.04947703139026301,138972695.27260476,526881771.49659234,6586022143.707404,526881771.49659234
906,Бета-калибровка,0.0037980551539275906,0.045233337522567474,0.04892729248860094,137407408.22498688,547392879.0369668,6842410987.962084,547392879.0369668
906,Изотоническая регрессия,0.3712263529872601,1.0814717359564383e-05,0.04901169491192015,137666569.99063653,520947886.87660587,6511848585.957573,520947886.87660587
906,Логит-калибровка,0.01496974900443163,0.02686354900205172,0.04897787695927533,137549469.65242887,541324102.875819,6766551285.947735,541324102.875819
906,Монотонный сплайн,0.4123076031975396,5.064755626090197e-05,0.04907223162302569,137833536.59767497,524522322.2245476,6556529027.806845,524522322.2245475
906,Французский сплайн,0.2438109058117566,0.00044127267708662666,0.04904118153548112,137749418.79050785,524445720.9194261,6555571511.492826,524445720.9194261
907,Бета-калибровка,0.0001052025133792679,0.04865005296094005,0.04997968860795744,140362957.48658764,550731614.8453467,6884145185.5668335,550731614.8453467
907,Изотоническая регрессия,0.32163197890540374,7.96464320861068e-06,0.05008771211791976,140688217.5119658,525123058.4273133,6564038230.341417,525123058.4273133
907,Логит-калибровка,0.0006732589255511285,0.02917907969659519,0.05004422449296094,140544200.06603152,544784829.1824355,6809810364.780443,544784829.1824354
907,Монотонный сплайн,0.3206632419746158,5.285787930571668e-06,0.05012612317162912,140792899.5115862,528713964.72902143,6608924559.112768,528713964.72902143
907,Французский сплайн,0.2029505595152516,0.0005180408546836084,0.05009668795398586,140713324.58628958,528583613.84403944,6607295173.050493,528583613.84403944
908,Бета-калибровка,0.0009426105154561247,0.0057926473911944516,0.04928934739961375,138424203.23707527,548778621.2570319,6859732765.712898,548778621.2570319
908,Изотоническая регрессия,0.4118716002394762,8.197497836172788e-06,0.04935115062547338,138620136.6165794,523107530.4155118,6538844130.193897,523107530.41551185
908,Логит-калибровка,0.004024856761993449,0.008109580293927283,0.049348949583068215,138591590.0090888,542653493.0478883,6783168663.098602,542653493.0478883
908,Монотонный сплайн,0.3399508647478616,5.348069841157411e-06,0.049439915212633495,138866314.493433,526651828.69547415,6583147858.693427,526651828.69547415
908,Французский сплайн,0.1915452259909536,0.0005103156346668284,0.04939797216447564,138751545.99799055,526542077.2849878,6581775966.062347,526542077.2849878
909,Бета-калибровка,0.0022376572507522285,0.01667945350594781,0.04906914374427892,137805783.29143292,549760719.8127731,6872008997.659664,549760719.8127731
909,Изотоническая регрессия,0.511994515675714,1.354943317900097e-07,0.049111483413676806,137946098.41896996,524102125.5590713,6551276569.488392,524102125.5590713
909,Логит-калибровка,0.006437979461258273,0.008866009686408527,0.04916699125558127,138080578.24217445,543714310.8233064,6796428885.291331,543714310.8233064
909,Монотонный сплайн,0.27578687909889027,7.239054984974223e-07,0.049241704641017424,138308571.85230002,527801824.5794389,6597522807.242987,527801824.5794389
909,Французский сплайн,0.24610726818427103,6.777447940371042e-05,0.04920467266371729,138207594.4052806,527685371.82386875,6596067147.79836,527685371.82386875
910,Бета-калибровка,0.007828399211991877,0.049104356942239184,0.04964179177920048,139414008.03270665,550009475.0072575,6875118437.590717,550009475.0072575
910,Изотоническая регрессия,0.40549551898541036,6.431121764001667e-05,0.04982305528475366,139943998.4617022,524182890.86083806,6552286135.760475,524182890.86083806
910,Логит-калибровка,0.027779442856523708,0.02948408730512863,0.049706983124941394,139597091.40808544,544037428.9650773,6800467862.063467,544037428.9650774
910,Монотонный сплайн,0.3844665044211599,0.0002836754839090443,0.049829911558137825,139960355.75264648,527913940.133688,6598924251.6711,527913940.133688
910,Французский сплайн,0.1193600974739296,0.0005028685751441143,0.04979655540130238,139869557.77318686,527801572.37111443,6597519654.638931,527801572.37111443
911,Бета-калибровка,0.000952792645784552,0.0054752598621524195,0.048501517049366616,136211660.4814412,548519210.5749987,6856490132.187485,548519210.5749987
911,Изотоническая регрессия,0.35062060576544696,1.1064910309225875e-07,0.04863030503507701,136594039.4605103,523171568.9532365,6539644611.915457,523171568.9532365
911,Логит-калибровка,0.004603721841928966,0.0025984098068876885,0.048561828102469125,136381038.04297432,542472394.8671904,6780904935.83988,542472394.8671904
911,Монотонный сплайн,0.28039228039200986,6.18945083551277e-07,0.048708942220650975,136811897.3934407,526959137.42254806,6586989217.781851,526959137.42254806
911,Французский сплайн,0.13206139604735176,8.926093094932446e-06,0.04866315414530334,136686306.939188,526795049.21251047,6584938115.156381,526795049.21251047
912,Бета-калибровка,0.0034104657848476705,0.00519986134208222,0.04878254055275066,137000886.88834494,548614153.8692993,6857676923.366242,548614153.8692993
912,Изотоническая регрессия,0.37285248378587965,1.4349867920477695e-08,0.04883333563255866,137164589.39047778,523239501.52298844,6540493769.037356,523239501.5229885
912,Логит-калибровка,0.006424367295353422,0.002452438227712685,0.04885400258426066,137201580.85763764,542573057.4184507,6782163217.730634,542573057.4184507
912,Монотонный сплайн,0.3066939247075008,8.534700796477515e-08,0.04891090666583064,137379672.51091677,526934330.72703886,6586679134.087985,526934330.72703886
912,Французский сплайн,0.1522727839616944,8.005678858766856e-06,0.04888566959783143,137311480.7187729,526763443.89875925,6584543048.734491,526763443.89875925
913,Бета-калибровка,0.0022378238365728504,0.005388880880337882,0.04859944049651108,136486668.69040173,549603419.322058,6870042741.525724,549603419.322058
913,Изотоническая регрессия,0.49187387627664536,1.1761939840384164e-07,0.048641008743470986,136625295.7551639,523924226.7995975,6549052834.994968,523924226.7995975
913,Логит-калибровка,0.006443346715185845,0.0025524715837266713,0.04869279265403103,136748838.88958076,543550004.4365306,6794375055.456633,543550004.4365306
913,Монотонный сплайн,0.3093972920156284,6.391491857210039e-07,0.0487328678081288,136880219.00350928,527542893.95531005,6594286174.441376,527542893.95531005
913,Французский сплайн,0.27364281731130413,8.466454004512953e-06,0.048700568195744316,136792472.15228862,527410673.8750535,6592633423.4381695,527410673.8750535
914,Бета-калибровка,0.0014221405822895496,0.005324300919568644,0.04852134456884458,136267344.08714312,547811992.7250884,6847649909.063606,547811992.7250884
914,Изотоническая регрессия,0.48952941691570945,1.2748540403074931e-08,0.048595875482873196,136497706.3061011,522239199.8984672,6527989998.73084,522239199.8984672
914,Логит-калибровка,0.006521891244914335,0.0025183727598386526,0.04857999762499727,136432065.33004233,541753874.6403884,6771923433.004854,541753874.6403884
914,Монотонный сплайн,0.4781700735524906,7.168599992316062e-08,0.04867449165091892,136715737.72825304,525684535.2457103,6571056690.571379,525684535.2457103
914,Французский сплайн,0.11824378886411559,8.378274154033112e-06,0.04864294580508505,136629870.49842602,525580628.56436026,6569757857.054503,525580628.56436026
915,Бета-калибровка,0.002256396303657516,0.0547462657108756,0.04965405392149701,139448445.0331322,548853218.3711338,6860665229.639172,548853218.3711338
915,Изотоническая регрессия,0.40931895847549815,6.693953327685387e-05,0.049730148773344786,139683797.4150615,522410178.82616127,6530127235.327015,522410178.82616127
915,Логит-калибровка,0.009655664410883336,0.07249160436008234,0.049693544137898324,139559349.35687363,542887466.1235065,6786093326.543831,542887466.1235065
915,Монотонный сплайн,0.36297089994409715,0.0002967846349667019,0.049782117463800256,139826587.30237234,526238828.64085245,6577985358.010656,526238828.64085245
915,Французский сплайн,0.11643516503328699,0.0031308763873594135,0.049763373987736025,139777069.15079626,526114424.22982424,6576430302.872803,526114424.22982424
916,Бета-калибровка,0.0011714383543064374,0.050145848308437935,0.04949952001282464,139014452.00401673,550623176.3657463,6882789704.571829,550623176.3657463
916,Изотоническая регрессия,0.46378979789842834,8.57869488134206e-06,0.049616296405527206,139363217.2252826,525063911.9872947,6563298899.841184,525063911.9872947
916,Логит-калибровка,0.005477439536270964,0.03019313382597332,0.04958849719544402,139264335.52368498,544579700.5735886,6807246257.169856,544579700.5735886
916,Монотонный сплайн,0.37673729618222823,4.209190239257359e-05,0.04972499332997435,139665520.93089706,528776230.07621855,6609702875.952732,528776230.07621855
916,Французский сплайн,0.2754113717546728,0.0005178417255972774,0.049677023734378566,139533672.94949234,528664733.5760757,6608309169.700945,528664733.5760757
917,Бета-калибровка,0.002952223991376477,0.05162597739902609,0.04938446269970407,138691325.04584894,550692725.6873858,6883659071.092321,550692725.6873858
917,Изотоническая регрессия,0.48202967101355537,9.211526773711562e-07,0.04953106749072715,139123381.94095814,525685350.2664265,6571066878.330332,525685350.2664265
917,Логит-калибровка,0.00643331023422699,0.031212707035811825,0.04943994652604496,138847145.82374468,544752502.1701334,6809406277.126667,544752502.1701334
917,Монотонный сплайн,0.6119374239613053,4.806109142419667e-06,0.049617049895573424,139362587.82638982,529388176.6415316,6617352208.019144,529388176.6415316
917,Французский сплайн,0.1223562918027723,0.0005583410939648739,0.04957198337803094,139238304.19768313,529245702.8735397,6615571285.919247,529245702.8735397
918,Бета-калибровка,0.0022382308275065797,0.01679845270600656,0.048921776744559525,137391917.80942094,549532351.220759,6869154390.259488,549532351.220759
918,Изотоническая регрессия,0.48694242865279747,1.029186437310865e-06,0.049049445402097,137772349.26724923,523614945.23497605,6545186815.437201,523614945.23497605
918,Логит-калибровка,0.006415640149035149,0.008938269037634332,0.049006358378844345,137629456.87114644,543500357.6122352,6793754470.152938,543500357.6122352
918,Монотонный сплайн,0.34563676766676854,5.283941478891099e-06,0.04906200661761436,137804321.9358149,527247901.8782968,6590598773.47871,527247901.87829685
918,Французский сплайн,0.11751777293052254,6.929635423052712e-05,0.04902159420637627,137693870.2107524,527168291.06282836,6589603638.285355,527168291.06282836
919,Бета-калибровка,0.0004460949041771976,0.18928275080794105,0.04966759287154863,139486467.8204572,550842162.538811,6885527031.735136,550842162.538811
919,Изотоническая регрессия,0.6104138444349856,0.0003415196057925905,0.04987388456497654,140086986.61228013,525748463.6159489,6571855795.199362,525748463.6159489
919,Логит-калибровка,0.00238104893269211,0.08482432922323979,0.04973510127161716,139676058.41120964,544929738.1783546,6811621727.229432,544929738.1783546
919,Монотонный сплайн,0.4950089851571108,0.00025870573871634083,0.04984497398401565,140002803.70053506,529429625.1060723,6617870313.825903,529429625.1060723
919,Французский сплайн,0.27542035910470625,0.0034175471202816023,0.04981431739139139,139919597.06817687,529257351.4391725,6615716892.989656,529257351.4391725
920,Бета-калибровка,0.007834536268738678,0.01751129165580031,0.049276689827553594,138388655.7117015,550001591.7044291,6875019896.305364,550001591.7044291
920,Изотоническая регрессия,0.5129955283103662,1.0570907457195005e-06,0.049340987911522693,138590519.25072032,524588342.31269133,6557354278.908642,524588342.31269133
920,Логит-калибровка,0.027794408414434528,0.009364215615565321,0.04934100719376976,138569284.602983,544062377.9554504,6800779724.4431305,544062377.9554503
920,Монотонный сплайн,0.1810789735392183,5.294028398148393e-06,0.04947564161373277,138965959.44297826,528255882.86662745,6603198535.832842,528255882.86662745
920,Французский сплайн,0.3723913111161067,7.193217671855381e-05,0.04944163120109411,138872934.71106315,528134936.84286344,6601686710.535793,528134936.84286344
921,Бета-калибровка,0.002238499293604721,0.00575675403656985,0.04866891226134891,136681773.19477227,546941122.1055133,6836764026.318918,546941122.1055133
921,Изотоническая регрессия,0.4173624041213226,1.1323927413683149e-06,0.04865396639421961,136662882.02152637,520490564.8889716,6506132061.112144,520490564.8889716
921,Логит-калибровка,0.006452865279956509,0.008052946320828498,0.0487224710291316,136832187.6382132,540830846.9176524,6760385586.4706545,540830846.9176524
921,Монотонный сплайн,0.303394335271059,5.653443314184394e-06,0.04873795032995685,136895357.295773,524402754.5925465,6555034432.406831,524402754.5925465
921,Французский сплайн,0.12479432824604655,6.504798797182744e-05,0.04871570726926151,136836193.2967407,524277857.32663655,6553473216.582956,524277857.32663655
922,Бета-калибровка,0.002238909235663113,0.005584983668538232,0.048642584772300525,136607835.0745288,551105035.3790607,6888812942.238258,551105035.3790607
922,Изотоническая регрессия,0.38398205312582717,1.1811555582054424e-07,0.04871317137949987,136826641.70218745,525914593.61433125,6573932420.17914,525914593.61433125
922,Логит-калибровка,0.006456913272967865,0.0026561897563386694,0.048754879391536596,136923203.2831914,545093095.6999536,6813663696.24942,545093095.6999536
922,Монотонный сплайн,0.36547876954052394,6.250885232563893e-07,0.048797203505309854,137059681.03415084,529633882.28201175,6620423528.525147,529633882.28201175
922,Французский сплайн,0.12667883681197245,8.936067541393557e-06,0.04875173292952724,136934936.66947675,529496982.9343108,6618712286.6788845,529496982.9343108
923,Бета-калибровка,0.009262338691001614,0.04797162610282545,0.049977704830032665,140357386.24466372,549174343.0037458,6864679287.5468235,549174343.0037459
923,Изотоническая регрессия,0.4936986449633674,1.1773038098741538e-06,0.05009273692928527,140701970.39220476,523013887.7450137,6537673596.812672,523013887.7450137
923,Логит-калибровка,0.0300238053825672,0.02871491351052746,0.050005263541228834,140434782.12918705,543216490.5047941,6790206131.309927,543216490.5047941
923,Монотонный сплайн,0.28753713904202116,6.078737781566795e-06,0.0501474114426545,140852828.5291101,526841361.54406226,6585517019.300777,526841361.5440623
923,Французский сплайн,0.12773017964991099,0.0004900300958873851,0.05012258331190873,140785770.2318168,526705219.1732452,6583815239.6655655,526705219.1732452
924,Бета-калибровка,0.0022376525372390793,0.01654696728116906,0.04897495930313609,137541275.7069274,547638169.5803564,6845477119.754454,547638169.5803564
924,Изотоническая регрессия,0.5589158325848814,1.5843513098694654e-07,0.04905874113655319,137797259.40789598,521548170.18281937,6519352127.285242,521548170.18281937
924,Логит-калибровка,0.006437560359005697,0.008785606626546422,0.0490176917618424,137661285.5439582,541599497.1987722,6769993714.984653,541599497.1987722
924,Монотонный сплайн,0.3670985612486767,9.089929458529449e-08,0.04916391579945732,138089635.81641614,525271474.4716124,6565893430.895155,525271474.4716124
924,Французский сплайн,0.10429241628375668,6.442816244290516e-05,0.04912988562469597,137997040.80910987,525141918.166532,6564273977.08165,525141918.166532
925,Бета-калибровка,0.002942750358159724,0.005241707300183496,0.04867140114268167,136688762.9691072,549541620.1174837,6869270251.468546,549541620.1174837
925,Изотоническая регрессия,0.6235594635410926,1.2483558762157015e-07,0.048839181277675184,137181484.700223,524055115.12407315,6550688939.050914,524055115.12407315
925,Логит-калибровка,0.006428873710285308,0.002474663620101842,0.04876600021236372,136954434.99640226,543524261.8216817,6794053272.771023,543524261.8216817
925,Монотонный сплайн,0.6077866438780144,6.706472321440882e-07,0.04891316029323252,137386415.59537166,527700344.2938404,6596254303.673004,527700344.2938404
925,Французский сплайн,0.12235220419685575,8.128910718525815e-06,0.04886610132563232,137257108.294331,527560868.4669485,6594510855.836857,527560868.4669485
926,Бета-калибровка,0.003416107444428235,0.04946647891182388,0.04943834016659732,138842634.5238719,550758624.8578361,6884482810.722952,550758624.8578361
926,Изотоническая регрессия,0.4906351347623412,1.042977699263293e-06,0.04949280052728687,139016391.40083244,525572166.66669893,6569652083.333737,525572166.66669893
926,Логит-калибровка,0.006426196701226678,0.029734730295050898,0.04951152340185107,139048162.3217585,544818757.012727,6810234462.659088,544818757.012727
926,Монотонный сплайн,0.3461684394281763,5.5193732369310975e-06,0.04960587730809203,139330801.5982446,529148537.732666,6614356721.658325,529148537.732666
926,Французский сплайн,0.12427144685522792,0.0005220729527591507,0.04957193844884176,139238510.5077338,529000876.8068186,6612510960.085233,529000876.8068186
927,Бета-калибровка,0.010535817897453094,0.05148943491952292,0.04924900634200392,138310909.41088384,550352936.2212224,6879411702.76528,550352936.2212225
927,Изотоническая регрессия,0.6334361581680836,9.416730059031247e-07,0.04929803283917062,138469047.02552676,524953055.6427057,6561913195.533821,524953055.6427057
927,Логит-калибровка,0.029860841670058973,0.031116882712932618,0.04932950950527374,138536994.4946108,544371482.4276539,6804643530.3456745,544371482.4276539
927,Монотонный сплайн,0.30475739286260867,4.8743796192583435e-06,0.04937923774117013,138693957.4620582,528566188.2593086,6607077353.241357,528566188.2593086
927,Французский сплайн,0.2743047078540539,0.000554484563618667,0.04935227300401947,138621351.95792037,528422636.820483,6605282960.256038,528422636.820483
928,Бета-калибровка,0.0033835632372462383,0.055542320774125596,0.04925720917656165,138333946.25145575,550536564.8324349,6881707060.405436,550536564.8324349
928,Изотоническая регрессия,0.36947471587508696,0.00038333107512438365,0.049322560983735324,138537453.4667223,525548322.8940637,6569354036.1757965,525548322.8940637
928,Логит-калибровка,0.006417112920988569,0.07373223455028283,0.049322056886305386,138516064.55950004,544616011.0327933,6807700137.909916,544616011.0327933
928,Монотонный сплайн,0.20021398987325678,0.0016319723375943403,0.04941582028533171,138796235.5831132,529373881.38422394,6617173517.3028,529373881.38422406
928,Французский сплайн,0.1303641330926844,0.0034105876959465257,0.049387729230151944,138720375.55277932,529189207.1075692,6614865088.844616,529189207.1075692
929,Бета-калибровка,0.0035734487040821276,0.04985264257584337,0.04911068796509632,137922456.08117652,548950559.6680214,6861881995.850269,548950559.6680214
929,Изотоническая регрессия,0.378514479554096,5.673625606329341e-05,0.049284869227698855,138432795.93906948,523685154.31756306,6546064428.969539,523685154.31756306
929,Логит-калибровка,0.014270122685726631,0.029998665746990484,0.04915922941804297,138058779.89763188,542976856.6576161,6787210708.2202015,542976856.657616
929,Монотонный сплайн,0.22339463510298518,0.00025485346761337893,0.04932046629981554,138530184.52541184,527424077.56278914,6592800969.534864,527424077.56278914
929,Французский сплайн,0.13479197355458047,0.0005365826505462282,0.04928814693417552,138441939.66198182,527290287.42802405,6591128592.8503,527290287.42802405
930,Бета-калибровка,0.00037413401367934285,0.005431230655674609,0.048889810718438266,137302144.42166203,550500012.9586123,6881250161.982653,550500012.9586123
930,Изотоническая регрессия,0.3209620244468836,1.450935304036691e-08,0.04891690883442733,137398698.3706057,524895314.3170841,6561191428.9635515,524895314.3170841
930,Логит-калибровка,0.002042122389011703,0.002574598866926664,0.048988721220385174,137579924.67532974,544525750.2158775,6806571877.698469,544525750.2158775
930,Монотонный сплайн,0.2529261229180922,7.554763743130105e-08,0.049011973263634136,137662993.02388144,528502481.28913057,6606281016.114133,528502481.28913057
930,Французский сплайн,0.1489261291668621,8.449073414207705e-06,0.04898357330082072,137585817.90873247,528388899.6711166,6604861245.888958,528388899.6711166
931,Бета-калибровка,0.005930436035444596,0.016744616399750382,0.04775024957297902,134101800.90075429,549667638.6801404,6870845483.501755,549667638.6801404
931,Изотоническая регрессия,0.38863107865048796,0.0003285823286193312,0.04788220970705488,134491772.94129294,524673223.802172,6558415297.527151,524673223.802172
931,Логит-калибровка,0.021996865980975007,0.022790747927253562,0.047863334397813456,134419388.32281932,543645535.6605833,6795569195.75729,543645535.6605833
931,Монотонный сплайн,0.29101475525072174,0.0002537421054430523,0.04790389397326365,134549984.32416725,528366679.0375497,6604583487.96937,528366679.0375497
931,Французский сплайн,0.4014836097002166,0.0027558982652691475,0.047864367024776165,134441709.03876525,528225645.5793452,6602820569.741816,528225645.5793452
932,Бета-калибровка,0.0008081591984860038,0.017673508097821474,0.0493638160735403,138633341.06093055,549248524.6852579,6865606558.565725,549248524.6852579
932,Изотоническая регрессия,0.44123530676195355,1.1188472569158013e-06,0.04942047128850687,138812544.36664268,523481496.5111648,6543518706.389561,523481496.5111648
932,Логит-калибровка,0.003990188409120899,0.009461615073353179,0.04943462769639804,138832208.42256427,543205687.1940246,6790071089.925307,543205687.1940246
932,Монотонный сплайн,0.2802557324253223,5.701860403768925e-06,0.04943663096004198,138855285.29447132,527140221.0755888,6589252763.4448595,527140221.0755888
932,Французский сплайн,0.14999322224081613,7.262582161351517e-05,0.04942088636295055,138813535.8185066,527043688.7644031,6588046109.555038,527043688.7644031
933,Бета-калибровка,0.003579818757396141,0.04890189404932411,0.0488144651036626,137090543.79712605,549704025.9623468,6871300324.529335,549704025.9623468
933,Изотоническая регрессия,0.49309948438735274,7.746034666468767e-06,0.04887859431291613,137292650.66839364,524360104.85812783,6554501310.726598,524360104.85812783
933,Логит-калибровка,0.014287886576890165,0.029352057797640514,0.04889987655654804,137330413.32140952,543667034.9877396,6795837937.346745,543667034.9877396
933,Монотонный сплайн,0.480591453994998,3.950091362837954e-05,0.04897799573397341,137568502.68797204,528097148.5367197,6601214356.708996,528097148.5367197
933,Французский сплайн,0.12434485442523545,0.000521974507855533,0.04893623114881601,137454368.29864252,527941780.83914745,6599272260.489343,527941780.83914745
934,Бета-калибровка,0.002238299096986698,0.017296471335552635,0.0486580976119247,136651401.33332938,547975856.9640996,6849698212.051247,547975856.9640996
934,Изотоническая регрессия,0.5632032511296399,6.224483645580169e-05,0.04869108505975635,136765092.8818197,522153386.7651109,6526917334.563887,522153386.7651109
934,Логит-калибровка,0.00645042876202355,0.009234545729241853,0.0487197334549637,136824499.43492004,541881525.386927,6773519067.336587,541881525.386927
934,Монотонный сплайн,0.3697117038918506,0.0002771731502592192,0.04881751780474114,137117124.34911346,525839569.61206913,6572994620.150864,525839569.61206913
934,Французский сплайн,0.12200544010878013,7.009543632451764e-05,0.04877828694733866,137009957.04157472,525718004.6701411,6571475058.376763,525718004.6701411
935,Бета-калибровка,0.007458362221337171,0.04966899900359754,0.049690598715843824,139551077.4335758,550444537.6270224,6880556720.33778,550444537.6270224
935,Изотоническая регрессия,0.44616559831812896,9.824014726197384e-07,0.04975286322381462,139747469.07776096,524967536.24807715,6562094203.100965,524967536.24807715
935,Логит-калибровка,0.02678895312668752,0.029871218693113478,0.049752945415895554,139726171.90600112,544448655.2335632,6805608190.4195385,544448655.2335632
935,Монотонный сплайн,0.37406262614143604,5.411716625761954e-06,0.04982612033183718,139950243.81083483,528597117.0698119,6607463963.372648,528597117.0698118
935,Французский сплайн,0.322808391616023,0.0005284556451410374,0.04979260594325278,139859045.1636703,528489659.9536738,6606120749.420921,528489659.9536738
936,Бета-калибровка,0.0002732732274853801,0.05016279480836786,0.04945851071956453,138899281.50482503,548629500.8267455,6857868760.33432,548629500.8267455
936,Изотоническая регрессия,0.4668158867072678,9.395973523052326e-07,0.049522657834162834,139100840.6614629,523092798.38332844,6538659979.791605,523092798.38332844
936,Логит-калибровка,0.0008594046836177818,0.03021248494718412,0.04949441646053575,139000119.18776858,542625124.1291664,6782814051.61458,542625124.1291664
936,Монотонный сплайн,0.3632341840108385,4.844311038510904e-06,0.049620531934331254,139372904.5866375,526968158.119873,6587101976.498412,526968158.11987305
936,Французский сплайн,0.08807081593610186,0.0005356128616582556,0.04959193710180484,139295351.7723375,526775068.94144046,6584688361.768005,526775068.94144046
937,Бета-калибровка,0.00252005604585924,0.017575887456614005,0.04887661050369639,137265072.93858093,549120383.5355368,6864004794.194209,549120383.5355368
937,Изотоническая регрессия,0.6343035771611356,1.0206762583841734e-06,0.0490400887471131,137745713.23739246,523495466.54438686,6543693331.804836,523495466.54438686
937,Логит-калибровка,0.009492174357269307,0.009403459833395356,0.04893832552810418,137438393.41312778,543124965.9806019,6789062074.7575245,543124965.9806019
937,Монотонный сплайн,0.5474969573225317,5.245024929536603e-06,0.04910554038743465,137926450.66755328,527174789.04635847,6589684863.079481,527174789.04635847
937,Французский сплайн,0.31897190291931526,7.224112863412514e-05,0.04906561338663741,137817306.2819342,527038910.6555381,6587986383.194225,527038910.6555381
938,Бета-калибровка,0.0018686165623297696,0.04594556756122059,0.049010073669987934,137639890.89479414,546387768.6255367,6829847107.819208,546387768.6255367
938,Изотоническая регрессия,0.5510620121439074,9.034914075668857e-06,0.04914657565742212,138045727.8763043,520429409.96403396,6505367624.550426,520429409.964034
938,Логит-калибровка,0.008230098764079137,0.027344984659593796,0.049032481070438186,137702819.83821863,540311289.8701286,6753891123.376609,540311289.8701286
938,Монотонный сплайн,0.40641633058473103,4.884322821644864e-05,0.049169925111293075,138108191.10717,524269915.7124748,6553373946.405935,524269915.7124748
938,Французский сплайн,0.26525128551982746,0.0004664766427488036,0.04914382671496845,138037823.64602304,524130659.5296327,6551633244.120409,524130659.5296327
939,Бета-калибровка,0.007813710839148353,0.05509900914454206,0.04990362131867215,140149330.11135888,550365775.0024626,6879572187.530783,550365775.0024626
939,Изотоническая регрессия,0.4512454887706049,7.822781714363556e-06,0.050022340224352306,140504866.28607103,525164812.99217093,6564560162.402137,525164812.99217093
939,Логит-калибровка,0.02774257892465019,0.05021740926304097,0.049956037186841336,140296534.8355252,544417523.25115,6805219040.639376,544417523.25115
939,Монотонный сплайн,0.4740832413197905,5.180690205648484e-06,0.05004230009425044,140558099.8431009,528793615.8258612,6609920197.823265,528793615.8258612
939,Французский сплайн,0.12139596933846812,0.0024007601848832377,0.05002122476510522,140501696.34561777,528619586.5126871,6607744831.408588,528619586.5126871
940,Бета-калибровка,0.0032216482425524605,0.048275452349753355,0.047809007994929084,134266818.05295885,547525869.1704788,6844073364.630985,547525869.1704788
940,Изотоническая регрессия,0.5338949256409395,6.219032071308657e-05,0.047885044240328974,134501407.84453988,521891359.5861699,6523641994.827124,521891359.5861699
940,Логит-калибровка,0.006420468699189006,0.028921942333191546,0.04789790602942006,134516479.2930233,541405511.3523898,6767568891.904871,541405511.3523898
940,Монотонный сплайн,0.515204729373099,0.0002844521793348183,0.04808875799597936,135070453.42092976,525462087.51257575,6568276093.907196,525462087.51257575
940,Французский сплайн,0.12262266356998307,0.0004998020957925514,0.04803046568038368,134909738.53394845,525348473.3452496,6566855916.81562,525348473.3452496
941,Бета-калибровка,0.0007181603027626661,0.016730984568895713,0.049748731880990334,139714338.6145733,549671628.3409489,6870895354.261862,549671628.340949
941,Изотоническая регрессия,0.6266949056812914,1.2775860334330924e-07,0.04979230441550772,139856800.5205119,524112399.21870047,6551404990.233757,524112399.2187005
941,Логит-калибровка,0.0031671359515218237,0.009346702744133299,0.04979315885489564,139839107.3280889,543692513.3196732,6796156416.4959135,543692513.3196732
941,Монотонный сплайн,0.43897054026088456,7.015768126519088e-07,0.04984832299787367,140011205.4233698,527799476.6283802,6597493457.854752,527799476.6283802
941,Французский сплайн,0.27543327409142776,7.127872592893841e-05,0.04982957759212154,139961437.43284032,527682635.4318963,6596032942.898705,527682635.4318963
942,Бета-калибровка,0.009922940969758973,0.005512795166419717,0.04854462188103947,136332716.09071124,547306236.7319211,6841327959.1490135,547306236.731921
942,Изотоническая регрессия,0.38055076037885066,1.1715132224878334e-08,0.04854024377774923,136341829.02543095,521429936.85253465,6517874210.656683,521429936.85253465
942,Логит-калибровка,0.0299192780674068,0.0026180369270470114,0.04859918975080535,136485964.49616176,541196974.8992004,6764962186.2400055,541196974.8992004
942,Монотонный сплайн,0.4781496338205965,6.419528592103089e-08,0.048637522274993954,136612237.54040506,525128715.47838914,6564108943.479864,525128715.47838914
942,Французский сплайн,0.24547394801115105,8.794219963196662e-06,0.0486175841853825,136558901.11330545,524997988.5155991,6562474856.444988,524997988.5155991
943,Бета-калибровка,0.009236598900176737,0.01625096666085507,0.04889763366693673,137324114.3902251,548792672.0861752,6859908401.077191,548792672.0861753
943,Изотоническая регрессия,0.4930042798347706,9.0500836847402e-06,0.0489067349095714,137371082.72004035,522947005.8963925,6536837573.704906,522947005.8963925
943,Логит-калибровка,0.02988312067090571,0.00861069811826207,0.048977806589566415,137549272.0261383,542705730.8576308,6783821635.720385,542705730.8576308
943,Монотонный сплайн,0.4564646412953932,4.5877608126036434e-05,0.04902244122638655,137693181.2735811,526582634.86736685,6582282935.842085,526582634.86736685
943,Французский сплайн,0.12029426990493866,6.478334796171426e-05,0.04898599813227677,137593709.56183517,526452954.01664567,6580661925.208071,526452954.0166457
944,Бета-калибровка,0.003361171070653365,0.004771184720400937,0.04926436576778806,138354044.82225603,548129555.1618595,6851619439.523244,548129555.1618595
944,Изотоническая регрессия,0.6951427241375234,1.672779104751943e-07,0.04928800811526661,138441611.19091475,522159489.991926,6526993624.899075,522159489.991926
944,Логит-калибровка,0.006412965782852661,0.0022277585442793033,0.04932682797402024,138529463.68223846,542008552.6741908,6775106908.427385,542008552.6741908
944,Монотонный сплайн,0.5491975105303583,8.366787392559983e-07,0.04944117079320214,138868799.67448822,525592027.1607752,6569900339.509689,525592027.1607751
944,Французский сплайн,0.2753973274231201,6.946370088085175e-06,0.04939585381963491,138744436.6172009,525508364.1371873,6568854551.714841,525508364.13718724
945,Бета-калибровка,0.011384549174294736,0.01543045342286254,0.04894587309610624,137459590.0031048,546684421.1405495,6833555264.256869,546684421.1405495
945,Изотоническая регрессия,0.4892364045863856,1.50132549560887e-06,0.049029490362620866,137715709.53438443,520178069.8826829,6502225873.533537,520178069.8826829
945,Логит-калибровка,0.030154025961504502,0.008121353704766843,0.04898906589310258,137580892.65418932,540598847.33354,6757485591.669249,540598847.33354
945,Монотонный сплайн,0.23656406486613546,9.749370069458327e-07,0.0490689094374914,137823140.81506366,523831363.71330667,6547892046.416333,523831363.71330667
945,Французский сплайн,0.1284488466876886,5.769957350857658e-05,0.049043598852579945,137755251.71442968,523750437.8663423,6546880473.329279,523750437.86634237
946,Бета-калибровка,0.016525101082132104,0.016941563278443483,0.049592524829483675,139275646.73112196,551775742.0691432,6897196775.86429,551775742.0691432
946,Изотоническая регрессия,0.3637001675155503,9.646841121145703e-07,0.049722797343238284,139662792.8587504,526600837.02125156,6582510462.765644,526600837.02125156
946,Логит-калибровка,0.02993523881660455,0.023146656176202124,0.04968054534123314,139522843.53631914,545832877.2912965,6822910966.141207,545832877.2912966
946,Монотонный сплайн,0.3005690603054806,4.830446347469647e-06,0.04982713525853639,139952915.1945662,530188702.77024853,6627358784.628107,530188702.77024853
946,Французский сплайн,0.12385978750205312,0.0005381219754107029,0.04978042970741371,139824600.21917394,530024624.8194823,6625307810.243529,530024624.8194823
947,Бета-калибровка,0.0001721888499548289,0.017205195607384687,0.04946541303557634,138918665.96911258,549666174.4075837,6870827180.094795,549666174.4075837
947,Изотоническая регрессия,0.4643889409834918,1.484282154937152e-07,0.049562083312221165,139210008.37404191,523607741.0058992,6545096762.57374,523607741.0058992
947,Логит-калибровка,0.0008900245252608944,0.009179167320032986,0.04952866216466807,139096294.8232538,543698275.7256548,6796228446.570686,543698275.7256548
947,Монотонный сплайн,0.18997425197142037,7.466434401133512e-07,0.049543305385378,139154645.8723089,527313673.0624191,6591420913.280239,527313673.0624191
947,Французский сплайн,0.08883619068497797,6.85960650022286e-05,0.04952593383218424,139108509.26404285,527216607.14582324,6590207589.32279,527216607.14582324
948,Бета-калибровка,0.0020338873683630873,0.04923899586206148,0.04970287776323398,139585561.91026634,549273116.3855155,6865913954.818943,549273116.3855155
948,Изотоническая регрессия,0.5610789628086456,8.268150729270072e-06,0.049775785900841044,139811605.923922,523545185.1972109,6544314814.9651375,523545185.1972109
948,Логит-калибровка,0.008821039540544223,0.029578246698129754,0.049737616116468084,139683121.10148898,543312386.1359553,6791404826.699442,543312386.1359553
948,Монотонный сплайн,0.3683284239493825,5.442199179554354e-06,0.04985047371213459,140018348.6143961,527352379.13481396,6591904739.185175,527352379.13481396
948,Французский сплайн,0.1854594993057245,0.0005198752097375636,0.049826995846629495,139955294.5379347,527205181.6632201,6590064770.790252,527205181.6632201
949,Бета-калибровка,0.011375348007485355,0.048242498359554416,0.04870848230373342,136792901.70180494,548594753.8215734,6857434422.769668,548594753.8215734
949,Изотоническая регрессия,0.37349117983844027,8.291042500686104e-06,0.04873868865133525,136897586.80840993,523088315.78239405,6538603947.279925,523088315.78239405
949,Логит-калибровка,0.03004977255605146,0.028904447105934945,0.04877975149463199,136993054.0975245,542511143.4461589,6781389293.076986,542511143.4461589
949,Монотонный сплайн,0.2244408737086977,4.47894762024029e-05,0.04886885983094152,137260543.54134113,526822609.570298,6585282619.628725,526822609.570298
949,Французский сплайн,0.1339624633821856,0.0005168737721447908,0.04882910106873663,137151517.1307541,526720431.1689749,6584005389.612186,526720431.1689749
950,Бета-калибровка,0.0005948821681574596,0.016744897919786693,0.04950311210896645,139024540.0468214,549748824.2435511,6871860303.044389,549748824.2435511
950,Изотоническая регрессия,0.2149208271769516,0.002167699898141282,0.049555900322692845,139194318.4662506,523859941.52171606,6548249269.021451,523859941.5217161
950,Логит-калибровка,0.0030554325998903686,0.022791474219917493,0.04957279305157675,139220232.00604814,543742087.910505,6796776098.881313,543742087.910505
950,Монотонный сплайн,0.2771102787920853,0.001618816356123651,0.0496159158259498,139360206.9164425,527703004.0634185,6596287550.792731,527703004.0634185
950,Французский сплайн,0.1221379928865816,0.0005031185136065697,0.049592080761753386,139295844.01552215,527585299.5358233,6594816244.19779,527585299.5358233
951,Бета-калибровка,0.0022376996091658698,0.015951240387186153,0.048769808844446254,136965131.15874287,546507990.1210916,6831349876.513645,546507990.1210916
951,Изотоническая регрессия,0.4797526332261808,1.5226931205875666e-07,0.0488090974766537,137097954.15343428,519864530.9401654,6498306636.752068,519864530.9401654
951,Логит-калибровка,0.006440075820736473,0.008431843968778463,0.048822003008972395,137111713.2503981,540395073.2992561,6754938416.2407,540395073.2992561
951,Монотонный сплайн,0.23689994581207463,7.625745664499457e-07,0.04886229403912305,137244119.0230872,523711244.12132615,6546390551.516577,523711244.12132615
951,Французский сплайн,0.1272100084979987,6.189320585906598e-05,0.04884015860772368,137185126.1198897,523603813.8400583,6545047673.000729,523603813.8400583
952,Бета-калибровка,0.004292940230952133,0.02379071663342755,0.04823299020781814,135457529.69963646,547807295.8880308,6847591198.600385,547807295.8880308
952,Изотоническая регрессия,0.3772468260195299,8.429582838402507e-06,0.04836888379927231,135861060.06187636,522218383.9222298,6527729799.027873,522218383.9222298
952,Логит-калибровка,0.01681630294710066,0.02273224513375006,0.048300735755848485,135647786.29672492,541769957.7618885,6772124472.023607,541769957.7618885
952,Монотонный сплайн,0.4358271692217983,4.070985414460996e-05,0.04844733074874234,136078604.24890333,526008040.7578186,6575100509.472733,526008040.7578186
952,Французский сплайн,0.26298255616205274,0.002375245675982625,0.048408812828051,135973154.98910654,525848078.57366246,6573100982.17078,525848078.57366246
953,Бета-калибровка,0.0033964952869423313,0.023764837384009505,0.04902960211618386,137694734.58309078,548809661.4428005,6860120768.0350065,548809661.4428005
953,Изотоническая регрессия,0.4021758439281431,1.0149208469823594e-06,0.04909419944353011,137897558.11720997,522980802.74547213,6537260034.318402,522980802.7454722
953,Логит-калибровка,0.006420362319010367,0.022731121565672523,0.04909908582389844,137889872.6278364,542733947.1357331,6784174339.196664,542733947.1357331
953,Монотонный сплайн,0.5838341015460552,5.266242682011592e-06,0.049155703043592014,138067299.28848886,526696674.09839666,6583708426.2299595,526696674.09839666
953,Французский сплайн,0.2754116954043717,0.0005211647156655595,0.04912122881179356,137973406.71781537,526572383.3008803,6582154791.2610035,526572383.3008803
954,Бета-калибровка,0.01645261235494832,0.1324258774094065,0.049424995705588094,138805157.93957365,550146907.9938643,6876836349.923303,550146907.9938643
954,Изотоническая регрессия,0.23976848564680958,0.00035063205300532704,0.04943779836552789,138862401.72974855,524890269.5355314,6561128369.194143,524890269.5355314
954,Логит-калибровка,0.029906630651617895,0.08491490351318871,0.04950469405949657,139028982.79669017,544162562.8848209,6802032036.060263,544162562.8848209
954,Монотонный сплайн,0.14578777363607745,0.0015157080898636271,0.049508555850290424,139058007.3391533,528647392.27394605,6608092403.424324,528647392.27394605
954,Французский сплайн,0.24572847885346955,0.0034501402901276046,0.049494007411577674,139020200.94022948,528428344.0235202,6605354300.294003,528428344.0235202
955,Бета-калибровка,0.0027343211899524375,0.016160355095111784,0.04908409019080126,137847758.89184624,549291922.966227,6866149037.077838,549291922.966227
955,Изотоническая регрессия,0.37102819281337324,1.32030425125417e-07,0.04920350931503273,138204185.1603379,523598868.9036209,6544985861.295261,523598868.9036209
955,Логит-калибровка,0.011339575987943907,0.008557441761907786,0.049169312394925,138087096.92990738,543257204.8975614,6790715061.219518,543257204.8975614
955,Монотонный сплайн,0.43894170710094016,7.807003128467211e-08,0.04925561033997585,138347750.32280028,527322725.6083909,6591534070.104886,527322725.60839087
955,Французский сплайн,0.11935822908421857,6.615045989926698e-05,0.04922104075545107,138253392.21598795,527182651.59563035,6589783144.945379,527182651.59563035
956,Бета-калибровка,0.0034041581596310506,0.00467369690030212,0.048280021528843385,135589612.4616038,547046756.3288565,6838084454.110706,547046756.3288565
956,Изотоническая регрессия,0.4118131907503225,1.3438943108576444e-06,0.04835970035610723,135835149.68009156,521051902.68959093,6513148783.619886,521051902.68959093
956,Логит-калибровка,0.006422446227588436,0.002177008169267421,0.04836533476244558,135829206.14685217,540900158.108266,6761251976.353325,540900158.1082659
956,Монотонный сплайн,0.30674690275021443,7.04637431247384e-06,0.04836984200687031,135861223.33836228,524709105.84490275,6558863823.061285,524709105.84490275
956,Французский сплайн,0.12163299028882284,6.931286380368358e-06,0.04834321092884526,135788851.75130725,524626214.70493186,6557827683.811647,524626214.7049318
957,Бета-калибровка,0.0033398012515272507,0.04981094835458393,0.049360502916129714,138624036.3896587,549296627.7017754,6866207846.272193,549296627.7017754
957,Изотоническая регрессия,0.5349769575275187,6.015252732784206e-05,0.04947558664029865,138967928.32061473,524107428.57970536,6551342857.246317,524107428.57970536
957,Логит-калибровка,0.006410966700474837,0.029967935099013306,0.04940832838349928,138758349.4322194,543328425.6487154,6791605320.608942,543328425.6487154
957,Монотонный сплайн,0.3464612039709829,4.270262437003603e-05,0.0495311263884936,139121163.01014078,527660526.2461822,6595756578.077277,527660526.24618226
957,Французский сплайн,0.11753873145969544,0.0005275944364263386,0.04950326944040843,139045562.67335594,527537970.21705145,6594224627.713142,527537970.21705145
958,Бета-калибровка,0.0034241744219521367,0.016649502679414924,0.04912901184992142,137973916.8793193,548511527.7772698,6856394097.215873,548511527.7772698
958,Изотоническая регрессия,0.3725921511020001,1.2030398120263713e-06,0.049159904431047494,138081605.6041538,522361965.6502772,6529524570.628465,522361965.6502772
958,Логит-калибровка,0.00642889764493702,0.008847379358696702,0.04918421824981791,138128958.53278863,542461007.6080167,6780762595.100208,542461007.6080167
958,Монотонный сплайн,0.2549672423545852,6.125836372134e-06,0.04922590906944534,138264098.03763634,525895287.3685916,6573691092.107395,525895287.3685916
958,Французский сплайн,0.12218377638219231,6.637925882669275e-05,0.04919802313486801,138188626.6402439,525825021.0805729,6572812763.50716,525825021.08057284
959,Бета-калибровка,0.00223764655933525,0.01674601668089117,0.049662108630076106,139471065.87670577,549710980.4889398,6871387256.111748,549710980.4889398
959,Изотоническая регрессия,0.49308290523733267,0.00039338647441758184,0.04978743013534814,139844666.39211172,524074317.01115453,6550928962.639432,524074317.01115453
959,Логит-калибровка,0.006436739437676109,0.022794011716851602,0.04971290741554109,139613729.18580562,543769640.1427643,6797120501.784554,543769640.1427643
959,Монотонный сплайн,0.34668816620454984,0.0002811457062891705,0.049795838699115864,139865302.41338405,527725960.5939599,6596574507.424499,527725960.5939599
959,Французский сплайн,0.11939315257475881,0.01677883982092906,0.04977594273776436,139812380.78005376,527565662.969612,6594570787.12015,527565662.969612
960,Бета-калибровка,0.0034212941572723528,0.01674207023318201,0.049046288414118185,137741596.38220954,549133281.9891639,6864166024.864548,549133281.9891639
960,Изотоническая регрессия,0.3778515432292092,1.3427444239961174e-07,0.04912159297728444,137973533.31740564,523426823.7067159,6542835296.333948,523426823.7067159
960,Логит-калибровка,0.006427914337782862,0.008903238068583534,0.04912571085371548,137964646.36157462,543049093.7675836,6788113672.094795,543049093.7675836
960,Монотонный сплайн,0.4758210983633696,7.58716782832773e-07,0.04915032555114324,138051201.62642115,527152496.88853246,6589406211.106656,527152496.8885325
960,Французский сплайн,0.2467380957231234,6.769012269146198e-05,0.04911951777187462,137967656.0099709,527037124.0044012,6587964050.055016,527037124.0044012
961,Бета-калибровка,8.809076856321108e-05,0.005205615507922309,0.049592164173991336,139274633.86623728,551094757.5201757,6888684469.002197,551094757.5201757
961,Изотоническая регрессия,0.3100717222144951,1.2902256281792432e-07,0.049692416985958665,139577711.8633663,525210371.88292456,6565129648.536557,525210371.88292456
961,Логит-калибровка,0.0005034500034688842,0.0024557846430480774,0.04968986434333477,139549015.02182138,545087799.6644199,6813597495.80525,545087799.6644199
961,Монотонный сплайн,0.2659139493927561,6.58365169783039e-07,0.049739574044922234,139707571.88257566,528858896.05182767,6610736200.647845,528858896.05182767
961,Французский сплайн,0.17242626601401984,8.092354755873564e-06,0.0497051597370046,139613508.31733164,528746311.67869335,6609328895.983666,528746311.6786933
962,Бета-калибровка,0.011376796023977589,0.048218639758085394,0.05005213679990399,140566420.98885036,549219689.8877941,6865246123.597426,549219689.8877941
962,Изотоническая регрессия,0.38330560186274987,1.1886457875777465e-06,0.05012028813712458,140778747.2043007,523229309.1591119,6540366364.488898,523229309.1591119
962,Логит-калибровка,0.030075776062595413,0.02888368049894364,0.05008915248207108,140670375.83064845,543189772.0713181,6789872150.891476,543189772.0713181
962,Монотонный сплайн,0.22788789594357664,5.756337719670232e-06,0.05021162341407436,141032708.9897462,526747113.18698424,6584338914.837303,526747113.1869843
962,Французский сплайн,0.13429902700741614,0.0004968938788633396,0.050178461300722885,140942211.6919507,526667294.104596,6583341176.307449,526667294.104596
963,Бета-калибровка,0.000374325902772521,0.005820915413137281,0.048977610817713166,137548722.22046566,547545342.0609491,6844316775.761862,547545342.0609491
963,Изотоническая регрессия,0.34164866549618506,9.364845344226326e-06,0.04907277158952679,137837140.93202704,521055988.9498552,6513199861.87319,521055988.9498552
963,Логит-калибровка,0.0020429050246022493,0.008153377242114023,0.04902689786583548,137687139.96641237,541446363.5716783,6768079544.645978,541446363.5716783
963,Монотонный сплайн,0.25274269402887084,6.19531219085947e-06,0.04906465882277258,137811408.96126777,525065412.9960496,6563317662.45062,525065412.9960496
963,Французский сплайн,0.3327826979492653,0.0004982612613360803,0.04904471668700406,137758215.19986328,524959458.95411766,6561993236.926472,524959458.9541177
964,Бета-калибровка,0.005373378028904226,0.05064325911662492,0.04969684439926721,139568617.810902,550537436.9471262,6881717961.839076,550537436.9471262
964,Изотоническая регрессия,0.46930291755428105,9.1198487208266e-07,0.04980593796863915,139897480.99112618,524920163.73847675,6561502046.73096,524920163.73847675
964,Логит-калибровка,0.020183697674446326,0.03053640850230742,0.04975893833711803,139743002.42596227,544611798.6419196,6807647483.023996,544611798.6419196
964,Монотонный сплайн,0.2316506557728286,4.663191688159468e-06,0.0498294202780739,139960469.63174015,528796712.79307675,6609958909.913459,528796712.79307675
964,Французский сплайн,0.4401653816994115,0.0005369057712842089,0.049806055849894004,139897754.53101057,528613111.2731072,6607663890.913839,528613111.2731072
965,Бета-калибровка,0.00027626144451225614,0.04643952087222326,0.04824733819321561,135497824.58182672,546198118.6655662,6827476483.319578,546198118.6655662
965,Изотоническая регрессия,0.6429560401293374,9.7745140164169e-06,0.0482503423172554,135527908.96378005,519848584.8011885,6498107310.014856,519848584.8011885
965,Логит-калибровка,0.0008709912487596409,0.027678491290918008,0.0483259546620548,135718611.0729147,539927612.6886883,6749095158.608603,539927612.6886883
965,Монотонный сплайн,0.44656872590274804,4.748067546170783e-05,0.048331165674986326,135751985.57679778,523450450.30226254,6543130628.778282,523450450.30226254
965,Французский сплайн,0.08837811204252694,0.00046686390774917035,0.04829458603757921,135652124.2292674,523413673.898101,6542670923.726263,523413673.89810103
966,Бета-калибровка,0.00412663701192398,0.0545347072015552,0.049322239817367865,138516578.30309594,548889139.9082026,6861114248.852531,548889139.9082026
966,Изотоническая регрессия,0.6111345957213303,0.0003883035274333232,0.04927350877046384,138400771.63097066,522731951.6764884,6534149395.956106,522731951.6764884
966,Логит-калибровка,0.01612541647700786,0.07211421190742277,0.04939082531783703,138709193.8226135,542790255.2251761,6784878190.3147,542790255.2251761
966,Монотонный сплайн,0.3327862956367982,0.0002835030783106169,0.049354225870579395,138624469.2027145,526565008.7853267,6582062609.816584,526565008.7853267
966,Французский сплайн,0.5386796396558304,0.003184255660440397,0.049330371275105964,138560347.3525584,526466707.64313614,6580833845.539202,526466707.64313614
967,Бета-калибровка,0.002237648537792696,0.0053961294237050515,0.04931798691888118,138504634.46298593,547969050.4017003,6849613130.021254,547969050.4017003
967,Изотоническая регрессия,0.3848889773944508,1.1901852005248126e-07,0.04936480581338801,138658127.0463189,522239762.5347401,6527997031.684252,522239762.5347401
967,Логит-калибровка,0.00643710663365091,0.002556048261302901,0.049344645873070636,138579503.4699316,541977887.8155913,6774723597.694892,541977887.8155913
967,Монотонный сплайн,0.28424421732925387,6.387934747087585e-07,0.049494497328217577,139019340.8586497,525945382.5383442,6574317281.729302,525945382.5383442
967,Французский сплайн,0.12283198672960458,8.434695421602464e-06,0.04946724236379151,138945708.54625303,525805289.0612398,6572566113.265497,525805289.0612398
968,Бета-калибровка,0.008061912583890713,0.04812787542072839,0.04958690758432944,139259871.25983077,548917364.3034327,6861467053.792908,548917364.3034327
968,Изотоническая регрессия,0.8169468596555443,8.638938700574083e-06,0.04953515646077349,139136300.60443628,522969046.76501083,6537113084.562635,522969046.76501083
968,Логит-калибровка,0.02840973060446071,0.028823569154492877,0.049654245983333165,139448984.4195929,542837931.9180671,6785474148.975839,542837931.9180671
968,Монотонный сплайн,0.6999294552278768,4.1515626246024484e-05,0.04963447857309822,139411999.66715664,526555141.48655236,6581939268.581904,526555141.48655236
968,Французский сплайн,0.2962939615070418,0.0005010582278175722,0.04961605742453162,139363331.0078001,526447647.8147926,6580595597.684907,526447647.8147926
969,Бета-калибровка,0.00043881898455711986,0.0051948330627996225,0.048554535347313646,136360557.06939566,546857925.6871332,6835724071.089164,546857925.6871332
969,Изотоническая регрессия,0.3229171195253553,1.391822324275466e-07,0.048678586550547985,136729872.46855897,520849700.1242938,6510621251.553673,520849700.12429386
969,Логит-калибровка,0.0020641368038083244,0.0024499206488746827,0.04859212715093096,136466129.8906745,540783163.7106402,6759789546.383001,540783163.7106402
969,Монотонный сплайн,0.23771415511511543,6.986251298298952e-07,0.0487584880080413,136951318.10324442,524615471.9031954,6557693398.789942,524615471.9031954
969,Французский сплайн,0.22071515920149437,8.034045982701448e-06,0.048716368010863334,136835923.42446756,524496100.9393085,6556201261.741357,524496100.9393085
970,Бета-калибровка,0.00017968811253356523,0.02353648685128988,0.049454340895641845,138887570.97132057,548316407.9328606,6853955099.160757,548316407.9328606
970,Изотоническая регрессия,0.416632576445211,9.30103651253649e-06,0.04964209792733126,139435558.6191171,522451917.6161499,6530648970.201873,522451917.6161499
970,Логит-калибровка,0.0010753116673707765,0.029451333775164977,0.04948314274328552,138968458.08024305,542349285.3749061,6779366067.186325,542349285.3749061
970,Монотонный сплайн,0.3328962921163643,5.90021437915713e-06,0.049647081697629554,139446597.51571858,526141280.8119787,6576766010.149734,526141280.8119787
970,Французский сплайн,0.2645939877745419,0.0005047102716573199,0.04962254130864089,139380497.1092552,526005689.53116775,6575071119.139597,526005689.53116775
971,Бета-калибровка,0.0026176102311936023,0.051623531862771056,0.0495849463899972,139254363.44166812,551338782.5703608,6891734782.129509,551338782.5703609
971,Изотоническая регрессия,0.5582383864050844,8.078753902202708e-06,0.04966592974139218,139501650.6857258,526048135.45374596,6575601693.1718235,526048135.45374596
971,Логит-калибровка,0.006423699954807481,0.031209113339290117,0.04965911473107356,139462657.81074697,545410346.0845816,6817629326.057272,545410346.0845816
971,Монотонный сплайн,0.6514757921813055,4.848947335044418e-06,0.04976347136948735,139773016.89074442,529759500.42643774,6621993755.330471,529759500.42643774
971,Французский сплайн,0.2754073399834971,0.0005567095746655904,0.04972777880632047,139675402.48119742,529614404.61980593,6620180057.747575,529614404.61980593
972,Бета-калибровка,0.0002765993693698341,0.017167455654611467,0.04882609944902464,137123217.6926408,547907024.7996156,6848837809.995196,547907024.7996156
972,Изотоническая регрессия,0.552392265815731,1.412124013211998e-07,0.04899867665807814,137627617.52654666,522125243.4020524,6526565542.525654,522125243.4020524
972,Логит-калибровка,0.0008722095407742139,0.009157122328851275,0.048879385986027264,137272867.60315895,541833025.9932144,6772912824.915179,541833025.9932144
972,Монотонный сплайн,0.6096032391874351,7.495767287381875e-07,0.04903616576584108,137730389.63211268,525844484.5874032,6573056057.342539,525844484.5874032
972,Французский сплайн,0.08838577744707421,6.905810497929887e-05,0.048993208711873536,137612282.78185457,525750116.05699277,6571876450.71241,525750116.05699277
973,Бета-калибровка,0.0034178245853149205,0.017832114426700255,0.04954058034568886,139129765.8428326,549929824.5466121,6874122806.832651,549929824.5466121
973,Изотоническая регрессия,0.3360848186327127,1.0380436307365987e-07,0.04957650654943893,139252308.5934443,524518341.10962826,6556479263.870353,524518341.10962826
973,Логит-калибровка,0.006426737246878839,0.009558805259979123,0.0495937403584037,139279060.42254096,543933059.6979384,6799163246.224232,543933059.6979384
973,Монотонный сплайн,0.4829199143599079,5.62064154390348e-07,0.04968648079064448,139558463.6128312,528190254.1194829,6602378176.493536,528190254.1194829
973,Французский сплайн,0.2754090411102367,7.533506592002398e-05,0.04965554747883796,139474212.19763172,528084334.5316398,6601054181.645498,528084334.5316398
974,Бета-калибровка,0.00023357545012359923,0.00557991720119349,0.0496330461798121,139389446.89138433,550521531.4198422,6881519142.748028,550521531.4198422
974,Изотоническая регрессия,0.3875248830082194,1.236758744959632e-08,0.04967293661454472,139522046.3882874,524867719.92164314,6560846499.020538,524867719.92164314
974,Логит-калибровка,0.0013524954188004366,0.0026536152492705046,0.04970087127682317,139579926.89383018,544564594.3579974,6807057429.474968,544564594.3579974
974,Монотонный сплайн,0.4435509461570257,6.351568859647968e-08,0.04971782633329259,139645833.55529606,528399425.70191467,6604992821.273932,528399425.70191467
974,Французский сплайн,0.2788286734811781,8.913372630607967e-06,0.0497003074272555,139598872.5867703,528300113.21230173,6603751415.15377,528300113.21230173
975,Бета-калибровка,0.0020672649855184044,0.0236914819942253,0.0481202122396396,135140804.05380386,546751058.7230625,6834388234.0382805,546751058.7230625
975,Изотоническая регрессия,0.6302614354208764,9.511967689838673e-06,0.04825170125268782,135530529.39804846,520904397.16475976,6511304964.559497,520904397.16475976
975,Логит-калибровка,0.008919677941585397,0.022729610378459754,0.048163622761790974,135262718.16421378,540692002.273646,6758650028.420574,540692002.273646
975,Монотонный сплайн,0.3328259407431059,4.507494339262937e-05,0.04831024846152779,135692175.12205616,524668387.2400707,6558354840.500885,524668387.2400707
975,Французский сплайн,0.34539325582584723,0.0005013615134398294,0.048272270825560834,135588205.44042712,524548390.5471503,6556854881.839378,524548390.54715025
976,Бета-калибровка,0.011381920255241285,0.016791349909921247,0.049418625208485674,138787267.03551117,548330539.284567,6854131741.057087,548330539.284567
976,Изотоническая регрессия,0.4326935108448816,8.496939524059154e-06,0.04949798110219259,139031897.3273977,522718459.8007947,6533980747.509933,522718459.8007947
976,Логит-калибровка,0.030131689116190484,0.008933112763820085,0.04945642875051668,138893434.5029511,542319547.3636466,6778994342.045582,542319547.3636466
976,Монотонный сплайн,0.33470335894922715,4.346183782882115e-05,0.049641412016691956,139431653.5999896,526407082.85025036,6580088535.62813,526407082.85025036
976,Французский сплайн,0.24706667392653509,6.808406142094784e-05,0.049606745775289514,139337373.37415892,526236645.8710093,6577958073.387616,526236645.8710093
977,Бета-калибровка,0.01652415050591941,0.017406934979564765,0.048504868857151086,136221073.6984231,548634964.2601162,6857937053.251453,548634964.2601162
977,Изотоническая регрессия,0.576721223063482,1.246431758581984e-07,0.048561240627958045,136400437.7795574,523135283.2342716,6539191040.428394,523135283.2342716
977,Логит-калибровка,0.029934948446862918,0.009301360937975041,0.048570279176483655,136404772.0392367,542594036.473817,6782425455.922712,542594036.473817
977,Монотонный сплайн,0.3870941781841831,6.583392090612953e-07,0.04867692875059869,136722627.29107285,526841050.21115166,6585513127.639396,526841050.21115166
977,Французский сплайн,0.3213808703973732,7.134624426133515e-05,0.048634978577925654,136607588.11612427,526697161.8664329,6583714523.330411,526697161.8664329
978,Бета-калибровка,0.0023830298727537023,0.016570397085476807,0.049252963718220334,138322023.30625,547587239.3835521,6844840492.294401,547587239.3835521
978,Изотоническая регрессия,0.6581079219606023,9.70045096039546e-06,0.04932132596445618,138534702.63857877,521438912.8818702,6517986411.023376,521438912.8818702
978,Логит-калибровка,0.010089296922263723,0.008800274498412284,0.04930802022962634,138476644.01288262,541488132.5366969,6768601656.708712,541488132.5366969
978,Монотонный сплайн,0.27753118911035,4.654844205858239e-05,0.04936970634583863,138667703.0931291,525068590.0984671,6563357376.230839,525068590.0984671
978,Французский сплайн,0.4456466600022734,6.444751436003335e-05,0.04934947419965699,138613702.60764068,524959526.44238836,6561994080.529854,524959526.44238836
979,Бета-калибровка,0.0016785485798111194,0.048545930277513395,0.04913758800557665,137998002.15486145,550182483.3241154,6877281041.551442,550182483.3241153
979,Изотоническая регрессия,0.3685302258340971,8.722516642059787e-06,0.049173740727835064,138120343.860052,524421470.8906139,6555268386.132673,524421470.8906139
979,Логит-калибровка,0.006416577328980166,0.029108853897808755,0.04921894226258739,138226477.45025042,544210107.5348574,6802626344.185718,544210107.5348573
979,Монотонный сплайн,0.22990186711190136,5.786263591936302e-06,0.049298486461402995,138467666.48504302,528086015.8002385,6601075197.502981,528086015.8002385
979,Французский сплайн,0.10358833105998574,0.0005137534997354052,0.0492643234846506,138374678.43032312,527970845.33208144,6599635566.651018,527970845.33208144
980,Бета-калибровка,0.003908817812963362,0.016726808293476277,0.04842665944806377,136001430.3939423,547703010.3251309,6846287629.064136,547703010.3251309
980,Изотоническая регрессия,0.5770168615253131,1.2025667548375674e-06,0.04859780894369064,136503136.2374608,521950988.57368475,6524387357.17106,521950988.57368475
980,Логит-калибровка,0.015469284572832382,0.008893868683661314,0.04848074938670714,136153336.57762834,541674555.0349858,6770931937.937322,541674555.0349858
980,Монотонный сплайн,0.506524276428553,5.927917851310308e-06,0.04861151382197089,136539081.01682025,525623255.9098284,6570290698.872854,525623255.9098284
980,Французский сплайн,0.24546479794837778,6.671655968814296e-05,0.048578104984028994,136447874.89564797,525514711.1607255,6568933889.509068,525514711.1607255
981,Бета-калибровка,0.01644445223640754,0.005845780541979036,0.048368847445739965,135839071.16661614,548135957.206004,6851699465.07505,548135957.206004
981,Изотоническая регрессия,0.16968383104210033,1.3320426889898756e-07,0.048515717581740926,136272949.6565612,522533170.795346,6531664634.941826,522533170.795346
981,Логит-калибровка,0.029903303230123236,0.008191838410182242,0.04844998667695592,136066942.58356303,542030430.6049298,6775380382.561623,542030430.6049298
981,Монотонный сплайн,0.16173438507621762,6.945531115058938e-07,0.04860863127186989,136530682.73712215,526132217.3862487,6576652717.328109,526132217.3862487
981,Французский сплайн,0.0758949927064065,6.780753064662642e-05,0.04855305744170732,136377601.7690186,526045251.0215732,6575565637.769665,526045251.0215732
982,Бета-калибровка,0.016365067786725106,0.01671416618286319,0.04856400740108159,136387158.38519752,550798686.063873,6884983575.798413,550798686.063873
982,Изотоническая регрессия,0.5140685157444589,1.1929904439250418e-07,0.048618353477234526,136561072.70546547,525360948.1984513,6567011852.480641,525360948.1984513
982,Логит-калибровка,0.029877287104293264,0.00888800670585278,0.04868109566132796,136715989.05527344,544822609.665868,6810282620.823351,544822609.665868
982,Монотонный сплайн,0.5914289119080876,6.542198770474201e-07,0.04871140905301727,136819438.3831632,528989197.444656,6612364968.058201,528989197.444656
982,Французский сплайн,0.5030103636169228,6.89040795903266e-05,0.048674578827501744,136718903.22011012,528851399.04419935,6610642488.052492,528851399.04419935
983,Бета-калибровка,0.00224071073197471,0.12125796415824204,0.04856705652203816,136395721.536492,547592487.9300456,6844906099.12557,547592487.9300456
983,Изотоническая регрессия,0.6348165376259743,5.834015691383044e-05,0.04874893285251236,136928270.2229957,521689565.24851096,6521119565.606387,521689565.24851096
983,Логит-калибровка,0.006470885023323971,0.08156097273628259,0.04862328750957555,136553640.64189202,541555638.0044725,6769445475.055907,541555638.0044725
983,Монотонный сплайн,0.5429153050979316,3.968271810654913e-05,0.048715976418171096,136832665.8516532,525527835.85270333,6569097948.158791,525527835.85270333
983,Французский сплайн,0.275471690541689,0.0032531242450040414,0.04868760156339367,136756024.88060087,525356902.55598366,6566961281.949795,525356902.55598366
984,Бета-калибровка,0.0003083561312795733,0.017162616648200516,0.04985215165927545,140004782.71990916,550856304.1749741,6885703802.187176,550856304.1749741
984,Изотоническая регрессия,0.3745785411560479,1.1699215441067872e-06,0.04992495922462276,140229946.28643054,525059369.6332104,6563242120.41513,525059369.6332104
984,Логит-калибровка,0.0017321996877237992,0.009154586966973775,0.049922326581357084,140201861.97108328,544892409.7567625,6811155121.959532,544892409.7567625
984,Монотонный сплайн,0.19097974495616127,6.986253848997561e-07,0.0499829775511835,140390326.17972863,528770497.9444555,6609631224.305694,528770497.9444555
984,Французский сплайн,0.1183696926005078,7.008734570043767e-05,0.04995382502589897,140311001.0026695,528671230.6910572,6608390383.638214,528671230.6910572
985,Бета-калибровка,0.010017186106450127,0.01664950672015932,0.049070266648613116,137808936.85596508,547904113.5893471,6848801419.866838,547904113.5893471
985,Изотоническая регрессия,0.5093774744550598,8.676452982250467e-06,0.04926912386303988,138388457.0569612,522140408.9514556,6526755111.893194,522140408.9514556
985,Логит-калибровка,0.029892399796313307,0.008848775813748771,0.04911513393933911,137934942.15523997,541851319.4844711,6773141493.555888,541851319.4844711
985,Монотонный сплайн,0.4421093836505456,4.3794183944850265e-05,0.04931944091765467,138526587.27185965,525956723.82950723,6574459047.868839,525956723.82950723
985,Французский сплайн,0.3760302267732718,6.804906111367525e-05,0.049273942750374736,138401973.78862455,525812072.02430224,6572650900.303779,525812072.02430224
986,Бета-калибровка,0.0002819218469961216,0.005907977644736255,0.04909820141543428,137887388.85510564,548867927.019315,6860849087.741438,548867927.019315
986,Изотоническая регрессия,0.3793885375443348,0.00038930294874397754,0.04925387704597555,138345039.8959177,523157582.02563894,6539469775.320486,523157582.02563894
986,Логит-калибровка,0.0008910068402709465,0.008286931788394758,0.04913756412311154,137997935.0833465,542869777.8488204,6785872223.110256,542869777.8488204
986,Монотонный сплайн,0.26102029899570645,0.0015824316684334393,0.04928232308684904,138422512.96877784,526883199.10097563,6586039988.762195,526883199.10097563
986,Французский сплайн,0.0886634002582265,0.003407764895015446,0.049244701239540105,138319267.99785462,526761607.52249753,6584520094.031219,526761607.52249753
987,Бета-калибровка,0.0005287266138301955,0.005815368037642953,0.048927836580981654,137408936.2540289,550452528.614012,6880656607.67515,550452528.614012
987,Изотоническая регрессия,0.3090208350494025,1.0661421638843235e-07,0.0489954993506433,137620488.37634665,525486824.3949438,6568585304.936797,525486824.3949438
987,Логит-калибровка,0.0027628232018048248,0.0081450637440519,0.04903442598833142,137708281.94562995,544404514.1236651,6805056426.5458145,544404514.1236651
987,Монотонный сплайн,0.44596699791555783,6.351003817137608e-08,0.04902918672261437,137712628.03442037,529145284.0872848,6614316051.091059,529145284.0872848
987,Французский сплайн,0.24938428986207223,7.392287005006634e-05,0.049000630016480175,137634886.24568534,528979383.70607257,6612242296.325907,528979383.70607257
988,Бета-калибровка,0.009160284961631557,0.005532073940995831,0.04934871283619006,138590925.12915617,547908031.9929581,6848850399.911976,547908031.9929581
988,Изотоническая регрессия,0.5523602093859312,1.0544048861492525e-07,0.04947788318155728,138974856.3270855,522392030.38919866,6529900379.864983,522392030.38919866
988,Логит-калибровка,0.030128571290894766,0.0026287422040681715,0.04935888439378668,138619490.9315105,541907468.6546472,6773843358.183091,541907468.6546471
988,Монотонный сплайн,0.36350897341465493,5.92535728453893e-07,0.049566495646356665,139220646.9449932,526165462.1602373,6577068277.002966,526165462.1602373
988,Французский сплайн,0.24697982777528676,9.096824011398437e-06,0.049531963724158266,139126599.96186545,526022964.97970355,6575287062.246294,526022964.97970355
989,Бета-калибровка,0.0015890834980781352,0.016731005434694416,0.04910171395487951,137897253.47088364,548964883.6863197,6862061046.078997,548964883.6863197
989,Изотоническая регрессия,0.33554579342183044,1.014054321366092e-06,0.049195404161446646,138181781.44700676,523662577.9332624,6545782224.16578,523662577.9332624
989,Логит-калибровка,0.007111476673311283,0.022744621381563287,0.049169893357393656,138088728.50490433,542914335.7001777,6786429196.252222,542914335.7001777
989,Монотонный сплайн,0.303804777109849,5.700847412659888e-06,0.049267063698710103,138379645.21488047,527239077.91399616,6590488473.924952,527239077.91399616
989,Французский сплайн,0.2153575021341515,0.0005116769393455562,0.04923379034277524,138289528.58342147,527054278.9403629,6588178486.754536,527054278.9403629
990,Бета-калибровка,0.002534569171203582,0.03608563943831279,0.04914560256415171,138020510.24116364,549856695.8452382,6873208698.065478,549856695.8452382
990,Изотоническая регрессия,0.379973646253403,1.0294246846686154e-06,0.04919435601922103,138178598.64438033,524425049.7962153,6555313122.452692,524425049.7962153
990,Логит-калибровка,0.010587697897230516,0.02880213406966395,0.0492272629393674,138249845.2389194,543845200.7742828,6798065009.6785345,543845200.7742828
990,Монотонный сплайн,0.4195872153003263,5.364775852312184e-06,0.04931027225553322,138501338.74153852,527954778.6143923,6599434732.679903,527954778.6143923
990,Французский сплайн,0.3535955001036619,0.0005288471021003565,0.04927631068962705,138408777.36163253,527816421.08313465,6597705263.539184,527816421.08313465
991,Бета-калибровка,0.010622720419006616,0.01651770593909473,0.04916991790340742,138088797.4399294,548835767.3992188,6860447092.490234,548835767.3992188
991,Изотоническая регрессия,0.7398263984635316,8.436239911217916e-06,0.04924880888870465,138332480.88303816,522721985.669387,6534024820.867336,522721985.669387
991,Логит-калибровка,0.03005266320561715,0.008768995391609684,0.04923378629118532,138268165.42016485,542826644.4794962,6785333055.993704,542826644.4794962
991,Монотонный сплайн,0.7464538927257819,4.339057708955295e-05,0.04931742233063149,138522324.0757271,526544240.4404654,6581803005.505817,526544240.4404654
991,Французский сплайн,0.3923062493656,6.573471222373731e-05,0.049289044482175845,138445478.33836657,526443626.8698354,6580545335.872942,526443626.8698354
992,Бета-калибровка,0.0034066234098166395,0.05443756563783449,0.04814747395074826,135217365.84328142,546346878.8635006,6829335985.793758,546346878.8635006
992,Изотоническая регрессия,0.40826255300073355,6.62149888222569e-05,0.04813132745741584,135193308.83140665,520151635.5858546,6501895444.823182,520151635.5858546
992,Логит-калибровка,0.00642316147588896,0.07188746668454837,0.048204689541896904,135378050.10946327,540195007.5293548,6752437594.116935,540195007.5293548
992,Монотонный сплайн,0.3410977655938322,4.548373255130278e-05,0.04823211896952682,135473367.05736816,523823553.48037565,6547794418.504695,523823553.48037565
992,Французский сплайн,0.21788823430428217,0.0030804295048368737,0.04820636265070312,135404020.28137064,523714095.0421976,6546426188.02747,523714095.0421976
993,Бета-калибровка,0.01137571960415492,0.051546291564917655,0.04890679801741392,137349851.55210525,549042880.74656,6863036009.332,549042880.74656
993,Изотоническая регрессия,0.4769850074362849,8.423359052332332e-06,0.04900797264192522,137653724.3675828,523637819.21533394,6545472740.191674,523637819.21533394
993,Логит-калибровка,0.030056906297020014,0.031152001017098477,0.04896089390371753,137501774.4392003,543058401.6278851,6788230020.348562,543058401.6278851
993,Монотонный сплайн,0.3649325887782967,5.3750211917505005e-06,0.0490948135116782,137894885.70334995,527483135.4579444,6593539193.224304,527483135.4579444
993,Французский сплайн,0.18337116938166934,0.0005430503781192788,0.04906265247994717,137807313.32932112,527318828.2856142,6591485353.570177,527318828.2856142
994,Бета-калибровка,0.011706362869479722,0.023569158271214995,0.048923772398649985,137397522.40436864,550157651.1788297,6876970639.735371,550157651.1788297
994,Изотоническая регрессия,0.3670300635641506,6.291488181480626e-05,0.04908996406703836,137885185.08587053,525281600.57926625,6566020007.240828,525281600.5792663
994,Логит-калибровка,0.029966278112372104,0.03214109145053294,0.049027312587609485,137688304.6710425,544113386.4537132,6801417330.671415,544113386.4537132
994,Монотонный сплайн,0.36269983645135817,4.57717036062044e-05,0.049114746044612564,137951939.58875698,528753026.94559264,6609412836.819907,528753026.94559264
994,Французский сплайн,0.12257893351831405,0.003193341900879177,0.04907109003819388,137832183.3616891,528595290.33088624,6607441129.136078,528595290.33088624
995,Бета-калибровка,0.016357600465692103,0.052535806635241426,0.04919134583588668,138148975.64550418,550058634.1445813,6875732926.807266,550058634.1445813
995,Изотоническая регрессия,0.46241951263862513,5.4804267606595275e-05,0.04928411732394237,138428531.49255973,525050071.78410125,6563125897.301266,525050071.78410125
995,Логит-калибровка,0.029875111895352295,0.03183368339075567,0.04924047957671951,138286962.8432591,544098924.5622085,6801236557.027607,544098924.5622085
995,Монотонный сплайн,0.3383527102319765,0.0002671391508477966,0.04936995565446656,138666982.20476496,528685452.4748131,6608568155.9351635,528685452.4748131
995,Французский сплайн,0.4191644202742585,0.0005714575871699387,0.04933541467607694,138572561.64385223,528572838.4612585,6607160480.76573,528572838.4612585
996,Бета-калибровка,0.011374600721637936,0.05442903039896635,0.048125532006189964,135155744.0861839,547829528.2338269,6847869102.922835,547829528.2338269
996,Изотоническая регрессия,0.4873394438599955,8.46827420917347e-06,0.04825478508899189,135539668.4439248,522469257.8436389,6530865723.0454855,522469257.8436389
996,Логит-калибровка,0.030023855906484945,0.06306569312826837,0.04820216401814556,135370957.42856002,541758881.9288485,6771986024.110607,541758881.9288485
996,Монотонный сплайн,0.385055772549129,5.546814200149324e-06,0.048303682845300296,135674163.83248562,526058519.01207495,6575731487.650936,526058519.01207495
996,Французский сплайн,0.1201399209544951,0.00255232298164933,0.04826644064735991,135572350.5615785,525954905.1502718,6574436314.378398,525954905.1502718
997,Бета-калибровка,0.0035678877749236826,0.016206651191758386,0.04839893314030556,135923563.83123416,547319507.6260717,6841493845.325895,547319507.6260717
997,Изотоническая регрессия,0.37490297825198615,1.7137802403360076e-07,0.0484573959763644,136108322.06002182,520817747.11953294,6510221838.994162,520817747.11953294
997,Логит-калибровка,0.014254697098531848,0.008583199027497811,0.048477970052099535,136145531.09431633,541167336.9513651,6764591711.892064,541167336.9513651
997,Монотонный сплайн,0.2869274202468605,8.452159045173456e-07,0.048535611740065945,136325142.46067882,524490030.9447585,6556125386.809481,524490030.9447585
997,Французский сплайн,0.10141178110709284,6.238708796160044e-05,0.048493769794399226,136210447.591161,524442002.96676326,6555525037.084541,524442002.96676326
998,Бета-калибровка,0.005362010664942475,0.005087317840638447,0.04876078717806594,136939794.71088037,548736147.8055348,6859201847.569185,548736147.8055348
998,Изотоническая регрессия,0.5416994637040404,1.4934139047605225e-08,0.048816282097485675,137116457.04257876,522914050.52273583,6536425631.534199,522914050.52273583
998,Логит-калибровка,0.020151922214235722,0.0023933238090496217,0.04884619019027566,137179640.53037018,542696315.0889869,6783703938.612335,542696315.0889869
998,Монотонный сплайн,0.3642153771330804,8.340949120930286e-08,0.04888989899101341,137320573.85438055,526649967.9613866,6583124599.517332,526649967.9613866
998,Французский сплайн,0.24766902797035054,7.856200572241522e-06,0.0488628024741292,137247058.67355374,526554493.9617006,6581931174.521257,526554493.9617006
999,Бета-калибровка,0.000280808302883974,0.054428704101171996,0.04835019192733522,135786679.00872827,548216691.7738943,6852708647.173679,548216691.7738942
999,Изотоническая регрессия,0.5347336396785112,8.642367047355825e-06,0.04842905910391253,136029458.387428,522262181.52916276,6528277269.114534,522262181.52916276
999,Логит-калибровка,0.000887195472835356,0.062066437643802486,0.04844752021422249,136060015.76962245,542119660.6450217,6776495758.062771,542119660.6450217
999,Монотонный сплайн,0.3213454906141441,6.025334911155114e-06,0.04847271582208322,136149101.04279417,525920190.20195794,6574002377.524473,525920190.20195794
999,Французский сплайн,0.08870016985458627,0.002393808453072733,0.04844083181801033,136062453.6007542,525811839.1790652,6572647989.738316,525811839.1790652
